series,query,micros
"PK point lookup (cold buffer pool)",0,18.24
"PK point lookup (cold buffer pool)",1,4.49
"PK point lookup (cold buffer pool)",2,6.82
"PK point lookup (cold buffer pool)",3,5.53
"PK point lookup (cold buffer pool)",4,6.51
"PK point lookup (cold buffer pool)",5,7.63
"PK point lookup (cold buffer pool)",6,5.73
"PK point lookup (cold buffer pool)",7,5.56
"PK point lookup (cold buffer pool)",8,5.42
"PK point lookup (cold buffer pool)",9,5.96
"PK point lookup (cold buffer pool)",10,5.25
"PK point lookup (cold buffer pool)",11,5.27
"PK point lookup (cold buffer pool)",12,5.46
"PK point lookup (cold buffer pool)",13,6.12
"PK point lookup (cold buffer pool)",14,5.61
"PK point lookup (cold buffer pool)",15,5.83
"PK point lookup (cold buffer pool)",16,5.78
"PK point lookup (cold buffer pool)",17,5.15
"PK point lookup (cold buffer pool)",18,5.44
"PK point lookup (cold buffer pool)",19,6.23
"PK point lookup (cold buffer pool)",20,6.02
"PK point lookup (cold buffer pool)",21,5.90
"PK point lookup (cold buffer pool)",22,5.03
"PK point lookup (cold buffer pool)",23,5.26
"PK point lookup (cold buffer pool)",24,5.23
"PK point lookup (cold buffer pool)",25,4.96
"PK point lookup (cold buffer pool)",26,3.46
"PK point lookup (cold buffer pool)",27,5.32
"PK point lookup (cold buffer pool)",28,6.30
"PK point lookup (cold buffer pool)",29,5.23
"PK point lookup (cold buffer pool)",30,3.37
"PK point lookup (cold buffer pool)",31,5.25
"PK point lookup (cold buffer pool)",32,5.34
"PK point lookup (cold buffer pool)",33,4.88
"PK point lookup (cold buffer pool)",34,5.67
"PK point lookup (cold buffer pool)",35,5.37
"PK point lookup (cold buffer pool)",36,5.15
"PK point lookup (cold buffer pool)",37,5.29
"PK point lookup (cold buffer pool)",38,5.49
"PK point lookup (cold buffer pool)",39,3.73
"PK point lookup (cold buffer pool)",40,3.45
"PK point lookup (cold buffer pool)",41,5.11
"PK point lookup (cold buffer pool)",42,4.65
"PK point lookup (cold buffer pool)",43,3.71
"PK point lookup (cold buffer pool)",44,5.12
"PK point lookup (cold buffer pool)",45,4.93
"PK point lookup (cold buffer pool)",46,5.15
"PK point lookup (cold buffer pool)",47,5.05
"PK point lookup (cold buffer pool)",48,5.28
"PK point lookup (cold buffer pool)",49,5.65
"PK point lookup (cold buffer pool)",50,3.26
"PK point lookup (cold buffer pool)",51,5.31
"PK point lookup (cold buffer pool)",52,4.78
"PK point lookup (cold buffer pool)",53,5.39
"PK point lookup (cold buffer pool)",54,5.05
"PK point lookup (cold buffer pool)",55,5.47
"PK point lookup (cold buffer pool)",56,4.97
"PK point lookup (cold buffer pool)",57,5.11
"PK point lookup (cold buffer pool)",58,3.40
"PK point lookup (cold buffer pool)",59,3.53
"PK point lookup (cold buffer pool)",60,4.91
"PK point lookup (cold buffer pool)",61,5.31
"PK point lookup (cold buffer pool)",62,3.76
"PK point lookup (cold buffer pool)",63,6.17
"PK point lookup (cold buffer pool)",64,3.42
"PK point lookup (cold buffer pool)",65,4.83
"PK point lookup (cold buffer pool)",66,4.94
"PK point lookup (cold buffer pool)",67,9.16
"PK point lookup (cold buffer pool)",68,7.60
"PK point lookup (cold buffer pool)",69,4.23
"PK point lookup (cold buffer pool)",70,4.06
"PK point lookup (cold buffer pool)",71,8.10
"PK point lookup (cold buffer pool)",72,4.01
"PK point lookup (cold buffer pool)",73,5.10
"PK point lookup (cold buffer pool)",74,5.11
"PK point lookup (cold buffer pool)",75,5.11
"PK point lookup (cold buffer pool)",76,5.57
"PK point lookup (cold buffer pool)",77,5.02
"PK point lookup (cold buffer pool)",78,3.50
"PK point lookup (cold buffer pool)",79,5.35
"PK point lookup (cold buffer pool)",80,5.76
"PK point lookup (cold buffer pool)",81,5.07
"PK point lookup (cold buffer pool)",82,3.44
"PK point lookup (cold buffer pool)",83,3.71
"PK point lookup (cold buffer pool)",84,4.92
"PK point lookup (cold buffer pool)",85,4.98
"PK point lookup (cold buffer pool)",86,4.78
"PK point lookup (cold buffer pool)",87,6.08
"PK point lookup (cold buffer pool)",88,3.93
"PK point lookup (cold buffer pool)",89,5.43
"PK point lookup (cold buffer pool)",90,3.33
"PK point lookup (cold buffer pool)",91,3.33
"PK point lookup (cold buffer pool)",92,4.86
"PK point lookup (cold buffer pool)",93,3.67
"PK point lookup (cold buffer pool)",94,3.56
"PK point lookup (cold buffer pool)",95,3.48
"PK point lookup (cold buffer pool)",96,4.37
"PK point lookup (cold buffer pool)",97,5.08
"PK point lookup (cold buffer pool)",98,4.65
"PK point lookup (cold buffer pool)",99,4.89
"PK point lookup (cold buffer pool)",100,4.12
"PK point lookup (cold buffer pool)",101,4.96
"PK point lookup (cold buffer pool)",102,3.62
"PK point lookup (cold buffer pool)",103,5.43
"PK point lookup (cold buffer pool)",104,5.36
"PK point lookup (cold buffer pool)",105,4.20
"PK point lookup (cold buffer pool)",106,4.96
"PK point lookup (cold buffer pool)",107,3.64
"PK point lookup (cold buffer pool)",108,3.89
"PK point lookup (cold buffer pool)",109,5.33
"PK point lookup (cold buffer pool)",110,3.70
"PK point lookup (cold buffer pool)",111,3.77
"PK point lookup (cold buffer pool)",112,5.70
"PK point lookup (cold buffer pool)",113,3.64
"PK point lookup (cold buffer pool)",114,5.07
"PK point lookup (cold buffer pool)",115,5.66
"PK point lookup (cold buffer pool)",116,5.22
"PK point lookup (cold buffer pool)",117,3.27
"PK point lookup (cold buffer pool)",118,3.77
"PK point lookup (cold buffer pool)",119,3.78
"PK point lookup (cold buffer pool)",120,3.79
"PK point lookup (cold buffer pool)",121,4.17
"PK point lookup (cold buffer pool)",122,5.48
"PK point lookup (cold buffer pool)",123,6.60
"PK point lookup (cold buffer pool)",124,5.10
"PK point lookup (cold buffer pool)",125,5.76
"PK point lookup (cold buffer pool)",126,3.49
"PK point lookup (cold buffer pool)",127,4.80
"PK point lookup (cold buffer pool)",128,3.69
"PK point lookup (cold buffer pool)",129,3.78
"PK point lookup (cold buffer pool)",130,3.54
"PK point lookup (cold buffer pool)",131,3.95
"PK point lookup (cold buffer pool)",132,3.81
"PK point lookup (cold buffer pool)",133,3.92
"PK point lookup (cold buffer pool)",134,3.67
"PK point lookup (cold buffer pool)",135,3.36
"PK point lookup (cold buffer pool)",136,5.16
"PK point lookup (cold buffer pool)",137,3.75
"PK point lookup (cold buffer pool)",138,4.97
"PK point lookup (cold buffer pool)",139,3.37
"PK point lookup (cold buffer pool)",140,4.81
"PK point lookup (cold buffer pool)",141,4.47
"PK point lookup (cold buffer pool)",142,5.69
"PK point lookup (cold buffer pool)",143,3.79
"PK point lookup (cold buffer pool)",144,4.07
"PK point lookup (cold buffer pool)",145,5.15
"PK point lookup (cold buffer pool)",146,3.71
"PK point lookup (cold buffer pool)",147,3.98
"PK point lookup (cold buffer pool)",148,4.02
"PK point lookup (cold buffer pool)",149,3.87
"PK point lookup (cold buffer pool)",150,5.84
"PK point lookup (cold buffer pool)",151,5.68
"PK point lookup (cold buffer pool)",152,4.00
"PK point lookup (cold buffer pool)",153,3.97
"PK point lookup (cold buffer pool)",154,4.51
"PK point lookup (cold buffer pool)",155,3.64
"PK point lookup (cold buffer pool)",156,3.69
"PK point lookup (cold buffer pool)",157,3.33
"PK point lookup (cold buffer pool)",158,6.87
"PK point lookup (cold buffer pool)",159,3.94
"PK point lookup (cold buffer pool)",160,5.13
"PK point lookup (cold buffer pool)",161,4.09
"PK point lookup (cold buffer pool)",162,4.04
"PK point lookup (cold buffer pool)",163,4.21
"PK point lookup (cold buffer pool)",164,4.07
"PK point lookup (cold buffer pool)",165,3.76
"PK point lookup (cold buffer pool)",166,5.28
"PK point lookup (cold buffer pool)",167,13.42
"PK point lookup (cold buffer pool)",168,4.51
"PK point lookup (cold buffer pool)",169,5.44
"PK point lookup (cold buffer pool)",170,5.85
"PK point lookup (cold buffer pool)",171,3.87
"PK point lookup (cold buffer pool)",172,3.75
"PK point lookup (cold buffer pool)",173,3.97
"PK point lookup (cold buffer pool)",174,3.43
"PK point lookup (cold buffer pool)",175,4.04
"PK point lookup (cold buffer pool)",176,3.71
"PK point lookup (cold buffer pool)",177,3.59
"PK point lookup (cold buffer pool)",178,3.81
"PK point lookup (cold buffer pool)",179,5.49
"PK point lookup (cold buffer pool)",180,3.63
"PK point lookup (cold buffer pool)",181,4.93
"PK point lookup (cold buffer pool)",182,3.98
"PK point lookup (cold buffer pool)",183,6.22
"PK point lookup (cold buffer pool)",184,3.38
"PK point lookup (cold buffer pool)",185,5.21
"PK point lookup (cold buffer pool)",186,3.85
"PK point lookup (cold buffer pool)",187,3.46
"PK point lookup (cold buffer pool)",188,4.49
"PK point lookup (cold buffer pool)",189,4.04
"PK point lookup (cold buffer pool)",190,3.85
"PK point lookup (cold buffer pool)",191,3.93
"PK point lookup (cold buffer pool)",192,4.16
"PK point lookup (cold buffer pool)",193,3.61
"PK point lookup (cold buffer pool)",194,3.70
"PK point lookup (cold buffer pool)",195,4.23
"PK point lookup (cold buffer pool)",196,4.72
"PK point lookup (cold buffer pool)",197,4.72
"PK point lookup (cold buffer pool)",198,3.29
"PK point lookup (cold buffer pool)",199,5.16
"PK point lookup (cold buffer pool)",200,6.11
"PK point lookup (cold buffer pool)",201,5.02
"PK point lookup (cold buffer pool)",202,6.33
"PK point lookup (cold buffer pool)",203,5.00
"PK point lookup (cold buffer pool)",204,4.80
"PK point lookup (cold buffer pool)",205,4.55
"PK point lookup (cold buffer pool)",206,5.24
"PK point lookup (cold buffer pool)",207,7.09
"PK point lookup (cold buffer pool)",208,46.63
"PK point lookup (cold buffer pool)",209,8.64
"PK point lookup (cold buffer pool)",210,5.75
"PK point lookup (cold buffer pool)",211,5.39
"PK point lookup (cold buffer pool)",212,5.40
"PK point lookup (cold buffer pool)",213,4.32
"PK point lookup (cold buffer pool)",214,4.80
"PK point lookup (cold buffer pool)",215,3.98
"PK point lookup (cold buffer pool)",216,3.87
"PK point lookup (cold buffer pool)",217,4.10
"PK point lookup (cold buffer pool)",218,4.09
"PK point lookup (cold buffer pool)",219,4.03
"PK point lookup (cold buffer pool)",220,4.07
"PK point lookup (cold buffer pool)",221,4.12
"PK point lookup (cold buffer pool)",222,3.57
"PK point lookup (cold buffer pool)",223,4.23
"PK point lookup (cold buffer pool)",224,4.11
"PK point lookup (cold buffer pool)",225,3.88
"PK point lookup (cold buffer pool)",226,5.73
"PK point lookup (cold buffer pool)",227,4.69
"PK point lookup (cold buffer pool)",228,3.82
"PK point lookup (cold buffer pool)",229,4.38
"PK point lookup (cold buffer pool)",230,5.01
"PK point lookup (cold buffer pool)",231,3.92
"PK point lookup (cold buffer pool)",232,4.18
"PK point lookup (cold buffer pool)",233,3.83
"PK point lookup (cold buffer pool)",234,4.05
"PK point lookup (cold buffer pool)",235,5.15
"PK point lookup (cold buffer pool)",236,5.99
"PK point lookup (cold buffer pool)",237,4.28
"PK point lookup (cold buffer pool)",238,3.86
"PK point lookup (cold buffer pool)",239,3.78
"PK point lookup (cold buffer pool)",240,4.08
"PK point lookup (cold buffer pool)",241,3.87
"PK point lookup (cold buffer pool)",242,3.80
"PK point lookup (cold buffer pool)",243,4.10
"PK point lookup (cold buffer pool)",244,4.45
"PK point lookup (cold buffer pool)",245,4.08
"PK point lookup (cold buffer pool)",246,6.75
"PK point lookup (cold buffer pool)",247,4.13
"PK point lookup (cold buffer pool)",248,3.93
"PK point lookup (cold buffer pool)",249,3.72
"PK point lookup (cold buffer pool)",250,4.14
"PK point lookup (cold buffer pool)",251,6.31
"PK point lookup (cold buffer pool)",252,5.42
"PK point lookup (cold buffer pool)",253,4.76
"PK point lookup (cold buffer pool)",254,4.10
"PK point lookup (cold buffer pool)",255,4.10
"PK point lookup (cold buffer pool)",256,3.74
"PK point lookup (cold buffer pool)",257,6.77
"PK point lookup (cold buffer pool)",258,4.02
"PK point lookup (cold buffer pool)",259,6.60
"PK point lookup (cold buffer pool)",260,7.37
"PK point lookup (cold buffer pool)",261,4.79
"PK point lookup (cold buffer pool)",262,5.19
"PK point lookup (cold buffer pool)",263,3.81
"PK point lookup (cold buffer pool)",264,6.08
"PK point lookup (cold buffer pool)",265,2.34
"PK point lookup (cold buffer pool)",266,29.45
"PK point lookup (cold buffer pool)",267,11.14
"PK point lookup (cold buffer pool)",268,6.98
"PK point lookup (cold buffer pool)",269,4.36
"PK point lookup (cold buffer pool)",270,4.49
"PK point lookup (cold buffer pool)",271,3.87
"PK point lookup (cold buffer pool)",272,4.76
"PK point lookup (cold buffer pool)",273,3.80
"PK point lookup (cold buffer pool)",274,3.89
"PK point lookup (cold buffer pool)",275,4.11
"PK point lookup (cold buffer pool)",276,5.53
"PK point lookup (cold buffer pool)",277,4.16
"PK point lookup (cold buffer pool)",278,3.83
"PK point lookup (cold buffer pool)",279,3.40
"PK point lookup (cold buffer pool)",280,3.42
"PK point lookup (cold buffer pool)",281,3.68
"PK point lookup (cold buffer pool)",282,3.54
"PK point lookup (cold buffer pool)",283,3.85
"PK point lookup (cold buffer pool)",284,5.71
"PK point lookup (cold buffer pool)",285,4.45
"PK point lookup (cold buffer pool)",286,4.01
"PK point lookup (cold buffer pool)",287,5.73
"PK point lookup (cold buffer pool)",288,4.19
"PK point lookup (cold buffer pool)",289,3.60
"PK point lookup (cold buffer pool)",290,4.19
"PK point lookup (cold buffer pool)",291,4.25
"PK point lookup (cold buffer pool)",292,4.58
"PK point lookup (cold buffer pool)",293,3.62
"PK point lookup (cold buffer pool)",294,4.07
"PK point lookup (cold buffer pool)",295,4.25
"PK point lookup (cold buffer pool)",296,3.96
"PK point lookup (cold buffer pool)",297,3.81
"PK point lookup (cold buffer pool)",298,4.27
"PK point lookup (cold buffer pool)",299,4.24
"PK point lookup (cold buffer pool)",300,4.01
"PK point lookup (cold buffer pool)",301,4.46
"PK point lookup (cold buffer pool)",302,5.53
"PK point lookup (cold buffer pool)",303,3.91
"PK point lookup (cold buffer pool)",304,3.62
"PK point lookup (cold buffer pool)",305,3.82
"PK point lookup (cold buffer pool)",306,3.95
"PK point lookup (cold buffer pool)",307,4.54
"PK point lookup (cold buffer pool)",308,4.06
"PK point lookup (cold buffer pool)",309,4.43
"PK point lookup (cold buffer pool)",310,4.17
"PK point lookup (cold buffer pool)",311,4.28
"PK point lookup (cold buffer pool)",312,4.33
"PK point lookup (cold buffer pool)",313,3.66
"PK point lookup (cold buffer pool)",314,4.17
"PK point lookup (cold buffer pool)",315,5.00
"PK point lookup (cold buffer pool)",316,4.02
"PK point lookup (cold buffer pool)",317,4.04
"PK point lookup (cold buffer pool)",318,4.31
"PK point lookup (cold buffer pool)",319,5.56
"PK point lookup (cold buffer pool)",320,3.90
"PK point lookup (cold buffer pool)",321,5.87
"PK point lookup (cold buffer pool)",322,3.79
"PK point lookup (cold buffer pool)",323,4.02
"PK point lookup (cold buffer pool)",324,4.01
"PK point lookup (cold buffer pool)",325,3.93
"PK point lookup (cold buffer pool)",326,3.88
"PK point lookup (cold buffer pool)",327,5.63
"PK point lookup (cold buffer pool)",328,3.45
"PK point lookup (cold buffer pool)",329,4.01
"PK point lookup (cold buffer pool)",330,3.78
"PK point lookup (cold buffer pool)",331,3.45
"PK point lookup (cold buffer pool)",332,3.77
"PK point lookup (cold buffer pool)",333,3.41
"PK point lookup (cold buffer pool)",334,3.98
"PK point lookup (cold buffer pool)",335,3.77
"PK point lookup (cold buffer pool)",336,4.27
"PK point lookup (cold buffer pool)",337,4.02
"PK point lookup (cold buffer pool)",338,4.10
"PK point lookup (cold buffer pool)",339,3.52
"PK point lookup (cold buffer pool)",340,3.78
"PK point lookup (cold buffer pool)",341,3.39
"PK point lookup (cold buffer pool)",342,3.75
"PK point lookup (cold buffer pool)",343,3.82
"PK point lookup (cold buffer pool)",344,5.28
"PK point lookup (cold buffer pool)",345,3.86
"PK point lookup (cold buffer pool)",346,3.43
"PK point lookup (cold buffer pool)",347,4.15
"PK point lookup (cold buffer pool)",348,4.38
"PK point lookup (cold buffer pool)",349,5.77
"PK point lookup (cold buffer pool)",350,3.98
"PK point lookup (cold buffer pool)",351,4.12
"PK point lookup (cold buffer pool)",352,3.72
"PK point lookup (cold buffer pool)",353,3.89
"PK point lookup (cold buffer pool)",354,4.21
"PK point lookup (cold buffer pool)",355,3.88
"PK point lookup (cold buffer pool)",356,3.94
"PK point lookup (cold buffer pool)",357,4.31
"PK point lookup (cold buffer pool)",358,4.40
"PK point lookup (cold buffer pool)",359,3.71
"PK point lookup (cold buffer pool)",360,4.21
"PK point lookup (cold buffer pool)",361,3.98
"PK point lookup (cold buffer pool)",362,3.88
"PK point lookup (cold buffer pool)",363,3.76
"PK point lookup (cold buffer pool)",364,4.10
"PK point lookup (cold buffer pool)",365,3.62
"PK point lookup (cold buffer pool)",366,3.57
"PK point lookup (cold buffer pool)",367,3.57
"PK point lookup (cold buffer pool)",368,3.87
"PK point lookup (cold buffer pool)",369,10.27
"PK point lookup (cold buffer pool)",370,4.22
"PK point lookup (cold buffer pool)",371,3.92
"PK point lookup (cold buffer pool)",372,3.75
"PK point lookup (cold buffer pool)",373,2.40
"PK point lookup (cold buffer pool)",374,3.81
"PK point lookup (cold buffer pool)",375,4.23
"PK point lookup (cold buffer pool)",376,3.46
"PK point lookup (cold buffer pool)",377,3.88
"PK point lookup (cold buffer pool)",378,2.39
"PK point lookup (cold buffer pool)",379,3.99
"PK point lookup (cold buffer pool)",380,3.75
"PK point lookup (cold buffer pool)",381,2.52
"PK point lookup (cold buffer pool)",382,4.06
"PK point lookup (cold buffer pool)",383,4.54
"PK point lookup (cold buffer pool)",384,3.69
"PK point lookup (cold buffer pool)",385,3.88
"PK point lookup (cold buffer pool)",386,3.54
"PK point lookup (cold buffer pool)",387,3.53
"PK point lookup (cold buffer pool)",388,3.86
"PK point lookup (cold buffer pool)",389,3.83
"PK point lookup (cold buffer pool)",390,5.63
"PK point lookup (cold buffer pool)",391,4.11
"PK point lookup (cold buffer pool)",392,3.98
"PK point lookup (cold buffer pool)",393,3.29
"PK point lookup (cold buffer pool)",394,3.73
"PK point lookup (cold buffer pool)",395,3.73
"PK point lookup (cold buffer pool)",396,3.88
"PK point lookup (cold buffer pool)",397,5.57
"PK point lookup (cold buffer pool)",398,3.93
"PK point lookup (cold buffer pool)",399,4.02
"PK point lookup (cold buffer pool)",400,3.70
"PK point lookup (cold buffer pool)",401,3.42
"PK point lookup (cold buffer pool)",402,4.37
"PK point lookup (cold buffer pool)",403,4.63
"PK point lookup (cold buffer pool)",404,4.07
"PK point lookup (cold buffer pool)",405,3.82
"PK point lookup (cold buffer pool)",406,3.51
"PK point lookup (cold buffer pool)",407,3.66
"PK point lookup (cold buffer pool)",408,4.27
"PK point lookup (cold buffer pool)",409,3.79
"PK point lookup (cold buffer pool)",410,3.75
"PK point lookup (cold buffer pool)",411,4.03
"PK point lookup (cold buffer pool)",412,3.89
"PK point lookup (cold buffer pool)",413,4.06
"PK point lookup (cold buffer pool)",414,3.89
"PK point lookup (cold buffer pool)",415,11.49
"PK point lookup (cold buffer pool)",416,3.82
"PK point lookup (cold buffer pool)",417,3.68
"PK point lookup (cold buffer pool)",418,3.71
"PK point lookup (cold buffer pool)",419,5.04
"PK point lookup (cold buffer pool)",420,3.66
"PK point lookup (cold buffer pool)",421,3.89
"PK point lookup (cold buffer pool)",422,3.96
"PK point lookup (cold buffer pool)",423,3.58
"PK point lookup (cold buffer pool)",424,3.43
"PK point lookup (cold buffer pool)",425,3.89
"PK point lookup (cold buffer pool)",426,4.41
"PK point lookup (cold buffer pool)",427,3.96
"PK point lookup (cold buffer pool)",428,3.62
"PK point lookup (cold buffer pool)",429,3.99
"PK point lookup (cold buffer pool)",430,3.74
"PK point lookup (cold buffer pool)",431,3.54
"PK point lookup (cold buffer pool)",432,3.83
"PK point lookup (cold buffer pool)",433,3.82
"PK point lookup (cold buffer pool)",434,3.87
"PK point lookup (cold buffer pool)",435,3.89
"PK point lookup (cold buffer pool)",436,3.59
"PK point lookup (cold buffer pool)",437,3.92
"PK point lookup (cold buffer pool)",438,3.47
"PK point lookup (cold buffer pool)",439,3.91
"PK point lookup (cold buffer pool)",440,3.94
"PK point lookup (cold buffer pool)",441,3.79
"PK point lookup (cold buffer pool)",442,3.73
"PK point lookup (cold buffer pool)",443,3.98
"PK point lookup (cold buffer pool)",444,4.17
"PK point lookup (cold buffer pool)",445,3.79
"PK point lookup (cold buffer pool)",446,4.01
"PK point lookup (cold buffer pool)",447,3.64
"PK point lookup (cold buffer pool)",448,3.69
"PK point lookup (cold buffer pool)",449,3.98
"PK point lookup (cold buffer pool)",450,3.88
"PK point lookup (cold buffer pool)",451,3.79
"PK point lookup (cold buffer pool)",452,5.27
"PK point lookup (cold buffer pool)",453,3.60
"PK point lookup (cold buffer pool)",454,4.04
"PK point lookup (cold buffer pool)",455,3.69
"PK point lookup (cold buffer pool)",456,3.99
"PK point lookup (cold buffer pool)",457,3.75
"PK point lookup (cold buffer pool)",458,3.52
"PK point lookup (cold buffer pool)",459,3.27
"PK point lookup (cold buffer pool)",460,3.96
"PK point lookup (cold buffer pool)",461,3.18
"PK point lookup (cold buffer pool)",462,2.17
"PK point lookup (cold buffer pool)",463,3.81
"PK point lookup (cold buffer pool)",464,2.34
"PK point lookup (cold buffer pool)",465,4.85
"PK point lookup (cold buffer pool)",466,2.42
"PK point lookup (cold buffer pool)",467,5.45
"PK point lookup (cold buffer pool)",468,3.78
"PK point lookup (cold buffer pool)",469,2.19
"PK point lookup (cold buffer pool)",470,2.26
"PK point lookup (cold buffer pool)",471,4.11
"PK point lookup (cold buffer pool)",472,3.57
"PK point lookup (cold buffer pool)",473,3.88
"PK point lookup (cold buffer pool)",474,3.72
"PK point lookup (cold buffer pool)",475,3.93
"PK point lookup (cold buffer pool)",476,3.69
"PK point lookup (cold buffer pool)",477,3.89
"PK point lookup (cold buffer pool)",478,3.85
"PK point lookup (cold buffer pool)",479,3.71
"PK point lookup (cold buffer pool)",480,4.58
"PK point lookup (cold buffer pool)",481,4.37
"PK point lookup (cold buffer pool)",482,3.75
"PK point lookup (cold buffer pool)",483,4.04
"PK point lookup (cold buffer pool)",484,3.70
"PK point lookup (cold buffer pool)",485,3.86
"PK point lookup (cold buffer pool)",486,4.11
"PK point lookup (cold buffer pool)",487,3.82
"PK point lookup (cold buffer pool)",488,3.66
"PK point lookup (cold buffer pool)",489,3.75
"PK point lookup (cold buffer pool)",490,3.54
"PK point lookup (cold buffer pool)",491,3.83
"PK point lookup (cold buffer pool)",492,5.51
"PK point lookup (cold buffer pool)",493,5.39
"PK point lookup (cold buffer pool)",494,4.20
"PK point lookup (cold buffer pool)",495,4.11
"PK point lookup (cold buffer pool)",496,4.23
"PK point lookup (cold buffer pool)",497,25.91
"PK point lookup (cold buffer pool)",498,7.51
"PK point lookup (cold buffer pool)",499,5.55
"PK point lookup (cold buffer pool)",500,47.08
"PK point lookup (cold buffer pool)",501,7.23
"PK point lookup (cold buffer pool)",502,5.73
"PK point lookup (cold buffer pool)",503,5.29
"PK point lookup (cold buffer pool)",504,3.99
"PK point lookup (cold buffer pool)",505,4.40
"PK point lookup (cold buffer pool)",506,3.85
"PK point lookup (cold buffer pool)",507,3.78
"PK point lookup (cold buffer pool)",508,3.97
"PK point lookup (cold buffer pool)",509,3.70
"PK point lookup (cold buffer pool)",510,4.00
"PK point lookup (cold buffer pool)",511,3.86
"PK point lookup (cold buffer pool)",512,3.56
"PK point lookup (cold buffer pool)",513,4.84
"PK point lookup (cold buffer pool)",514,3.91
"PK point lookup (cold buffer pool)",515,3.94
"PK point lookup (cold buffer pool)",516,3.99
"PK point lookup (cold buffer pool)",517,4.55
"PK point lookup (cold buffer pool)",518,3.62
"PK point lookup (cold buffer pool)",519,3.83
"PK point lookup (cold buffer pool)",520,3.63
"PK point lookup (cold buffer pool)",521,3.49
"PK point lookup (cold buffer pool)",522,5.76
"PK point lookup (cold buffer pool)",523,4.18
"PK point lookup (cold buffer pool)",524,4.10
"PK point lookup (cold buffer pool)",525,4.02
"PK point lookup (cold buffer pool)",526,3.79
"PK point lookup (cold buffer pool)",527,3.98
"PK point lookup (cold buffer pool)",528,4.08
"PK point lookup (cold buffer pool)",529,3.74
"PK point lookup (cold buffer pool)",530,3.55
"PK point lookup (cold buffer pool)",531,3.73
"PK point lookup (cold buffer pool)",532,4.06
"PK point lookup (cold buffer pool)",533,2.14
"PK point lookup (cold buffer pool)",534,4.05
"PK point lookup (cold buffer pool)",535,4.10
"PK point lookup (cold buffer pool)",536,3.67
"PK point lookup (cold buffer pool)",537,4.00
"PK point lookup (cold buffer pool)",538,4.29
"PK point lookup (cold buffer pool)",539,4.21
"PK point lookup (cold buffer pool)",540,3.92
"PK point lookup (cold buffer pool)",541,3.54
"PK point lookup (cold buffer pool)",542,2.20
"PK point lookup (cold buffer pool)",543,4.04
"PK point lookup (cold buffer pool)",544,3.59
"PK point lookup (cold buffer pool)",545,3.85
"PK point lookup (cold buffer pool)",546,3.82
"PK point lookup (cold buffer pool)",547,3.76
"PK point lookup (cold buffer pool)",548,4.01
"PK point lookup (cold buffer pool)",549,3.47
"PK point lookup (cold buffer pool)",550,5.51
"PK point lookup (cold buffer pool)",551,3.86
"PK point lookup (cold buffer pool)",552,3.75
"PK point lookup (cold buffer pool)",553,3.99
"PK point lookup (cold buffer pool)",554,3.75
"PK point lookup (cold buffer pool)",555,4.10
"PK point lookup (cold buffer pool)",556,3.79
"PK point lookup (cold buffer pool)",557,3.77
"PK point lookup (cold buffer pool)",558,3.77
"PK point lookup (cold buffer pool)",559,3.74
"PK point lookup (cold buffer pool)",560,3.97
"PK point lookup (cold buffer pool)",561,3.95
"PK point lookup (cold buffer pool)",562,3.81
"PK point lookup (cold buffer pool)",563,4.09
"PK point lookup (cold buffer pool)",564,4.49
"PK point lookup (cold buffer pool)",565,3.88
"PK point lookup (cold buffer pool)",566,3.66
"PK point lookup (cold buffer pool)",567,3.40
"PK point lookup (cold buffer pool)",568,3.78
"PK point lookup (cold buffer pool)",569,3.94
"PK point lookup (cold buffer pool)",570,3.62
"PK point lookup (cold buffer pool)",571,4.05
"PK point lookup (cold buffer pool)",572,4.01
"PK point lookup (cold buffer pool)",573,3.76
"PK point lookup (cold buffer pool)",574,3.52
"PK point lookup (cold buffer pool)",575,3.96
"PK point lookup (cold buffer pool)",576,4.16
"PK point lookup (cold buffer pool)",577,3.73
"PK point lookup (cold buffer pool)",578,3.45
"PK point lookup (cold buffer pool)",579,4.37
"PK point lookup (cold buffer pool)",580,3.97
"PK point lookup (cold buffer pool)",581,4.33
"PK point lookup (cold buffer pool)",582,3.79
"PK point lookup (cold buffer pool)",583,3.88
"PK point lookup (cold buffer pool)",584,4.29
"PK point lookup (cold buffer pool)",585,4.15
"PK point lookup (cold buffer pool)",586,3.54
"PK point lookup (cold buffer pool)",587,3.82
"PK point lookup (cold buffer pool)",588,3.51
"PK point lookup (cold buffer pool)",589,3.87
"PK point lookup (cold buffer pool)",590,3.62
"PK point lookup (cold buffer pool)",591,3.52
"PK point lookup (cold buffer pool)",592,3.65
"PK point lookup (cold buffer pool)",593,3.59
"PK point lookup (cold buffer pool)",594,3.69
"PK point lookup (cold buffer pool)",595,10.31
"PK point lookup (cold buffer pool)",596,4.60
"PK point lookup (cold buffer pool)",597,4.34
"PK point lookup (cold buffer pool)",598,4.11
"PK point lookup (cold buffer pool)",599,4.18
"PK point lookup (cold buffer pool)",600,4.41
"PK point lookup (cold buffer pool)",601,3.72
"PK point lookup (cold buffer pool)",602,5.29
"PK point lookup (cold buffer pool)",603,4.25
"PK point lookup (cold buffer pool)",604,3.82
"PK point lookup (cold buffer pool)",605,4.26
"PK point lookup (cold buffer pool)",606,3.93
"PK point lookup (cold buffer pool)",607,3.52
"PK point lookup (cold buffer pool)",608,4.13
"PK point lookup (cold buffer pool)",609,3.92
"PK point lookup (cold buffer pool)",610,3.81
"PK point lookup (cold buffer pool)",611,5.11
"PK point lookup (cold buffer pool)",612,3.37
"PK point lookup (cold buffer pool)",613,3.77
"PK point lookup (cold buffer pool)",614,3.68
"PK point lookup (cold buffer pool)",615,3.58
"PK point lookup (cold buffer pool)",616,4.22
"PK point lookup (cold buffer pool)",617,2.35
"PK point lookup (cold buffer pool)",618,3.71
"PK point lookup (cold buffer pool)",619,3.65
"PK point lookup (cold buffer pool)",620,4.01
"PK point lookup (cold buffer pool)",621,2.57
"PK point lookup (cold buffer pool)",622,4.01
"PK point lookup (cold buffer pool)",623,3.76
"PK point lookup (cold buffer pool)",624,4.75
"PK point lookup (cold buffer pool)",625,3.81
"PK point lookup (cold buffer pool)",626,4.38
"PK point lookup (cold buffer pool)",627,3.63
"PK point lookup (cold buffer pool)",628,3.24
"PK point lookup (cold buffer pool)",629,4.19
"PK point lookup (cold buffer pool)",630,4.13
"PK point lookup (cold buffer pool)",631,3.72
"PK point lookup (cold buffer pool)",632,3.97
"PK point lookup (cold buffer pool)",633,4.05
"PK point lookup (cold buffer pool)",634,5.31
"PK point lookup (cold buffer pool)",635,4.23
"PK point lookup (cold buffer pool)",636,3.69
"PK point lookup (cold buffer pool)",637,3.78
"PK point lookup (cold buffer pool)",638,3.85
"PK point lookup (cold buffer pool)",639,3.74
"PK point lookup (cold buffer pool)",640,3.93
"PK point lookup (cold buffer pool)",641,3.69
"PK point lookup (cold buffer pool)",642,3.28
"PK point lookup (cold buffer pool)",643,3.96
"PK point lookup (cold buffer pool)",644,4.26
"PK point lookup (cold buffer pool)",645,3.66
"PK point lookup (cold buffer pool)",646,4.21
"PK point lookup (cold buffer pool)",647,4.31
"PK point lookup (cold buffer pool)",648,3.58
"PK point lookup (cold buffer pool)",649,3.73
"PK point lookup (cold buffer pool)",650,4.00
"PK point lookup (cold buffer pool)",651,3.90
"PK point lookup (cold buffer pool)",652,4.14
"PK point lookup (cold buffer pool)",653,3.77
"PK point lookup (cold buffer pool)",654,4.34
"PK point lookup (cold buffer pool)",655,3.74
"PK point lookup (cold buffer pool)",656,3.58
"PK point lookup (cold buffer pool)",657,3.84
"PK point lookup (cold buffer pool)",658,4.13
"PK point lookup (cold buffer pool)",659,3.61
"PK point lookup (cold buffer pool)",660,3.56
"PK point lookup (cold buffer pool)",661,3.71
"PK point lookup (cold buffer pool)",662,3.61
"PK point lookup (cold buffer pool)",663,3.91
"PK point lookup (cold buffer pool)",664,3.75
"PK point lookup (cold buffer pool)",665,3.50
"PK point lookup (cold buffer pool)",666,5.49
"PK point lookup (cold buffer pool)",667,3.88
"PK point lookup (cold buffer pool)",668,4.78
"PK point lookup (cold buffer pool)",669,7.93
"PK point lookup (cold buffer pool)",670,4.21
"PK point lookup (cold buffer pool)",671,3.75
"PK point lookup (cold buffer pool)",672,2.57
"PK point lookup (cold buffer pool)",673,3.72
"PK point lookup (cold buffer pool)",674,4.05
"PK point lookup (cold buffer pool)",675,4.05
"PK point lookup (cold buffer pool)",676,4.08
"PK point lookup (cold buffer pool)",677,3.90
"PK point lookup (cold buffer pool)",678,3.74
"PK point lookup (cold buffer pool)",679,4.26
"PK point lookup (cold buffer pool)",680,3.93
"PK point lookup (cold buffer pool)",681,3.87
"PK point lookup (cold buffer pool)",682,3.87
"PK point lookup (cold buffer pool)",683,3.65
"PK point lookup (cold buffer pool)",684,3.66
"PK point lookup (cold buffer pool)",685,3.75
"PK point lookup (cold buffer pool)",686,3.50
"PK point lookup (cold buffer pool)",687,4.21
"PK point lookup (cold buffer pool)",688,3.23
"PK point lookup (cold buffer pool)",689,4.11
"PK point lookup (cold buffer pool)",690,4.25
"PK point lookup (cold buffer pool)",691,3.81
"PK point lookup (cold buffer pool)",692,3.80
"PK point lookup (cold buffer pool)",693,3.59
"PK point lookup (cold buffer pool)",694,3.55
"PK point lookup (cold buffer pool)",695,3.60
"PK point lookup (cold buffer pool)",696,3.72
"PK point lookup (cold buffer pool)",697,3.62
"PK point lookup (cold buffer pool)",698,3.61
"PK point lookup (cold buffer pool)",699,4.19
"PK point lookup (cold buffer pool)",700,3.87
"PK point lookup (cold buffer pool)",701,3.76
"PK point lookup (cold buffer pool)",702,3.81
"PK point lookup (cold buffer pool)",703,4.08
"PK point lookup (cold buffer pool)",704,3.79
"PK point lookup (cold buffer pool)",705,4.10
"PK point lookup (cold buffer pool)",706,3.68
"PK point lookup (cold buffer pool)",707,4.23
"PK point lookup (cold buffer pool)",708,3.96
"PK point lookup (cold buffer pool)",709,4.47
"PK point lookup (cold buffer pool)",710,3.71
"PK point lookup (cold buffer pool)",711,4.25
"PK point lookup (cold buffer pool)",712,4.34
"PK point lookup (cold buffer pool)",713,3.66
"PK point lookup (cold buffer pool)",714,4.43
"PK point lookup (cold buffer pool)",715,4.33
"PK point lookup (cold buffer pool)",716,4.43
"PK point lookup (cold buffer pool)",717,3.50
"PK point lookup (cold buffer pool)",718,5.61
"PK point lookup (cold buffer pool)",719,3.56
"PK point lookup (cold buffer pool)",720,4.01
"PK point lookup (cold buffer pool)",721,24.97
"PK point lookup (cold buffer pool)",722,6.82
"PK point lookup (cold buffer pool)",723,5.57
"PK point lookup (cold buffer pool)",724,4.59
"PK point lookup (cold buffer pool)",725,4.81
"PK point lookup (cold buffer pool)",726,4.14
"PK point lookup (cold buffer pool)",727,3.87
"PK point lookup (cold buffer pool)",728,3.88
"PK point lookup (cold buffer pool)",729,4.06
"PK point lookup (cold buffer pool)",730,3.77
"PK point lookup (cold buffer pool)",731,3.89
"PK point lookup (cold buffer pool)",732,3.69
"PK point lookup (cold buffer pool)",733,4.61
"PK point lookup (cold buffer pool)",734,4.38
"PK point lookup (cold buffer pool)",735,4.27
"PK point lookup (cold buffer pool)",736,3.68
"PK point lookup (cold buffer pool)",737,3.73
"PK point lookup (cold buffer pool)",738,4.15
"PK point lookup (cold buffer pool)",739,3.97
"PK point lookup (cold buffer pool)",740,3.95
"PK point lookup (cold buffer pool)",741,4.22
"PK point lookup (cold buffer pool)",742,4.20
"PK point lookup (cold buffer pool)",743,3.90
"PK point lookup (cold buffer pool)",744,3.75
"PK point lookup (cold buffer pool)",745,4.04
"PK point lookup (cold buffer pool)",746,4.17
"PK point lookup (cold buffer pool)",747,3.70
"PK point lookup (cold buffer pool)",748,5.17
"PK point lookup (cold buffer pool)",749,4.02
"PK point lookup (cold buffer pool)",750,4.03
"PK point lookup (cold buffer pool)",751,4.22
"PK point lookup (cold buffer pool)",752,3.98
"PK point lookup (cold buffer pool)",753,3.71
"PK point lookup (cold buffer pool)",754,2.37
"PK point lookup (cold buffer pool)",755,4.30
"PK point lookup (cold buffer pool)",756,3.81
"PK point lookup (cold buffer pool)",757,3.52
"PK point lookup (cold buffer pool)",758,3.45
"PK point lookup (cold buffer pool)",759,4.00
"PK point lookup (cold buffer pool)",760,3.81
"PK point lookup (cold buffer pool)",761,4.00
"PK point lookup (cold buffer pool)",762,4.47
"PK point lookup (cold buffer pool)",763,3.92
"PK point lookup (cold buffer pool)",764,4.27
"PK point lookup (cold buffer pool)",765,3.93
"PK point lookup (cold buffer pool)",766,4.22
"PK point lookup (cold buffer pool)",767,4.16
"PK point lookup (cold buffer pool)",768,3.87
"PK point lookup (cold buffer pool)",769,4.03
"PK point lookup (cold buffer pool)",770,4.05
"PK point lookup (cold buffer pool)",771,3.98
"PK point lookup (cold buffer pool)",772,4.26
"PK point lookup (cold buffer pool)",773,4.07
"PK point lookup (cold buffer pool)",774,4.24
"PK point lookup (cold buffer pool)",775,3.83
"PK point lookup (cold buffer pool)",776,4.26
"PK point lookup (cold buffer pool)",777,4.01
"PK point lookup (cold buffer pool)",778,4.24
"PK point lookup (cold buffer pool)",779,3.71
"PK point lookup (cold buffer pool)",780,4.30
"PK point lookup (cold buffer pool)",781,4.07
"PK point lookup (cold buffer pool)",782,4.02
"PK point lookup (cold buffer pool)",783,3.46
"PK point lookup (cold buffer pool)",784,3.96
"PK point lookup (cold buffer pool)",785,4.15
"PK point lookup (cold buffer pool)",786,3.77
"PK point lookup (cold buffer pool)",787,3.46
"PK point lookup (cold buffer pool)",788,4.04
"PK point lookup (cold buffer pool)",789,3.82
"PK point lookup (cold buffer pool)",790,3.62
"PK point lookup (cold buffer pool)",791,3.88
"PK point lookup (cold buffer pool)",792,4.06
"PK point lookup (cold buffer pool)",793,4.09
"PK point lookup (cold buffer pool)",794,3.65
"PK point lookup (cold buffer pool)",795,3.98
"PK point lookup (cold buffer pool)",796,2.53
"PK point lookup (cold buffer pool)",797,3.91
"PK point lookup (cold buffer pool)",798,3.92
"PK point lookup (cold buffer pool)",799,3.89
"PK point lookup (cold buffer pool)",800,4.07
"PK point lookup (cold buffer pool)",801,3.80
"PK point lookup (cold buffer pool)",802,4.35
"PK point lookup (cold buffer pool)",803,3.74
"PK point lookup (cold buffer pool)",804,3.78
"PK point lookup (cold buffer pool)",805,4.24
"PK point lookup (cold buffer pool)",806,3.97
"PK point lookup (cold buffer pool)",807,2.41
"PK point lookup (cold buffer pool)",808,3.75
"PK point lookup (cold buffer pool)",809,3.52
"PK point lookup (cold buffer pool)",810,4.06
"PK point lookup (cold buffer pool)",811,3.87
"PK point lookup (cold buffer pool)",812,3.69
"PK point lookup (cold buffer pool)",813,3.65
"PK point lookup (cold buffer pool)",814,3.42
"PK point lookup (cold buffer pool)",815,3.97
"PK point lookup (cold buffer pool)",816,3.74
"PK point lookup (cold buffer pool)",817,3.62
"PK point lookup (cold buffer pool)",818,4.06
"PK point lookup (cold buffer pool)",819,4.15
"PK point lookup (cold buffer pool)",820,3.79
"PK point lookup (cold buffer pool)",821,2.61
"PK point lookup (cold buffer pool)",822,2.71
"PK point lookup (cold buffer pool)",823,3.56
"PK point lookup (cold buffer pool)",824,3.83
"PK point lookup (cold buffer pool)",825,3.56
"PK point lookup (cold buffer pool)",826,3.93
"PK point lookup (cold buffer pool)",827,3.72
"PK point lookup (cold buffer pool)",828,3.99
"PK point lookup (cold buffer pool)",829,3.81
"PK point lookup (cold buffer pool)",830,3.48
"PK point lookup (cold buffer pool)",831,9.80
"PK point lookup (cold buffer pool)",832,4.17
"PK point lookup (cold buffer pool)",833,3.73
"PK point lookup (cold buffer pool)",834,4.02
"PK point lookup (cold buffer pool)",835,4.32
"PK point lookup (cold buffer pool)",836,4.25
"PK point lookup (cold buffer pool)",837,4.12
"PK point lookup (cold buffer pool)",838,3.97
"PK point lookup (cold buffer pool)",839,3.65
"PK point lookup (cold buffer pool)",840,3.96
"PK point lookup (cold buffer pool)",841,3.56
"PK point lookup (cold buffer pool)",842,4.04
"PK point lookup (cold buffer pool)",843,3.89
"PK point lookup (cold buffer pool)",844,3.84
"PK point lookup (cold buffer pool)",845,3.94
"PK point lookup (cold buffer pool)",846,3.93
"PK point lookup (cold buffer pool)",847,3.78
"PK point lookup (cold buffer pool)",848,3.85
"PK point lookup (cold buffer pool)",849,4.09
"PK point lookup (cold buffer pool)",850,4.54
"PK point lookup (cold buffer pool)",851,4.27
"PK point lookup (cold buffer pool)",852,3.72
"PK point lookup (cold buffer pool)",853,3.67
"PK point lookup (cold buffer pool)",854,3.73
"PK point lookup (cold buffer pool)",855,2.16
"PK point lookup (cold buffer pool)",856,3.98
"PK point lookup (cold buffer pool)",857,3.85
"PK point lookup (cold buffer pool)",858,3.99
"PK point lookup (cold buffer pool)",859,3.98
"PK point lookup (cold buffer pool)",860,3.64
"PK point lookup (cold buffer pool)",861,4.42
"PK point lookup (cold buffer pool)",862,4.15
"PK point lookup (cold buffer pool)",863,3.83
"PK point lookup (cold buffer pool)",864,3.96
"PK point lookup (cold buffer pool)",865,3.96
"PK point lookup (cold buffer pool)",866,3.69
"PK point lookup (cold buffer pool)",867,3.90
"PK point lookup (cold buffer pool)",868,4.11
"PK point lookup (cold buffer pool)",869,3.94
"PK point lookup (cold buffer pool)",870,3.68
"PK point lookup (cold buffer pool)",871,4.00
"PK point lookup (cold buffer pool)",872,2.48
"PK point lookup (cold buffer pool)",873,5.20
"PK point lookup (cold buffer pool)",874,3.76
"PK point lookup (cold buffer pool)",875,4.31
"PK point lookup (cold buffer pool)",876,4.00
"PK point lookup (cold buffer pool)",877,3.74
"PK point lookup (cold buffer pool)",878,3.61
"PK point lookup (cold buffer pool)",879,3.79
"PK point lookup (cold buffer pool)",880,4.13
"PK point lookup (cold buffer pool)",881,4.13
"PK point lookup (cold buffer pool)",882,2.04
"PK point lookup (cold buffer pool)",883,4.14
"PK point lookup (cold buffer pool)",884,3.43
"PK point lookup (cold buffer pool)",885,3.75
"PK point lookup (cold buffer pool)",886,3.90
"PK point lookup (cold buffer pool)",887,4.23
"PK point lookup (cold buffer pool)",888,3.71
"PK point lookup (cold buffer pool)",889,3.86
"PK point lookup (cold buffer pool)",890,3.82
"PK point lookup (cold buffer pool)",891,4.00
"PK point lookup (cold buffer pool)",892,3.50
"PK point lookup (cold buffer pool)",893,3.59
"PK point lookup (cold buffer pool)",894,5.18
"PK point lookup (cold buffer pool)",895,3.77
"PK point lookup (cold buffer pool)",896,3.83
"PK point lookup (cold buffer pool)",897,3.79
"PK point lookup (cold buffer pool)",898,4.10
"PK point lookup (cold buffer pool)",899,3.87
"PK point lookup (cold buffer pool)",900,3.93
"PK point lookup (cold buffer pool)",901,3.63
"PK point lookup (cold buffer pool)",902,3.96
"PK point lookup (cold buffer pool)",903,2.42
"PK point lookup (cold buffer pool)",904,3.48
"PK point lookup (cold buffer pool)",905,3.69
"PK point lookup (cold buffer pool)",906,3.78
"PK point lookup (cold buffer pool)",907,3.51
"PK point lookup (cold buffer pool)",908,3.64
"PK point lookup (cold buffer pool)",909,3.62
"PK point lookup (cold buffer pool)",910,3.68
"PK point lookup (cold buffer pool)",911,2.27
"PK point lookup (cold buffer pool)",912,3.65
"PK point lookup (cold buffer pool)",913,3.67
"PK point lookup (cold buffer pool)",914,3.66
"PK point lookup (cold buffer pool)",915,3.88
"PK point lookup (cold buffer pool)",916,2.08
"PK point lookup (cold buffer pool)",917,3.55
"PK point lookup (cold buffer pool)",918,3.65
"PK point lookup (cold buffer pool)",919,3.69
"PK point lookup (cold buffer pool)",920,4.16
"PK point lookup (cold buffer pool)",921,5.22
"PK point lookup (cold buffer pool)",922,3.78
"PK point lookup (cold buffer pool)",923,3.60
"PK point lookup (cold buffer pool)",924,2.56
"PK point lookup (cold buffer pool)",925,3.67
"PK point lookup (cold buffer pool)",926,3.56
"PK point lookup (cold buffer pool)",927,3.89
"PK point lookup (cold buffer pool)",928,3.97
"PK point lookup (cold buffer pool)",929,4.19
"PK point lookup (cold buffer pool)",930,3.56
"PK point lookup (cold buffer pool)",931,3.78
"PK point lookup (cold buffer pool)",932,2.44
"PK point lookup (cold buffer pool)",933,3.64
"PK point lookup (cold buffer pool)",934,3.88
"PK point lookup (cold buffer pool)",935,3.24
"PK point lookup (cold buffer pool)",936,3.55
"PK point lookup (cold buffer pool)",937,5.00
"PK point lookup (cold buffer pool)",938,3.87
"PK point lookup (cold buffer pool)",939,3.65
"PK point lookup (cold buffer pool)",940,3.88
"PK point lookup (cold buffer pool)",941,3.67
"PK point lookup (cold buffer pool)",942,3.70
"PK point lookup (cold buffer pool)",943,3.58
"PK point lookup (cold buffer pool)",944,3.85
"PK point lookup (cold buffer pool)",945,3.88
"PK point lookup (cold buffer pool)",946,3.58
"PK point lookup (cold buffer pool)",947,4.14
"PK point lookup (cold buffer pool)",948,3.39
"PK point lookup (cold buffer pool)",949,3.90
"PK point lookup (cold buffer pool)",950,3.64
"PK point lookup (cold buffer pool)",951,2.16
"PK point lookup (cold buffer pool)",952,4.21
"PK point lookup (cold buffer pool)",953,3.90
"PK point lookup (cold buffer pool)",954,4.11
"PK point lookup (cold buffer pool)",955,14.01
"PK point lookup (cold buffer pool)",956,6.47
"PK point lookup (cold buffer pool)",957,3.73
"PK point lookup (cold buffer pool)",958,3.95
"PK point lookup (cold buffer pool)",959,2.16
"PK point lookup (cold buffer pool)",960,25.86
"PK point lookup (cold buffer pool)",961,6.13
"PK point lookup (cold buffer pool)",962,5.07
"PK point lookup (cold buffer pool)",963,4.26
"PK point lookup (cold buffer pool)",964,3.99
"PK point lookup (cold buffer pool)",965,3.85
"PK point lookup (cold buffer pool)",966,3.81
"PK point lookup (cold buffer pool)",967,3.68
"PK point lookup (cold buffer pool)",968,3.61
"PK point lookup (cold buffer pool)",969,4.01
"PK point lookup (cold buffer pool)",970,4.08
"PK point lookup (cold buffer pool)",971,5.01
"PK point lookup (cold buffer pool)",972,3.88
"PK point lookup (cold buffer pool)",973,3.78
"PK point lookup (cold buffer pool)",974,3.68
"PK point lookup (cold buffer pool)",975,2.54
"PK point lookup (cold buffer pool)",976,3.36
"PK point lookup (cold buffer pool)",977,3.87
"PK point lookup (cold buffer pool)",978,4.93
"PK point lookup (cold buffer pool)",979,3.91
"PK point lookup (cold buffer pool)",980,3.46
"PK point lookup (cold buffer pool)",981,3.68
"PK point lookup (cold buffer pool)",982,3.46
"PK point lookup (cold buffer pool)",983,3.73
"PK point lookup (cold buffer pool)",984,3.75
"PK point lookup (cold buffer pool)",985,3.71
"PK point lookup (cold buffer pool)",986,3.90
"PK point lookup (cold buffer pool)",987,3.68
"PK point lookup (cold buffer pool)",988,4.32
"PK point lookup (cold buffer pool)",989,3.69
"PK point lookup (cold buffer pool)",990,3.40
"PK point lookup (cold buffer pool)",991,3.98
"PK point lookup (cold buffer pool)",992,3.92
"PK point lookup (cold buffer pool)",993,3.57
"PK point lookup (cold buffer pool)",994,3.57
"PK point lookup (cold buffer pool)",995,4.22
"PK point lookup (cold buffer pool)",996,5.00
"PK point lookup (cold buffer pool)",997,4.68
"PK point lookup (cold buffer pool)",998,4.89
"PK point lookup (cold buffer pool)",999,4.97
"PK point lookup (warm)",0,4.61
"PK point lookup (warm)",1,3.52
"PK point lookup (warm)",2,3.89
"PK point lookup (warm)",3,2.39
"PK point lookup (warm)",4,2.30
"PK point lookup (warm)",5,3.83
"PK point lookup (warm)",6,3.56
"PK point lookup (warm)",7,3.50
"PK point lookup (warm)",8,3.61
"PK point lookup (warm)",9,3.57
"PK point lookup (warm)",10,3.54
"PK point lookup (warm)",11,3.31
"PK point lookup (warm)",12,3.30
"PK point lookup (warm)",13,3.60
"PK point lookup (warm)",14,3.50
"PK point lookup (warm)",15,3.37
"PK point lookup (warm)",16,3.50
"PK point lookup (warm)",17,3.41
"PK point lookup (warm)",18,3.39
"PK point lookup (warm)",19,3.63
"PK point lookup (warm)",20,3.70
"PK point lookup (warm)",21,3.57
"PK point lookup (warm)",22,3.57
"PK point lookup (warm)",23,3.56
"PK point lookup (warm)",24,3.33
"PK point lookup (warm)",25,3.88
"PK point lookup (warm)",26,3.65
"PK point lookup (warm)",27,3.31
"PK point lookup (warm)",28,2.23
"PK point lookup (warm)",29,3.65
"PK point lookup (warm)",30,4.51
"PK point lookup (warm)",31,3.22
"PK point lookup (warm)",32,3.55
"PK point lookup (warm)",33,3.36
"PK point lookup (warm)",34,3.59
"PK point lookup (warm)",35,3.53
"PK point lookup (warm)",36,3.47
"PK point lookup (warm)",37,3.47
"PK point lookup (warm)",38,3.34
"PK point lookup (warm)",39,3.44
"PK point lookup (warm)",40,3.49
"PK point lookup (warm)",41,3.49
"PK point lookup (warm)",42,3.38
"PK point lookup (warm)",43,2.37
"PK point lookup (warm)",44,3.86
"PK point lookup (warm)",45,4.93
"PK point lookup (warm)",46,3.48
"PK point lookup (warm)",47,3.28
"PK point lookup (warm)",48,2.46
"PK point lookup (warm)",49,3.34
"PK point lookup (warm)",50,3.55
"PK point lookup (warm)",51,3.61
"PK point lookup (warm)",52,3.23
"PK point lookup (warm)",53,3.35
"PK point lookup (warm)",54,3.68
"PK point lookup (warm)",55,3.40
"PK point lookup (warm)",56,3.41
"PK point lookup (warm)",57,3.43
"PK point lookup (warm)",58,3.30
"PK point lookup (warm)",59,3.20
"PK point lookup (warm)",60,3.47
"PK point lookup (warm)",61,3.79
"PK point lookup (warm)",62,3.33
"PK point lookup (warm)",63,3.42
"PK point lookup (warm)",64,3.38
"PK point lookup (warm)",65,3.36
"PK point lookup (warm)",66,3.51
"PK point lookup (warm)",67,3.41
"PK point lookup (warm)",68,3.19
"PK point lookup (warm)",69,3.38
"PK point lookup (warm)",70,3.67
"PK point lookup (warm)",71,3.56
"PK point lookup (warm)",72,3.54
"PK point lookup (warm)",73,3.37
"PK point lookup (warm)",74,3.52
"PK point lookup (warm)",75,3.46
"PK point lookup (warm)",76,3.49
"PK point lookup (warm)",77,3.39
"PK point lookup (warm)",78,3.42
"PK point lookup (warm)",79,2.04
"PK point lookup (warm)",80,3.54
"PK point lookup (warm)",81,3.45
"PK point lookup (warm)",82,3.31
"PK point lookup (warm)",83,3.58
"PK point lookup (warm)",84,3.38
"PK point lookup (warm)",85,3.95
"PK point lookup (warm)",86,4.39
"PK point lookup (warm)",87,3.57
"PK point lookup (warm)",88,3.79
"PK point lookup (warm)",89,3.49
"PK point lookup (warm)",90,3.58
"PK point lookup (warm)",91,9.11
"PK point lookup (warm)",92,3.75
"PK point lookup (warm)",93,3.70
"PK point lookup (warm)",94,3.51
"PK point lookup (warm)",95,3.28
"PK point lookup (warm)",96,8.20
"PK point lookup (warm)",97,4.41
"PK point lookup (warm)",98,3.25
"PK point lookup (warm)",99,4.65
"PK point lookup (warm)",100,3.62
"PK point lookup (warm)",101,3.73
"PK point lookup (warm)",102,3.42
"PK point lookup (warm)",103,3.42
"PK point lookup (warm)",104,3.36
"PK point lookup (warm)",105,3.65
"PK point lookup (warm)",106,3.45
"PK point lookup (warm)",107,3.67
"PK point lookup (warm)",108,4.59
"PK point lookup (warm)",109,3.33
"PK point lookup (warm)",110,3.71
"PK point lookup (warm)",111,3.26
"PK point lookup (warm)",112,3.39
"PK point lookup (warm)",113,3.67
"PK point lookup (warm)",114,3.65
"PK point lookup (warm)",115,3.85
"PK point lookup (warm)",116,3.21
"PK point lookup (warm)",117,3.41
"PK point lookup (warm)",118,3.59
"PK point lookup (warm)",119,3.61
"PK point lookup (warm)",120,3.61
"PK point lookup (warm)",121,3.33
"PK point lookup (warm)",122,3.34
"PK point lookup (warm)",123,3.40
"PK point lookup (warm)",124,3.60
"PK point lookup (warm)",125,3.50
"PK point lookup (warm)",126,3.45
"PK point lookup (warm)",127,3.56
"PK point lookup (warm)",128,3.44
"PK point lookup (warm)",129,3.43
"PK point lookup (warm)",130,3.50
"PK point lookup (warm)",131,3.63
"PK point lookup (warm)",132,3.42
"PK point lookup (warm)",133,3.45
"PK point lookup (warm)",134,4.64
"PK point lookup (warm)",135,3.64
"PK point lookup (warm)",136,3.81
"PK point lookup (warm)",137,5.10
"PK point lookup (warm)",138,4.72
"PK point lookup (warm)",139,3.75
"PK point lookup (warm)",140,3.87
"PK point lookup (warm)",141,3.43
"PK point lookup (warm)",142,3.60
"PK point lookup (warm)",143,3.36
"PK point lookup (warm)",144,3.36
"PK point lookup (warm)",145,3.58
"PK point lookup (warm)",146,3.41
"PK point lookup (warm)",147,3.35
"PK point lookup (warm)",148,3.52
"PK point lookup (warm)",149,3.57
"PK point lookup (warm)",150,3.61
"PK point lookup (warm)",151,3.54
"PK point lookup (warm)",152,3.39
"PK point lookup (warm)",153,3.42
"PK point lookup (warm)",154,3.41
"PK point lookup (warm)",155,3.42
"PK point lookup (warm)",156,3.25
"PK point lookup (warm)",157,3.04
"PK point lookup (warm)",158,3.57
"PK point lookup (warm)",159,3.29
"PK point lookup (warm)",160,3.55
"PK point lookup (warm)",161,3.42
"PK point lookup (warm)",162,3.24
"PK point lookup (warm)",163,3.63
"PK point lookup (warm)",164,3.61
"PK point lookup (warm)",165,3.27
"PK point lookup (warm)",166,3.25
"PK point lookup (warm)",167,4.32
"PK point lookup (warm)",168,3.29
"PK point lookup (warm)",169,3.35
"PK point lookup (warm)",170,3.36
"PK point lookup (warm)",171,3.72
"PK point lookup (warm)",172,2.12
"PK point lookup (warm)",173,3.31
"PK point lookup (warm)",174,3.48
"PK point lookup (warm)",175,3.62
"PK point lookup (warm)",176,3.87
"PK point lookup (warm)",177,3.91
"PK point lookup (warm)",178,3.53
"PK point lookup (warm)",179,3.33
"PK point lookup (warm)",180,3.65
"PK point lookup (warm)",181,3.50
"PK point lookup (warm)",182,3.27
"PK point lookup (warm)",183,3.45
"PK point lookup (warm)",184,3.50
"PK point lookup (warm)",185,3.47
"PK point lookup (warm)",186,3.38
"PK point lookup (warm)",187,3.72
"PK point lookup (warm)",188,3.45
"PK point lookup (warm)",189,3.37
"PK point lookup (warm)",190,3.38
"PK point lookup (warm)",191,3.56
"PK point lookup (warm)",192,3.35
"PK point lookup (warm)",193,3.33
"PK point lookup (warm)",194,3.33
"PK point lookup (warm)",195,3.42
"PK point lookup (warm)",196,3.67
"PK point lookup (warm)",197,3.62
"PK point lookup (warm)",198,3.37
"PK point lookup (warm)",199,3.23
"PK point lookup (warm)",200,3.58
"PK point lookup (warm)",201,3.29
"PK point lookup (warm)",202,3.67
"PK point lookup (warm)",203,3.49
"PK point lookup (warm)",204,3.57
"PK point lookup (warm)",205,3.48
"PK point lookup (warm)",206,3.69
"PK point lookup (warm)",207,3.39
"PK point lookup (warm)",208,3.37
"PK point lookup (warm)",209,3.21
"PK point lookup (warm)",210,3.44
"PK point lookup (warm)",211,3.39
"PK point lookup (warm)",212,9.58
"PK point lookup (warm)",213,3.76
"PK point lookup (warm)",214,4.55
"PK point lookup (warm)",215,3.54
"PK point lookup (warm)",216,3.69
"PK point lookup (warm)",217,3.67
"PK point lookup (warm)",218,3.53
"PK point lookup (warm)",219,4.32
"PK point lookup (warm)",220,3.39
"PK point lookup (warm)",221,3.21
"PK point lookup (warm)",222,3.50
"PK point lookup (warm)",223,4.35
"PK point lookup (warm)",224,3.42
"PK point lookup (warm)",225,3.23
"PK point lookup (warm)",226,3.30
"PK point lookup (warm)",227,3.46
"PK point lookup (warm)",228,3.51
"PK point lookup (warm)",229,3.52
"PK point lookup (warm)",230,3.40
"PK point lookup (warm)",231,3.27
"PK point lookup (warm)",232,3.18
"PK point lookup (warm)",233,3.58
"PK point lookup (warm)",234,3.60
"PK point lookup (warm)",235,3.57
"PK point lookup (warm)",236,26.57
"PK point lookup (warm)",237,8.04
"PK point lookup (warm)",238,6.29
"PK point lookup (warm)",239,5.04
"PK point lookup (warm)",240,4.11
"PK point lookup (warm)",241,3.90
"PK point lookup (warm)",242,3.60
"PK point lookup (warm)",243,3.77
"PK point lookup (warm)",244,3.61
"PK point lookup (warm)",245,3.62
"PK point lookup (warm)",246,3.53
"PK point lookup (warm)",247,2.41
"PK point lookup (warm)",248,3.58
"PK point lookup (warm)",249,3.73
"PK point lookup (warm)",250,3.61
"PK point lookup (warm)",251,3.48
"PK point lookup (warm)",252,3.54
"PK point lookup (warm)",253,3.56
"PK point lookup (warm)",254,3.76
"PK point lookup (warm)",255,3.89
"PK point lookup (warm)",256,3.86
"PK point lookup (warm)",257,3.46
"PK point lookup (warm)",258,3.85
"PK point lookup (warm)",259,3.67
"PK point lookup (warm)",260,3.60
"PK point lookup (warm)",261,3.50
"PK point lookup (warm)",262,3.76
"PK point lookup (warm)",263,3.37
"PK point lookup (warm)",264,3.62
"PK point lookup (warm)",265,3.85
"PK point lookup (warm)",266,3.45
"PK point lookup (warm)",267,3.50
"PK point lookup (warm)",268,3.59
"PK point lookup (warm)",269,3.34
"PK point lookup (warm)",270,3.81
"PK point lookup (warm)",271,3.67
"PK point lookup (warm)",272,3.76
"PK point lookup (warm)",273,3.63
"PK point lookup (warm)",274,3.66
"PK point lookup (warm)",275,3.53
"PK point lookup (warm)",276,3.40
"PK point lookup (warm)",277,3.34
"PK point lookup (warm)",278,3.45
"PK point lookup (warm)",279,3.68
"PK point lookup (warm)",280,3.59
"PK point lookup (warm)",281,3.27
"PK point lookup (warm)",282,3.75
"PK point lookup (warm)",283,3.79
"PK point lookup (warm)",284,3.49
"PK point lookup (warm)",285,3.49
"PK point lookup (warm)",286,3.54
"PK point lookup (warm)",287,3.25
"PK point lookup (warm)",288,3.34
"PK point lookup (warm)",289,3.47
"PK point lookup (warm)",290,3.47
"PK point lookup (warm)",291,3.55
"PK point lookup (warm)",292,3.81
"PK point lookup (warm)",293,3.47
"PK point lookup (warm)",294,3.85
"PK point lookup (warm)",295,4.49
"PK point lookup (warm)",296,3.66
"PK point lookup (warm)",297,3.43
"PK point lookup (warm)",298,3.38
"PK point lookup (warm)",299,3.27
"PK point lookup (warm)",300,3.56
"PK point lookup (warm)",301,3.51
"PK point lookup (warm)",302,3.75
"PK point lookup (warm)",303,3.50
"PK point lookup (warm)",304,3.61
"PK point lookup (warm)",305,3.65
"PK point lookup (warm)",306,3.83
"PK point lookup (warm)",307,3.50
"PK point lookup (warm)",308,2.16
"PK point lookup (warm)",309,3.56
"PK point lookup (warm)",310,2.61
"PK point lookup (warm)",311,3.49
"PK point lookup (warm)",312,3.18
"PK point lookup (warm)",313,3.37
"PK point lookup (warm)",314,9.70
"PK point lookup (warm)",315,4.08
"PK point lookup (warm)",316,3.54
"PK point lookup (warm)",317,3.54
"PK point lookup (warm)",318,3.76
"PK point lookup (warm)",319,3.26
"PK point lookup (warm)",320,3.39
"PK point lookup (warm)",321,4.79
"PK point lookup (warm)",322,3.48
"PK point lookup (warm)",323,3.61
"PK point lookup (warm)",324,3.66
"PK point lookup (warm)",325,3.34
"PK point lookup (warm)",326,3.49
"PK point lookup (warm)",327,3.80
"PK point lookup (warm)",328,3.88
"PK point lookup (warm)",329,3.40
"PK point lookup (warm)",330,3.80
"PK point lookup (warm)",331,3.60
"PK point lookup (warm)",332,3.41
"PK point lookup (warm)",333,3.66
"PK point lookup (warm)",334,3.45
"PK point lookup (warm)",335,2.30
"PK point lookup (warm)",336,3.73
"PK point lookup (warm)",337,3.66
"PK point lookup (warm)",338,3.25
"PK point lookup (warm)",339,3.41
"PK point lookup (warm)",340,3.25
"PK point lookup (warm)",341,3.60
"PK point lookup (warm)",342,3.55
"PK point lookup (warm)",343,4.43
"PK point lookup (warm)",344,3.79
"PK point lookup (warm)",345,3.57
"PK point lookup (warm)",346,3.57
"PK point lookup (warm)",347,3.68
"PK point lookup (warm)",348,3.69
"PK point lookup (warm)",349,3.86
"PK point lookup (warm)",350,3.52
"PK point lookup (warm)",351,3.36
"PK point lookup (warm)",352,10.23
"PK point lookup (warm)",353,3.75
"PK point lookup (warm)",354,3.73
"PK point lookup (warm)",355,4.17
"PK point lookup (warm)",356,3.42
"PK point lookup (warm)",357,3.87
"PK point lookup (warm)",358,3.64
"PK point lookup (warm)",359,3.63
"PK point lookup (warm)",360,4.15
"PK point lookup (warm)",361,3.85
"PK point lookup (warm)",362,3.80
"PK point lookup (warm)",363,2.55
"PK point lookup (warm)",364,3.30
"PK point lookup (warm)",365,3.34
"PK point lookup (warm)",366,4.04
"PK point lookup (warm)",367,3.58
"PK point lookup (warm)",368,3.70
"PK point lookup (warm)",369,3.55
"PK point lookup (warm)",370,3.48
"PK point lookup (warm)",371,3.44
"PK point lookup (warm)",372,3.52
"PK point lookup (warm)",373,3.84
"PK point lookup (warm)",374,3.57
"PK point lookup (warm)",375,3.43
"PK point lookup (warm)",376,3.56
"PK point lookup (warm)",377,3.60
"PK point lookup (warm)",378,3.31
"PK point lookup (warm)",379,3.62
"PK point lookup (warm)",380,3.64
"PK point lookup (warm)",381,3.43
"PK point lookup (warm)",382,3.47
"PK point lookup (warm)",383,3.57
"PK point lookup (warm)",384,3.36
"PK point lookup (warm)",385,3.72
"PK point lookup (warm)",386,3.84
"PK point lookup (warm)",387,3.40
"PK point lookup (warm)",388,3.70
"PK point lookup (warm)",389,3.56
"PK point lookup (warm)",390,3.56
"PK point lookup (warm)",391,3.20
"PK point lookup (warm)",392,3.55
"PK point lookup (warm)",393,3.38
"PK point lookup (warm)",394,3.62
"PK point lookup (warm)",395,3.47
"PK point lookup (warm)",396,2.42
"PK point lookup (warm)",397,3.32
"PK point lookup (warm)",398,3.44
"PK point lookup (warm)",399,3.56
"PK point lookup (warm)",400,3.62
"PK point lookup (warm)",401,3.37
"PK point lookup (warm)",402,3.52
"PK point lookup (warm)",403,3.75
"PK point lookup (warm)",404,3.84
"PK point lookup (warm)",405,3.47
"PK point lookup (warm)",406,3.55
"PK point lookup (warm)",407,3.78
"PK point lookup (warm)",408,3.44
"PK point lookup (warm)",409,3.51
"PK point lookup (warm)",410,3.48
"PK point lookup (warm)",411,3.61
"PK point lookup (warm)",412,3.57
"PK point lookup (warm)",413,3.85
"PK point lookup (warm)",414,3.74
"PK point lookup (warm)",415,3.20
"PK point lookup (warm)",416,3.63
"PK point lookup (warm)",417,3.62
"PK point lookup (warm)",418,3.75
"PK point lookup (warm)",419,3.54
"PK point lookup (warm)",420,3.43
"PK point lookup (warm)",421,3.31
"PK point lookup (warm)",422,3.34
"PK point lookup (warm)",423,3.91
"PK point lookup (warm)",424,3.53
"PK point lookup (warm)",425,3.59
"PK point lookup (warm)",426,3.51
"PK point lookup (warm)",427,3.52
"PK point lookup (warm)",428,3.62
"PK point lookup (warm)",429,3.33
"PK point lookup (warm)",430,8.84
"PK point lookup (warm)",431,3.44
"PK point lookup (warm)",432,3.80
"PK point lookup (warm)",433,3.72
"PK point lookup (warm)",434,3.46
"PK point lookup (warm)",435,3.35
"PK point lookup (warm)",436,3.57
"PK point lookup (warm)",437,3.68
"PK point lookup (warm)",438,3.31
"PK point lookup (warm)",439,3.50
"PK point lookup (warm)",440,3.43
"PK point lookup (warm)",441,3.37
"PK point lookup (warm)",442,5.90
"PK point lookup (warm)",443,3.78
"PK point lookup (warm)",444,3.56
"PK point lookup (warm)",445,3.50
"PK point lookup (warm)",446,3.64
"PK point lookup (warm)",447,3.60
"PK point lookup (warm)",448,3.73
"PK point lookup (warm)",449,3.98
"PK point lookup (warm)",450,2.51
"PK point lookup (warm)",451,3.66
"PK point lookup (warm)",452,3.41
"PK point lookup (warm)",453,3.57
"PK point lookup (warm)",454,2.38
"PK point lookup (warm)",455,3.85
"PK point lookup (warm)",456,3.36
"PK point lookup (warm)",457,3.33
"PK point lookup (warm)",458,4.01
"PK point lookup (warm)",459,3.48
"PK point lookup (warm)",460,3.63
"PK point lookup (warm)",461,3.63
"PK point lookup (warm)",462,3.62
"PK point lookup (warm)",463,3.84
"PK point lookup (warm)",464,3.90
"PK point lookup (warm)",465,3.50
"PK point lookup (warm)",466,3.38
"PK point lookup (warm)",467,3.55
"PK point lookup (warm)",468,3.19
"PK point lookup (warm)",469,3.47
"PK point lookup (warm)",470,3.34
"PK point lookup (warm)",471,3.53
"PK point lookup (warm)",472,3.42
"PK point lookup (warm)",473,3.64
"PK point lookup (warm)",474,3.36
"PK point lookup (warm)",475,3.77
"PK point lookup (warm)",476,3.62
"PK point lookup (warm)",477,3.48
"PK point lookup (warm)",478,3.54
"PK point lookup (warm)",479,3.41
"PK point lookup (warm)",480,3.45
"PK point lookup (warm)",481,3.67
"PK point lookup (warm)",482,3.40
"PK point lookup (warm)",483,4.85
"PK point lookup (warm)",484,4.91
"PK point lookup (warm)",485,3.46
"PK point lookup (warm)",486,3.45
"PK point lookup (warm)",487,3.41
"PK point lookup (warm)",488,3.65
"PK point lookup (warm)",489,24.58
"PK point lookup (warm)",490,7.30
"PK point lookup (warm)",491,6.33
"PK point lookup (warm)",492,26.22
"PK point lookup (warm)",493,7.56
"PK point lookup (warm)",494,5.12
"PK point lookup (warm)",495,3.82
"PK point lookup (warm)",496,3.79
"PK point lookup (warm)",497,4.33
"PK point lookup (warm)",498,3.83
"PK point lookup (warm)",499,3.62
"PK point lookup (warm)",500,3.73
"PK point lookup (warm)",501,3.51
"PK point lookup (warm)",502,3.66
"PK point lookup (warm)",503,3.70
"PK point lookup (warm)",504,3.48
"PK point lookup (warm)",505,3.42
"PK point lookup (warm)",506,4.18
"PK point lookup (warm)",507,3.71
"PK point lookup (warm)",508,3.77
"PK point lookup (warm)",509,3.56
"PK point lookup (warm)",510,3.48
"PK point lookup (warm)",511,3.65
"PK point lookup (warm)",512,3.63
"PK point lookup (warm)",513,3.48
"PK point lookup (warm)",514,3.56
"PK point lookup (warm)",515,2.36
"PK point lookup (warm)",516,3.58
"PK point lookup (warm)",517,3.75
"PK point lookup (warm)",518,3.57
"PK point lookup (warm)",519,3.53
"PK point lookup (warm)",520,3.56
"PK point lookup (warm)",521,3.79
"PK point lookup (warm)",522,3.37
"PK point lookup (warm)",523,3.36
"PK point lookup (warm)",524,3.25
"PK point lookup (warm)",525,3.44
"PK point lookup (warm)",526,3.64
"PK point lookup (warm)",527,3.51
"PK point lookup (warm)",528,3.86
"PK point lookup (warm)",529,10.93
"PK point lookup (warm)",530,4.86
"PK point lookup (warm)",531,3.64
"PK point lookup (warm)",532,3.91
"PK point lookup (warm)",533,3.74
"PK point lookup (warm)",534,3.52
"PK point lookup (warm)",535,3.45
"PK point lookup (warm)",536,3.46
"PK point lookup (warm)",537,3.60
"PK point lookup (warm)",538,3.26
"PK point lookup (warm)",539,3.69
"PK point lookup (warm)",540,4.50
"PK point lookup (warm)",541,3.39
"PK point lookup (warm)",542,3.65
"PK point lookup (warm)",543,3.73
"PK point lookup (warm)",544,3.71
"PK point lookup (warm)",545,3.25
"PK point lookup (warm)",546,3.47
"PK point lookup (warm)",547,3.46
"PK point lookup (warm)",548,3.54
"PK point lookup (warm)",549,3.54
"PK point lookup (warm)",550,3.35
"PK point lookup (warm)",551,3.67
"PK point lookup (warm)",552,3.60
"PK point lookup (warm)",553,3.22
"PK point lookup (warm)",554,3.49
"PK point lookup (warm)",555,3.37
"PK point lookup (warm)",556,3.39
"PK point lookup (warm)",557,3.70
"PK point lookup (warm)",558,3.52
"PK point lookup (warm)",559,3.56
"PK point lookup (warm)",560,3.53
"PK point lookup (warm)",561,3.39
"PK point lookup (warm)",562,5.20
"PK point lookup (warm)",563,3.87
"PK point lookup (warm)",564,3.48
"PK point lookup (warm)",565,3.98
"PK point lookup (warm)",566,3.59
"PK point lookup (warm)",567,3.70
"PK point lookup (warm)",568,3.36
"PK point lookup (warm)",569,4.17
"PK point lookup (warm)",570,3.58
"PK point lookup (warm)",571,3.78
"PK point lookup (warm)",572,3.34
"PK point lookup (warm)",573,3.65
"PK point lookup (warm)",574,3.25
"PK point lookup (warm)",575,3.56
"PK point lookup (warm)",576,3.36
"PK point lookup (warm)",577,3.56
"PK point lookup (warm)",578,3.74
"PK point lookup (warm)",579,3.23
"PK point lookup (warm)",580,3.56
"PK point lookup (warm)",581,3.46
"PK point lookup (warm)",582,3.46
"PK point lookup (warm)",583,3.61
"PK point lookup (warm)",584,3.73
"PK point lookup (warm)",585,3.58
"PK point lookup (warm)",586,3.63
"PK point lookup (warm)",587,3.71
"PK point lookup (warm)",588,3.66
"PK point lookup (warm)",589,3.94
"PK point lookup (warm)",590,2.14
"PK point lookup (warm)",591,3.26
"PK point lookup (warm)",592,3.21
"PK point lookup (warm)",593,3.37
"PK point lookup (warm)",594,3.61
"PK point lookup (warm)",595,3.45
"PK point lookup (warm)",596,3.53
"PK point lookup (warm)",597,3.85
"PK point lookup (warm)",598,10.61
"PK point lookup (warm)",599,3.49
"PK point lookup (warm)",600,3.53
"PK point lookup (warm)",601,3.45
"PK point lookup (warm)",602,3.52
"PK point lookup (warm)",603,3.48
"PK point lookup (warm)",604,3.69
"PK point lookup (warm)",605,3.54
"PK point lookup (warm)",606,3.36
"PK point lookup (warm)",607,3.55
"PK point lookup (warm)",608,3.76
"PK point lookup (warm)",609,3.19
"PK point lookup (warm)",610,3.38
"PK point lookup (warm)",611,3.70
"PK point lookup (warm)",612,3.60
"PK point lookup (warm)",613,3.57
"PK point lookup (warm)",614,4.27
"PK point lookup (warm)",615,4.85
"PK point lookup (warm)",616,9.64
"PK point lookup (warm)",617,4.96
"PK point lookup (warm)",618,3.74
"PK point lookup (warm)",619,3.42
"PK point lookup (warm)",620,3.61
"PK point lookup (warm)",621,4.29
"PK point lookup (warm)",622,3.71
"PK point lookup (warm)",623,3.62
"PK point lookup (warm)",624,3.67
"PK point lookup (warm)",625,3.58
"PK point lookup (warm)",626,3.68
"PK point lookup (warm)",627,3.55
"PK point lookup (warm)",628,3.85
"PK point lookup (warm)",629,3.37
"PK point lookup (warm)",630,3.54
"PK point lookup (warm)",631,3.77
"PK point lookup (warm)",632,3.69
"PK point lookup (warm)",633,3.27
"PK point lookup (warm)",634,3.70
"PK point lookup (warm)",635,4.17
"PK point lookup (warm)",636,3.58
"PK point lookup (warm)",637,3.54
"PK point lookup (warm)",638,3.35
"PK point lookup (warm)",639,2.16
"PK point lookup (warm)",640,3.67
"PK point lookup (warm)",641,3.31
"PK point lookup (warm)",642,3.79
"PK point lookup (warm)",643,3.40
"PK point lookup (warm)",644,3.33
"PK point lookup (warm)",645,3.28
"PK point lookup (warm)",646,4.50
"PK point lookup (warm)",647,3.52
"PK point lookup (warm)",648,3.45
"PK point lookup (warm)",649,3.65
"PK point lookup (warm)",650,3.42
"PK point lookup (warm)",651,3.56
"PK point lookup (warm)",652,3.73
"PK point lookup (warm)",653,3.50
"PK point lookup (warm)",654,3.46
"PK point lookup (warm)",655,3.64
"PK point lookup (warm)",656,3.66
"PK point lookup (warm)",657,3.67
"PK point lookup (warm)",658,3.39
"PK point lookup (warm)",659,3.59
"PK point lookup (warm)",660,3.34
"PK point lookup (warm)",661,3.77
"PK point lookup (warm)",662,3.36
"PK point lookup (warm)",663,3.57
"PK point lookup (warm)",664,3.61
"PK point lookup (warm)",665,3.49
"PK point lookup (warm)",666,3.56
"PK point lookup (warm)",667,3.43
"PK point lookup (warm)",668,2.24
"PK point lookup (warm)",669,2.24
"PK point lookup (warm)",670,3.56
"PK point lookup (warm)",671,3.51
"PK point lookup (warm)",672,3.49
"PK point lookup (warm)",673,3.55
"PK point lookup (warm)",674,3.72
"PK point lookup (warm)",675,3.46
"PK point lookup (warm)",676,3.61
"PK point lookup (warm)",677,3.58
"PK point lookup (warm)",678,3.52
"PK point lookup (warm)",679,3.38
"PK point lookup (warm)",680,3.08
"PK point lookup (warm)",681,3.49
"PK point lookup (warm)",682,3.48
"PK point lookup (warm)",683,3.34
"PK point lookup (warm)",684,3.31
"PK point lookup (warm)",685,3.51
"PK point lookup (warm)",686,3.46
"PK point lookup (warm)",687,3.33
"PK point lookup (warm)",688,3.64
"PK point lookup (warm)",689,3.27
"PK point lookup (warm)",690,3.54
"PK point lookup (warm)",691,3.62
"PK point lookup (warm)",692,3.37
"PK point lookup (warm)",693,3.48
"PK point lookup (warm)",694,3.41
"PK point lookup (warm)",695,3.46
"PK point lookup (warm)",696,3.64
"PK point lookup (warm)",697,3.61
"PK point lookup (warm)",698,3.47
"PK point lookup (warm)",699,3.38
"PK point lookup (warm)",700,3.45
"PK point lookup (warm)",701,3.34
"PK point lookup (warm)",702,3.69
"PK point lookup (warm)",703,3.43
"PK point lookup (warm)",704,9.67
"PK point lookup (warm)",705,3.78
"PK point lookup (warm)",706,3.65
"PK point lookup (warm)",707,3.49
"PK point lookup (warm)",708,3.37
"PK point lookup (warm)",709,3.17
"PK point lookup (warm)",710,3.30
"PK point lookup (warm)",711,3.46
"PK point lookup (warm)",712,3.47
"PK point lookup (warm)",713,3.35
"PK point lookup (warm)",714,3.37
"PK point lookup (warm)",715,3.37
"PK point lookup (warm)",716,3.58
"PK point lookup (warm)",717,3.43
"PK point lookup (warm)",718,3.44
"PK point lookup (warm)",719,3.51
"PK point lookup (warm)",720,2.43
"PK point lookup (warm)",721,3.57
"PK point lookup (warm)",722,3.55
"PK point lookup (warm)",723,3.41
"PK point lookup (warm)",724,3.28
"PK point lookup (warm)",725,2.04
"PK point lookup (warm)",726,3.64
"PK point lookup (warm)",727,3.53
"PK point lookup (warm)",728,3.79
"PK point lookup (warm)",729,3.22
"PK point lookup (warm)",730,3.66
"PK point lookup (warm)",731,3.60
"PK point lookup (warm)",732,3.55
"PK point lookup (warm)",733,3.48
"PK point lookup (warm)",734,3.53
"PK point lookup (warm)",735,3.33
"PK point lookup (warm)",736,25.79
"PK point lookup (warm)",737,6.83
"PK point lookup (warm)",738,7.32
"PK point lookup (warm)",739,5.94
"PK point lookup (warm)",740,3.58
"PK point lookup (warm)",741,3.38
"PK point lookup (warm)",742,3.49
"PK point lookup (warm)",743,3.42
"PK point lookup (warm)",744,3.46
"PK point lookup (warm)",745,3.56
"PK point lookup (warm)",746,3.72
"PK point lookup (warm)",747,3.55
"PK point lookup (warm)",748,3.46
"PK point lookup (warm)",749,3.50
"PK point lookup (warm)",750,3.64
"PK point lookup (warm)",751,3.66
"PK point lookup (warm)",752,4.34
"PK point lookup (warm)",753,3.40
"PK point lookup (warm)",754,3.31
"PK point lookup (warm)",755,3.47
"PK point lookup (warm)",756,3.41
"PK point lookup (warm)",757,3.52
"PK point lookup (warm)",758,3.51
"PK point lookup (warm)",759,3.29
"PK point lookup (warm)",760,3.48
"PK point lookup (warm)",761,3.30
"PK point lookup (warm)",762,3.40
"PK point lookup (warm)",763,3.38
"PK point lookup (warm)",764,3.30
"PK point lookup (warm)",765,3.67
"PK point lookup (warm)",766,3.48
"PK point lookup (warm)",767,3.34
"PK point lookup (warm)",768,3.63
"PK point lookup (warm)",769,4.39
"PK point lookup (warm)",770,3.67
"PK point lookup (warm)",771,3.48
"PK point lookup (warm)",772,3.65
"PK point lookup (warm)",773,3.35
"PK point lookup (warm)",774,3.38
"PK point lookup (warm)",775,3.50
"PK point lookup (warm)",776,3.28
"PK point lookup (warm)",777,3.47
"PK point lookup (warm)",778,3.73
"PK point lookup (warm)",779,3.56
"PK point lookup (warm)",780,3.38
"PK point lookup (warm)",781,3.53
"PK point lookup (warm)",782,3.22
"PK point lookup (warm)",783,2.54
"PK point lookup (warm)",784,3.45
"PK point lookup (warm)",785,3.67
"PK point lookup (warm)",786,3.48
"PK point lookup (warm)",787,3.39
"PK point lookup (warm)",788,2.37
"PK point lookup (warm)",789,3.42
"PK point lookup (warm)",790,3.14
"PK point lookup (warm)",791,3.65
"PK point lookup (warm)",792,3.51
"PK point lookup (warm)",793,3.47
"PK point lookup (warm)",794,3.35
"PK point lookup (warm)",795,3.37
"PK point lookup (warm)",796,3.44
"PK point lookup (warm)",797,3.42
"PK point lookup (warm)",798,3.42
"PK point lookup (warm)",799,3.39
"PK point lookup (warm)",800,3.55
"PK point lookup (warm)",801,3.38
"PK point lookup (warm)",802,3.29
"PK point lookup (warm)",803,9.47
"PK point lookup (warm)",804,3.75
"PK point lookup (warm)",805,3.77
"PK point lookup (warm)",806,3.61
"PK point lookup (warm)",807,3.54
"PK point lookup (warm)",808,3.75
"PK point lookup (warm)",809,3.60
"PK point lookup (warm)",810,3.40
"PK point lookup (warm)",811,3.29
"PK point lookup (warm)",812,3.67
"PK point lookup (warm)",813,3.33
"PK point lookup (warm)",814,3.31
"PK point lookup (warm)",815,3.40
"PK point lookup (warm)",816,3.66
"PK point lookup (warm)",817,3.39
"PK point lookup (warm)",818,3.34
"PK point lookup (warm)",819,3.46
"PK point lookup (warm)",820,3.53
"PK point lookup (warm)",821,3.47
"PK point lookup (warm)",822,3.40
"PK point lookup (warm)",823,3.69
"PK point lookup (warm)",824,3.36
"PK point lookup (warm)",825,3.55
"PK point lookup (warm)",826,3.39
"PK point lookup (warm)",827,3.49
"PK point lookup (warm)",828,2.97
"PK point lookup (warm)",829,3.46
"PK point lookup (warm)",830,4.89
"PK point lookup (warm)",831,3.67
"PK point lookup (warm)",832,3.61
"PK point lookup (warm)",833,3.44
"PK point lookup (warm)",834,3.41
"PK point lookup (warm)",835,3.35
"PK point lookup (warm)",836,3.31
"PK point lookup (warm)",837,3.61
"PK point lookup (warm)",838,3.62
"PK point lookup (warm)",839,3.38
"PK point lookup (warm)",840,3.71
"PK point lookup (warm)",841,3.21
"PK point lookup (warm)",842,3.65
"PK point lookup (warm)",843,3.49
"PK point lookup (warm)",844,3.52
"PK point lookup (warm)",845,3.35
"PK point lookup (warm)",846,3.54
"PK point lookup (warm)",847,3.37
"PK point lookup (warm)",848,3.50
"PK point lookup (warm)",849,3.54
"PK point lookup (warm)",850,3.74
"PK point lookup (warm)",851,3.68
"PK point lookup (warm)",852,3.57
"PK point lookup (warm)",853,3.73
"PK point lookup (warm)",854,3.42
"PK point lookup (warm)",855,3.49
"PK point lookup (warm)",856,9.51
"PK point lookup (warm)",857,3.68
"PK point lookup (warm)",858,3.28
"PK point lookup (warm)",859,3.16
"PK point lookup (warm)",860,3.58
"PK point lookup (warm)",861,3.17
"PK point lookup (warm)",862,3.36
"PK point lookup (warm)",863,3.31
"PK point lookup (warm)",864,3.38
"PK point lookup (warm)",865,3.33
"PK point lookup (warm)",866,3.39
"PK point lookup (warm)",867,3.57
"PK point lookup (warm)",868,3.79
"PK point lookup (warm)",869,3.77
"PK point lookup (warm)",870,4.78
"PK point lookup (warm)",871,3.93
"PK point lookup (warm)",872,3.10
"PK point lookup (warm)",873,3.63
"PK point lookup (warm)",874,3.25
"PK point lookup (warm)",875,3.56
"PK point lookup (warm)",876,3.42
"PK point lookup (warm)",877,3.51
"PK point lookup (warm)",878,2.43
"PK point lookup (warm)",879,3.42
"PK point lookup (warm)",880,3.20
"PK point lookup (warm)",881,3.34
"PK point lookup (warm)",882,3.47
"PK point lookup (warm)",883,3.40
"PK point lookup (warm)",884,3.62
"PK point lookup (warm)",885,3.40
"PK point lookup (warm)",886,3.35
"PK point lookup (warm)",887,3.51
"PK point lookup (warm)",888,3.26
"PK point lookup (warm)",889,3.38
"PK point lookup (warm)",890,3.47
"PK point lookup (warm)",891,3.42
"PK point lookup (warm)",892,3.42
"PK point lookup (warm)",893,3.41
"PK point lookup (warm)",894,3.27
"PK point lookup (warm)",895,3.48
"PK point lookup (warm)",896,3.33
"PK point lookup (warm)",897,3.61
"PK point lookup (warm)",898,9.41
"PK point lookup (warm)",899,4.15
"PK point lookup (warm)",900,3.63
"PK point lookup (warm)",901,3.33
"PK point lookup (warm)",902,3.80
"PK point lookup (warm)",903,3.65
"PK point lookup (warm)",904,3.46
"PK point lookup (warm)",905,3.66
"PK point lookup (warm)",906,2.31
"PK point lookup (warm)",907,3.06
"PK point lookup (warm)",908,3.41
"PK point lookup (warm)",909,3.46
"PK point lookup (warm)",910,3.59
"PK point lookup (warm)",911,3.60
"PK point lookup (warm)",912,3.66
"PK point lookup (warm)",913,3.76
"PK point lookup (warm)",914,3.41
"PK point lookup (warm)",915,3.52
"PK point lookup (warm)",916,3.51
"PK point lookup (warm)",917,3.66
"PK point lookup (warm)",918,3.46
"PK point lookup (warm)",919,3.63
"PK point lookup (warm)",920,3.46
"PK point lookup (warm)",921,3.69
"PK point lookup (warm)",922,3.83
"PK point lookup (warm)",923,3.44
"PK point lookup (warm)",924,3.17
"PK point lookup (warm)",925,3.72
"PK point lookup (warm)",926,3.39
"PK point lookup (warm)",927,3.54
"PK point lookup (warm)",928,3.32
"PK point lookup (warm)",929,3.46
"PK point lookup (warm)",930,3.44
"PK point lookup (warm)",931,3.24
"PK point lookup (warm)",932,4.58
"PK point lookup (warm)",933,3.29
"PK point lookup (warm)",934,3.72
"PK point lookup (warm)",935,3.34
"PK point lookup (warm)",936,3.52
"PK point lookup (warm)",937,3.60
"PK point lookup (warm)",938,3.61
"PK point lookup (warm)",939,3.36
"PK point lookup (warm)",940,3.58
"PK point lookup (warm)",941,3.18
"PK point lookup (warm)",942,3.30
"PK point lookup (warm)",943,3.30
"PK point lookup (warm)",944,3.65
"PK point lookup (warm)",945,3.55
"PK point lookup (warm)",946,3.44
"PK point lookup (warm)",947,3.24
"PK point lookup (warm)",948,3.52
"PK point lookup (warm)",949,3.90
"PK point lookup (warm)",950,3.72
"PK point lookup (warm)",951,3.63
"PK point lookup (warm)",952,3.32
"PK point lookup (warm)",953,3.19
"PK point lookup (warm)",954,3.16
"PK point lookup (warm)",955,3.80
"PK point lookup (warm)",956,3.27
"PK point lookup (warm)",957,3.44
"PK point lookup (warm)",958,3.41
"PK point lookup (warm)",959,3.41
"PK point lookup (warm)",960,3.31
"PK point lookup (warm)",961,3.54
"PK point lookup (warm)",962,3.44
"PK point lookup (warm)",963,3.28
"PK point lookup (warm)",964,3.68
"PK point lookup (warm)",965,3.53
"PK point lookup (warm)",966,3.62
"PK point lookup (warm)",967,3.06
"PK point lookup (warm)",968,3.28
"PK point lookup (warm)",969,3.48
"PK point lookup (warm)",970,3.47
"PK point lookup (warm)",971,3.35
"PK point lookup (warm)",972,3.46
"PK point lookup (warm)",973,3.41
"PK point lookup (warm)",974,3.48
"PK point lookup (warm)",975,3.63
"PK point lookup (warm)",976,3.60
"PK point lookup (warm)",977,3.50
"PK point lookup (warm)",978,3.40
"PK point lookup (warm)",979,3.58
"PK point lookup (warm)",980,3.35
"PK point lookup (warm)",981,3.50
"PK point lookup (warm)",982,3.43
"PK point lookup (warm)",983,3.64
"PK point lookup (warm)",984,3.47
"PK point lookup (warm)",985,3.18
"PK point lookup (warm)",986,3.52
"PK point lookup (warm)",987,3.37
"PK point lookup (warm)",988,5.06
"PK point lookup (warm)",989,3.12
"PK point lookup (warm)",990,3.70
"PK point lookup (warm)",991,3.29
"PK point lookup (warm)",992,3.36
"PK point lookup (warm)",993,3.34
"PK point lookup (warm)",994,2.61
"PK point lookup (warm)",995,3.19
"PK point lookup (warm)",996,3.44
"PK point lookup (warm)",997,3.61
"PK point lookup (warm)",998,26.79
"PK point lookup (warm)",999,7.28
"PK point lookup (warm)",1000,5.31
"PK point lookup (warm)",1001,5.46
"PK point lookup (warm)",1002,3.70
"PK point lookup (warm)",1003,3.66
"PK point lookup (warm)",1004,3.58
"PK point lookup (warm)",1005,3.98
"PK point lookup (warm)",1006,10.58
"PK point lookup (warm)",1007,3.95
"PK point lookup (warm)",1008,4.02
"PK point lookup (warm)",1009,3.84
"PK point lookup (warm)",1010,3.51
"PK point lookup (warm)",1011,3.29
"PK point lookup (warm)",1012,3.55
"PK point lookup (warm)",1013,3.73
"PK point lookup (warm)",1014,3.71
"PK point lookup (warm)",1015,3.90
"PK point lookup (warm)",1016,3.49
"PK point lookup (warm)",1017,3.33
"PK point lookup (warm)",1018,3.60
"PK point lookup (warm)",1019,3.51
"PK point lookup (warm)",1020,3.45
"PK point lookup (warm)",1021,3.58
"PK point lookup (warm)",1022,3.83
"PK point lookup (warm)",1023,3.62
"PK point lookup (warm)",1024,3.76
"PK point lookup (warm)",1025,3.70
"PK point lookup (warm)",1026,3.43
"PK point lookup (warm)",1027,5.67
"PK point lookup (warm)",1028,3.70
"PK point lookup (warm)",1029,3.74
"PK point lookup (warm)",1030,3.81
"PK point lookup (warm)",1031,3.38
"PK point lookup (warm)",1032,3.39
"PK point lookup (warm)",1033,3.41
"PK point lookup (warm)",1034,3.42
"PK point lookup (warm)",1035,3.60
"PK point lookup (warm)",1036,3.54
"PK point lookup (warm)",1037,3.73
"PK point lookup (warm)",1038,3.61
"PK point lookup (warm)",1039,3.75
"PK point lookup (warm)",1040,2.59
"PK point lookup (warm)",1041,3.45
"PK point lookup (warm)",1042,3.51
"PK point lookup (warm)",1043,3.71
"PK point lookup (warm)",1044,2.39
"PK point lookup (warm)",1045,3.37
"PK point lookup (warm)",1046,3.54
"PK point lookup (warm)",1047,3.49
"PK point lookup (warm)",1048,3.68
"PK point lookup (warm)",1049,3.67
"PK point lookup (warm)",1050,3.46
"PK point lookup (warm)",1051,3.65
"PK point lookup (warm)",1052,3.85
"PK point lookup (warm)",1053,3.46
"PK point lookup (warm)",1054,3.62
"PK point lookup (warm)",1055,3.79
"PK point lookup (warm)",1056,3.62
"PK point lookup (warm)",1057,4.07
"PK point lookup (warm)",1058,3.47
"PK point lookup (warm)",1059,3.41
"PK point lookup (warm)",1060,3.56
"PK point lookup (warm)",1061,3.60
"PK point lookup (warm)",1062,3.45
"PK point lookup (warm)",1063,3.64
"PK point lookup (warm)",1064,3.60
"PK point lookup (warm)",1065,3.56
"PK point lookup (warm)",1066,3.64
"PK point lookup (warm)",1067,3.72
"PK point lookup (warm)",1068,3.79
"PK point lookup (warm)",1069,3.83
"PK point lookup (warm)",1070,3.27
"PK point lookup (warm)",1071,3.56
"PK point lookup (warm)",1072,3.58
"PK point lookup (warm)",1073,3.64
"PK point lookup (warm)",1074,3.37
"PK point lookup (warm)",1075,3.34
"PK point lookup (warm)",1076,3.94
"PK point lookup (warm)",1077,3.43
"PK point lookup (warm)",1078,3.38
"PK point lookup (warm)",1079,4.52
"PK point lookup (warm)",1080,3.35
"PK point lookup (warm)",1081,3.68
"PK point lookup (warm)",1082,3.55
"PK point lookup (warm)",1083,3.56
"PK point lookup (warm)",1084,3.32
"PK point lookup (warm)",1085,3.59
"PK point lookup (warm)",1086,3.62
"PK point lookup (warm)",1087,3.46
"PK point lookup (warm)",1088,3.75
"PK point lookup (warm)",1089,3.61
"PK point lookup (warm)",1090,3.39
"PK point lookup (warm)",1091,3.54
"PK point lookup (warm)",1092,9.78
"PK point lookup (warm)",1093,3.69
"PK point lookup (warm)",1094,3.79
"PK point lookup (warm)",1095,3.63
"PK point lookup (warm)",1096,3.54
"PK point lookup (warm)",1097,3.34
"PK point lookup (warm)",1098,3.45
"PK point lookup (warm)",1099,3.75
"PK point lookup (warm)",1100,3.57
"PK point lookup (warm)",1101,3.86
"PK point lookup (warm)",1102,3.67
"PK point lookup (warm)",1103,3.58
"PK point lookup (warm)",1104,3.36
"PK point lookup (warm)",1105,4.38
"PK point lookup (warm)",1106,4.87
"PK point lookup (warm)",1107,3.73
"PK point lookup (warm)",1108,3.66
"PK point lookup (warm)",1109,3.45
"PK point lookup (warm)",1110,3.44
"PK point lookup (warm)",1111,10.11
"PK point lookup (warm)",1112,3.47
"PK point lookup (warm)",1113,3.36
"PK point lookup (warm)",1114,3.59
"PK point lookup (warm)",1115,3.45
"PK point lookup (warm)",1116,3.52
"PK point lookup (warm)",1117,3.50
"PK point lookup (warm)",1118,3.50
"PK point lookup (warm)",1119,3.32
"PK point lookup (warm)",1120,3.40
"PK point lookup (warm)",1121,3.45
"PK point lookup (warm)",1122,3.41
"PK point lookup (warm)",1123,3.45
"PK point lookup (warm)",1124,3.54
"PK point lookup (warm)",1125,3.67
"PK point lookup (warm)",1126,5.24
"PK point lookup (warm)",1127,4.54
"PK point lookup (warm)",1128,3.69
"PK point lookup (warm)",1129,3.08
"PK point lookup (warm)",1130,3.38
"PK point lookup (warm)",1131,3.36
"PK point lookup (warm)",1132,3.44
"PK point lookup (warm)",1133,3.69
"PK point lookup (warm)",1134,3.39
"PK point lookup (warm)",1135,3.32
"PK point lookup (warm)",1136,2.33
"PK point lookup (warm)",1137,3.71
"PK point lookup (warm)",1138,3.46
"PK point lookup (warm)",1139,3.90
"PK point lookup (warm)",1140,3.80
"PK point lookup (warm)",1141,5.14
"PK point lookup (warm)",1142,3.69
"PK point lookup (warm)",1143,3.61
"PK point lookup (warm)",1144,3.23
"PK point lookup (warm)",1145,3.68
"PK point lookup (warm)",1146,3.70
"PK point lookup (warm)",1147,3.80
"PK point lookup (warm)",1148,3.13
"PK point lookup (warm)",1149,3.46
"PK point lookup (warm)",1150,3.82
"PK point lookup (warm)",1151,3.64
"PK point lookup (warm)",1152,3.63
"PK point lookup (warm)",1153,3.60
"PK point lookup (warm)",1154,3.70
"PK point lookup (warm)",1155,3.47
"PK point lookup (warm)",1156,3.51
"PK point lookup (warm)",1157,3.51
"PK point lookup (warm)",1158,3.45
"PK point lookup (warm)",1159,3.45
"PK point lookup (warm)",1160,3.49
"PK point lookup (warm)",1161,3.42
"PK point lookup (warm)",1162,3.43
"PK point lookup (warm)",1163,2.44
"PK point lookup (warm)",1164,3.81
"PK point lookup (warm)",1165,3.75
"PK point lookup (warm)",1166,5.10
"PK point lookup (warm)",1167,3.60
"PK point lookup (warm)",1168,3.62
"PK point lookup (warm)",1169,3.64
"PK point lookup (warm)",1170,3.41
"PK point lookup (warm)",1171,3.49
"PK point lookup (warm)",1172,3.58
"PK point lookup (warm)",1173,3.50
"PK point lookup (warm)",1174,3.46
"PK point lookup (warm)",1175,3.59
"PK point lookup (warm)",1176,5.09
"PK point lookup (warm)",1177,3.50
"PK point lookup (warm)",1178,3.51
"PK point lookup (warm)",1179,3.46
"PK point lookup (warm)",1180,3.30
"PK point lookup (warm)",1181,3.54
"PK point lookup (warm)",1182,3.70
"PK point lookup (warm)",1183,3.51
"PK point lookup (warm)",1184,3.41
"PK point lookup (warm)",1185,3.79
"PK point lookup (warm)",1186,3.65
"PK point lookup (warm)",1187,3.71
"PK point lookup (warm)",1188,10.85
"PK point lookup (warm)",1189,3.49
"PK point lookup (warm)",1190,3.62
"PK point lookup (warm)",1191,3.42
"PK point lookup (warm)",1192,3.70
"PK point lookup (warm)",1193,3.52
"PK point lookup (warm)",1194,3.73
"PK point lookup (warm)",1195,3.36
"PK point lookup (warm)",1196,3.36
"PK point lookup (warm)",1197,3.61
"PK point lookup (warm)",1198,3.81
"PK point lookup (warm)",1199,3.58
"PK point lookup (warm)",1200,3.54
"PK point lookup (warm)",1201,3.75
"PK point lookup (warm)",1202,2.20
"PK point lookup (warm)",1203,3.33
"PK point lookup (warm)",1204,3.27
"PK point lookup (warm)",1205,3.53
"PK point lookup (warm)",1206,3.24
"PK point lookup (warm)",1207,4.38
"PK point lookup (warm)",1208,4.59
"PK point lookup (warm)",1209,3.49
"PK point lookup (warm)",1210,3.54
"PK point lookup (warm)",1211,3.21
"PK point lookup (warm)",1212,3.41
"PK point lookup (warm)",1213,3.57
"PK point lookup (warm)",1214,3.62
"PK point lookup (warm)",1215,3.69
"PK point lookup (warm)",1216,3.64
"PK point lookup (warm)",1217,3.24
"PK point lookup (warm)",1218,3.86
"PK point lookup (warm)",1219,3.80
"PK point lookup (warm)",1220,3.43
"PK point lookup (warm)",1221,3.43
"PK point lookup (warm)",1222,3.21
"PK point lookup (warm)",1223,3.66
"PK point lookup (warm)",1224,3.76
"PK point lookup (warm)",1225,3.52
"PK point lookup (warm)",1226,3.57
"PK point lookup (warm)",1227,3.73
"PK point lookup (warm)",1228,3.57
"PK point lookup (warm)",1229,3.66
"PK point lookup (warm)",1230,3.52
"PK point lookup (warm)",1231,3.49
"PK point lookup (warm)",1232,3.28
"PK point lookup (warm)",1233,3.41
"PK point lookup (warm)",1234,2.29
"PK point lookup (warm)",1235,3.28
"PK point lookup (warm)",1236,3.22
"PK point lookup (warm)",1237,3.39
"PK point lookup (warm)",1238,3.66
"PK point lookup (warm)",1239,3.25
"PK point lookup (warm)",1240,3.73
"PK point lookup (warm)",1241,2.18
"PK point lookup (warm)",1242,2.38
"PK point lookup (warm)",1243,3.46
"PK point lookup (warm)",1244,3.71
"PK point lookup (warm)",1245,3.18
"PK point lookup (warm)",1246,3.68
"PK point lookup (warm)",1247,3.57
"PK point lookup (warm)",1248,24.14
"PK point lookup (warm)",1249,7.92
"PK point lookup (warm)",1250,5.59
"PK point lookup (warm)",1251,3.73
"PK point lookup (warm)",1252,3.76
"PK point lookup (warm)",1253,3.72
"PK point lookup (warm)",1254,3.82
"PK point lookup (warm)",1255,3.44
"PK point lookup (warm)",1256,2.51
"PK point lookup (warm)",1257,5.35
"PK point lookup (warm)",1258,3.51
"PK point lookup (warm)",1259,3.75
"PK point lookup (warm)",1260,3.71
"PK point lookup (warm)",1261,3.52
"PK point lookup (warm)",1262,3.67
"PK point lookup (warm)",1263,3.36
"PK point lookup (warm)",1264,3.60
"PK point lookup (warm)",1265,3.50
"PK point lookup (warm)",1266,3.58
"PK point lookup (warm)",1267,3.37
"PK point lookup (warm)",1268,4.89
"PK point lookup (warm)",1269,3.69
"PK point lookup (warm)",1270,3.57
"PK point lookup (warm)",1271,3.64
"PK point lookup (warm)",1272,3.73
"PK point lookup (warm)",1273,3.29
"PK point lookup (warm)",1274,3.63
"PK point lookup (warm)",1275,3.85
"PK point lookup (warm)",1276,3.38
"PK point lookup (warm)",1277,3.59
"PK point lookup (warm)",1278,4.94
"PK point lookup (warm)",1279,3.47
"PK point lookup (warm)",1280,4.06
"PK point lookup (warm)",1281,2.19
"PK point lookup (warm)",1282,3.60
"PK point lookup (warm)",1283,3.43
"PK point lookup (warm)",1284,3.61
"PK point lookup (warm)",1285,3.46
"PK point lookup (warm)",1286,3.51
"PK point lookup (warm)",1287,3.63
"PK point lookup (warm)",1288,3.93
"PK point lookup (warm)",1289,3.64
"PK point lookup (warm)",1290,3.64
"PK point lookup (warm)",1291,3.68
"PK point lookup (warm)",1292,3.63
"PK point lookup (warm)",1293,3.37
"PK point lookup (warm)",1294,3.43
"PK point lookup (warm)",1295,3.31
"PK point lookup (warm)",1296,3.56
"PK point lookup (warm)",1297,3.74
"PK point lookup (warm)",1298,3.46
"PK point lookup (warm)",1299,3.29
"PK point lookup (warm)",1300,3.38
"PK point lookup (warm)",1301,3.53
"PK point lookup (warm)",1302,3.87
"PK point lookup (warm)",1303,3.40
"PK point lookup (warm)",1304,3.35
"PK point lookup (warm)",1305,3.37
"PK point lookup (warm)",1306,3.71
"PK point lookup (warm)",1307,3.69
"PK point lookup (warm)",1308,3.39
"PK point lookup (warm)",1309,3.71
"PK point lookup (warm)",1310,3.39
"PK point lookup (warm)",1311,3.32
"PK point lookup (warm)",1312,3.32
"PK point lookup (warm)",1313,3.58
"PK point lookup (warm)",1314,9.69
"PK point lookup (warm)",1315,3.58
"PK point lookup (warm)",1316,3.65
"PK point lookup (warm)",1317,3.47
"PK point lookup (warm)",1318,3.54
"PK point lookup (warm)",1319,3.58
"PK point lookup (warm)",1320,3.95
"PK point lookup (warm)",1321,3.64
"PK point lookup (warm)",1322,3.39
"PK point lookup (warm)",1323,3.26
"PK point lookup (warm)",1324,3.46
"PK point lookup (warm)",1325,3.48
"PK point lookup (warm)",1326,3.44
"PK point lookup (warm)",1327,3.57
"PK point lookup (warm)",1328,3.76
"PK point lookup (warm)",1329,2.02
"PK point lookup (warm)",1330,3.49
"PK point lookup (warm)",1331,3.66
"PK point lookup (warm)",1332,3.24
"PK point lookup (warm)",1333,3.46
"PK point lookup (warm)",1334,3.23
"PK point lookup (warm)",1335,3.47
"PK point lookup (warm)",1336,3.59
"PK point lookup (warm)",1337,3.53
"PK point lookup (warm)",1338,3.58
"PK point lookup (warm)",1339,3.49
"PK point lookup (warm)",1340,3.82
"PK point lookup (warm)",1341,3.43
"PK point lookup (warm)",1342,2.10
"PK point lookup (warm)",1343,3.25
"PK point lookup (warm)",1344,3.40
"PK point lookup (warm)",1345,3.50
"PK point lookup (warm)",1346,3.30
"PK point lookup (warm)",1347,3.71
"PK point lookup (warm)",1348,4.00
"PK point lookup (warm)",1349,3.44
"PK point lookup (warm)",1350,3.66
"PK point lookup (warm)",1351,3.69
"PK point lookup (warm)",1352,3.66
"PK point lookup (warm)",1353,3.89
"PK point lookup (warm)",1354,3.36
"PK point lookup (warm)",1355,3.30
"PK point lookup (warm)",1356,4.77
"PK point lookup (warm)",1357,3.76
"PK point lookup (warm)",1358,3.53
"PK point lookup (warm)",1359,3.37
"PK point lookup (warm)",1360,3.38
"PK point lookup (warm)",1361,3.51
"PK point lookup (warm)",1362,3.43
"PK point lookup (warm)",1363,3.62
"PK point lookup (warm)",1364,3.35
"PK point lookup (warm)",1365,3.36
"PK point lookup (warm)",1366,3.80
"PK point lookup (warm)",1367,9.64
"PK point lookup (warm)",1368,5.13
"PK point lookup (warm)",1369,3.35
"PK point lookup (warm)",1370,3.56
"PK point lookup (warm)",1371,3.57
"PK point lookup (warm)",1372,3.54
"PK point lookup (warm)",1373,3.59
"PK point lookup (warm)",1374,3.63
"PK point lookup (warm)",1375,5.02
"PK point lookup (warm)",1376,3.69
"PK point lookup (warm)",1377,3.48
"PK point lookup (warm)",1378,3.74
"PK point lookup (warm)",1379,3.76
"PK point lookup (warm)",1380,3.42
"PK point lookup (warm)",1381,3.69
"PK point lookup (warm)",1382,3.41
"PK point lookup (warm)",1383,3.27
"PK point lookup (warm)",1384,3.48
"PK point lookup (warm)",1385,3.60
"PK point lookup (warm)",1386,3.58
"PK point lookup (warm)",1387,3.36
"PK point lookup (warm)",1388,3.72
"PK point lookup (warm)",1389,3.61
"PK point lookup (warm)",1390,3.79
"PK point lookup (warm)",1391,3.67
"PK point lookup (warm)",1392,3.30
"PK point lookup (warm)",1393,3.46
"PK point lookup (warm)",1394,3.60
"PK point lookup (warm)",1395,9.84
"PK point lookup (warm)",1396,3.74
"PK point lookup (warm)",1397,3.51
"PK point lookup (warm)",1398,3.26
"PK point lookup (warm)",1399,2.47
"PK point lookup (warm)",1400,3.27
"PK point lookup (warm)",1401,4.15
"PK point lookup (warm)",1402,3.60
"PK point lookup (warm)",1403,3.68
"PK point lookup (warm)",1404,3.67
"PK point lookup (warm)",1405,3.65
"PK point lookup (warm)",1406,3.50
"PK point lookup (warm)",1407,3.85
"PK point lookup (warm)",1408,3.61
"PK point lookup (warm)",1409,3.69
"PK point lookup (warm)",1410,3.29
"PK point lookup (warm)",1411,3.53
"PK point lookup (warm)",1412,3.90
"PK point lookup (warm)",1413,3.79
"PK point lookup (warm)",1414,3.44
"PK point lookup (warm)",1415,3.75
"PK point lookup (warm)",1416,3.54
"PK point lookup (warm)",1417,3.54
"PK point lookup (warm)",1418,3.60
"PK point lookup (warm)",1419,3.77
"PK point lookup (warm)",1420,3.62
"PK point lookup (warm)",1421,3.82
"PK point lookup (warm)",1422,3.60
"PK point lookup (warm)",1423,3.56
"PK point lookup (warm)",1424,3.41
"PK point lookup (warm)",1425,3.68
"PK point lookup (warm)",1426,3.61
"PK point lookup (warm)",1427,3.27
"PK point lookup (warm)",1428,3.21
"PK point lookup (warm)",1429,2.44
"PK point lookup (warm)",1430,3.27
"PK point lookup (warm)",1431,3.55
"PK point lookup (warm)",1432,3.21
"PK point lookup (warm)",1433,3.39
"PK point lookup (warm)",1434,2.23
"PK point lookup (warm)",1435,3.34
"PK point lookup (warm)",1436,3.62
"PK point lookup (warm)",1437,3.56
"PK point lookup (warm)",1438,3.66
"PK point lookup (warm)",1439,3.64
"PK point lookup (warm)",1440,3.57
"PK point lookup (warm)",1441,3.60
"PK point lookup (warm)",1442,3.44
"PK point lookup (warm)",1443,3.37
"PK point lookup (warm)",1444,3.75
"PK point lookup (warm)",1445,3.43
"PK point lookup (warm)",1446,3.38
"PK point lookup (warm)",1447,3.52
"PK point lookup (warm)",1448,3.60
"PK point lookup (warm)",1449,3.60
"PK point lookup (warm)",1450,3.81
"PK point lookup (warm)",1451,3.56
"PK point lookup (warm)",1452,3.67
"PK point lookup (warm)",1453,3.53
"PK point lookup (warm)",1454,3.42
"PK point lookup (warm)",1455,3.48
"PK point lookup (warm)",1456,3.48
"PK point lookup (warm)",1457,3.57
"PK point lookup (warm)",1458,3.21
"PK point lookup (warm)",1459,3.59
"PK point lookup (warm)",1460,2.35
"PK point lookup (warm)",1461,2.23
"PK point lookup (warm)",1462,3.52
"PK point lookup (warm)",1463,3.58
"PK point lookup (warm)",1464,2.28
"PK point lookup (warm)",1465,3.40
"PK point lookup (warm)",1466,3.53
"PK point lookup (warm)",1467,3.29
"PK point lookup (warm)",1468,3.62
"PK point lookup (warm)",1469,4.75
"PK point lookup (warm)",1470,3.40
"PK point lookup (warm)",1471,3.46
"PK point lookup (warm)",1472,3.29
"PK point lookup (warm)",1473,3.57
"PK point lookup (warm)",1474,3.53
"PK point lookup (warm)",1475,3.80
"PK point lookup (warm)",1476,3.60
"PK point lookup (warm)",1477,3.46
"PK point lookup (warm)",1478,3.89
"PK point lookup (warm)",1479,3.60
"PK point lookup (warm)",1480,3.50
"PK point lookup (warm)",1481,3.57
"PK point lookup (warm)",1482,3.40
"PK point lookup (warm)",1483,3.22
"PK point lookup (warm)",1484,3.25
"PK point lookup (warm)",1485,3.51
"PK point lookup (warm)",1486,3.67
"PK point lookup (warm)",1487,3.77
"PK point lookup (warm)",1488,9.31
"PK point lookup (warm)",1489,3.93
"PK point lookup (warm)",1490,3.41
"PK point lookup (warm)",1491,3.50
"PK point lookup (warm)",1492,3.58
"PK point lookup (warm)",1493,3.52
"PK point lookup (warm)",1494,3.44
"PK point lookup (warm)",1495,3.44
"PK point lookup (warm)",1496,3.19
"PK point lookup (warm)",1497,3.70
"PK point lookup (warm)",1498,3.41
"PK point lookup (warm)",1499,3.64
"PK point lookup (warm)",1500,3.23
"PK point lookup (warm)",1501,3.37
"PK point lookup (warm)",1502,3.63
"PK point lookup (warm)",1503,3.26
"PK point lookup (warm)",1504,3.24
"PK point lookup (warm)",1505,29.35
"PK point lookup (warm)",1506,7.26
"PK point lookup (warm)",1507,28.87
"PK point lookup (warm)",1508,6.77
"PK point lookup (warm)",1509,4.53
"PK point lookup (warm)",1510,3.77
"PK point lookup (warm)",1511,3.48
"PK point lookup (warm)",1512,3.70
"PK point lookup (warm)",1513,3.69
"PK point lookup (warm)",1514,2.58
"PK point lookup (warm)",1515,3.83
"PK point lookup (warm)",1516,3.80
"PK point lookup (warm)",1517,3.58
"PK point lookup (warm)",1518,3.38
"PK point lookup (warm)",1519,3.46
"PK point lookup (warm)",1520,3.44
"PK point lookup (warm)",1521,3.55
"PK point lookup (warm)",1522,3.55
"PK point lookup (warm)",1523,3.60
"PK point lookup (warm)",1524,3.71
"PK point lookup (warm)",1525,3.23
"PK point lookup (warm)",1526,3.50
"PK point lookup (warm)",1527,3.73
"PK point lookup (warm)",1528,2.43
"PK point lookup (warm)",1529,3.51
"PK point lookup (warm)",1530,3.95
"PK point lookup (warm)",1531,3.30
"PK point lookup (warm)",1532,3.51
"PK point lookup (warm)",1533,3.33
"PK point lookup (warm)",1534,3.14
"PK point lookup (warm)",1535,3.74
"PK point lookup (warm)",1536,3.07
"PK point lookup (warm)",1537,3.49
"PK point lookup (warm)",1538,2.46
"PK point lookup (warm)",1539,3.42
"PK point lookup (warm)",1540,3.63
"PK point lookup (warm)",1541,3.41
"PK point lookup (warm)",1542,3.46
"PK point lookup (warm)",1543,3.45
"PK point lookup (warm)",1544,3.02
"PK point lookup (warm)",1545,3.70
"PK point lookup (warm)",1546,3.44
"PK point lookup (warm)",1547,3.48
"PK point lookup (warm)",1548,3.22
"PK point lookup (warm)",1549,3.64
"PK point lookup (warm)",1550,3.53
"PK point lookup (warm)",1551,3.56
"PK point lookup (warm)",1552,3.40
"PK point lookup (warm)",1553,3.41
"PK point lookup (warm)",1554,3.55
"PK point lookup (warm)",1555,3.12
"PK point lookup (warm)",1556,4.68
"PK point lookup (warm)",1557,3.76
"PK point lookup (warm)",1558,3.46
"PK point lookup (warm)",1559,3.33
"PK point lookup (warm)",1560,3.34
"PK point lookup (warm)",1561,3.71
"PK point lookup (warm)",1562,3.20
"PK point lookup (warm)",1563,4.78
"PK point lookup (warm)",1564,4.42
"PK point lookup (warm)",1565,3.47
"PK point lookup (warm)",1566,3.71
"PK point lookup (warm)",1567,3.70
"PK point lookup (warm)",1568,3.58
"PK point lookup (warm)",1569,3.22
"PK point lookup (warm)",1570,3.81
"PK point lookup (warm)",1571,3.64
"PK point lookup (warm)",1572,3.45
"PK point lookup (warm)",1573,3.56
"PK point lookup (warm)",1574,3.48
"PK point lookup (warm)",1575,3.44
"PK point lookup (warm)",1576,3.53
"PK point lookup (warm)",1577,3.74
"PK point lookup (warm)",1578,2.22
"PK point lookup (warm)",1579,3.69
"PK point lookup (warm)",1580,3.73
"PK point lookup (warm)",1581,3.56
"PK point lookup (warm)",1582,3.47
"PK point lookup (warm)",1583,3.42
"PK point lookup (warm)",1584,3.54
"PK point lookup (warm)",1585,3.37
"PK point lookup (warm)",1586,3.54
"PK point lookup (warm)",1587,3.56
"PK point lookup (warm)",1588,3.50
"PK point lookup (warm)",1589,3.36
"PK point lookup (warm)",1590,3.15
"PK point lookup (warm)",1591,8.76
"PK point lookup (warm)",1592,4.11
"PK point lookup (warm)",1593,3.55
"PK point lookup (warm)",1594,3.39
"PK point lookup (warm)",1595,3.89
"PK point lookup (warm)",1596,3.36
"PK point lookup (warm)",1597,3.40
"PK point lookup (warm)",1598,3.35
"PK point lookup (warm)",1599,3.17
"PK point lookup (warm)",1600,3.49
"PK point lookup (warm)",1601,3.62
"PK point lookup (warm)",1602,3.47
"PK point lookup (warm)",1603,4.98
"PK point lookup (warm)",1604,3.69
"PK point lookup (warm)",1605,3.66
"PK point lookup (warm)",1606,3.70
"PK point lookup (warm)",1607,3.54
"PK point lookup (warm)",1608,3.49
"PK point lookup (warm)",1609,3.42
"PK point lookup (warm)",1610,3.51
"PK point lookup (warm)",1611,3.42
"PK point lookup (warm)",1612,3.52
"PK point lookup (warm)",1613,3.07
"PK point lookup (warm)",1614,3.37
"PK point lookup (warm)",1615,3.36
"PK point lookup (warm)",1616,3.65
"PK point lookup (warm)",1617,10.38
"PK point lookup (warm)",1618,3.65
"PK point lookup (warm)",1619,3.54
"PK point lookup (warm)",1620,3.58
"PK point lookup (warm)",1621,3.73
"PK point lookup (warm)",1622,3.40
"PK point lookup (warm)",1623,3.25
"PK point lookup (warm)",1624,3.41
"PK point lookup (warm)",1625,3.35
"PK point lookup (warm)",1626,3.31
"PK point lookup (warm)",1627,3.21
"PK point lookup (warm)",1628,3.40
"PK point lookup (warm)",1629,3.60
"PK point lookup (warm)",1630,3.69
"PK point lookup (warm)",1631,3.54
"PK point lookup (warm)",1632,3.44
"PK point lookup (warm)",1633,2.41
"PK point lookup (warm)",1634,3.70
"PK point lookup (warm)",1635,3.36
"PK point lookup (warm)",1636,3.57
"PK point lookup (warm)",1637,3.62
"PK point lookup (warm)",1638,3.58
"PK point lookup (warm)",1639,3.62
"PK point lookup (warm)",1640,3.16
"PK point lookup (warm)",1641,3.64
"PK point lookup (warm)",1642,3.85
"PK point lookup (warm)",1643,3.79
"PK point lookup (warm)",1644,3.62
"PK point lookup (warm)",1645,3.70
"PK point lookup (warm)",1646,3.63
"PK point lookup (warm)",1647,4.42
"PK point lookup (warm)",1648,3.61
"PK point lookup (warm)",1649,3.74
"PK point lookup (warm)",1650,3.86
"PK point lookup (warm)",1651,3.85
"PK point lookup (warm)",1652,3.36
"PK point lookup (warm)",1653,3.80
"PK point lookup (warm)",1654,3.32
"PK point lookup (warm)",1655,3.66
"PK point lookup (warm)",1656,3.40
"PK point lookup (warm)",1657,3.52
"PK point lookup (warm)",1658,3.67
"PK point lookup (warm)",1659,3.35
"PK point lookup (warm)",1660,4.41
"PK point lookup (warm)",1661,2.47
"PK point lookup (warm)",1662,3.48
"PK point lookup (warm)",1663,3.32
"PK point lookup (warm)",1664,3.54
"PK point lookup (warm)",1665,3.44
"PK point lookup (warm)",1666,3.61
"PK point lookup (warm)",1667,3.35
"PK point lookup (warm)",1668,3.50
"PK point lookup (warm)",1669,3.47
"PK point lookup (warm)",1670,3.55
"PK point lookup (warm)",1671,3.57
"PK point lookup (warm)",1672,3.72
"PK point lookup (warm)",1673,3.63
"PK point lookup (warm)",1674,3.33
"PK point lookup (warm)",1675,3.41
"PK point lookup (warm)",1676,3.26
"PK point lookup (warm)",1677,8.64
"PK point lookup (warm)",1678,3.60
"PK point lookup (warm)",1679,3.44
"PK point lookup (warm)",1680,3.15
"PK point lookup (warm)",1681,2.19
"PK point lookup (warm)",1682,3.34
"PK point lookup (warm)",1683,3.40
"PK point lookup (warm)",1684,3.29
"PK point lookup (warm)",1685,3.38
"PK point lookup (warm)",1686,3.42
"PK point lookup (warm)",1687,3.47
"PK point lookup (warm)",1688,3.44
"PK point lookup (warm)",1689,3.33
"PK point lookup (warm)",1690,3.14
"PK point lookup (warm)",1691,3.32
"PK point lookup (warm)",1692,3.39
"PK point lookup (warm)",1693,3.42
"PK point lookup (warm)",1694,3.24
"PK point lookup (warm)",1695,3.39
"PK point lookup (warm)",1696,3.61
"PK point lookup (warm)",1697,3.48
"PK point lookup (warm)",1698,3.46
"PK point lookup (warm)",1699,3.34
"PK point lookup (warm)",1700,3.66
"PK point lookup (warm)",1701,3.72
"PK point lookup (warm)",1702,3.50
"PK point lookup (warm)",1703,3.43
"PK point lookup (warm)",1704,3.32
"PK point lookup (warm)",1705,3.53
"PK point lookup (warm)",1706,3.42
"PK point lookup (warm)",1707,3.69
"PK point lookup (warm)",1708,3.28
"PK point lookup (warm)",1709,3.34
"PK point lookup (warm)",1710,3.67
"PK point lookup (warm)",1711,3.33
"PK point lookup (warm)",1712,3.12
"PK point lookup (warm)",1713,3.48
"PK point lookup (warm)",1714,3.36
"PK point lookup (warm)",1715,3.47
"PK point lookup (warm)",1716,3.34
"PK point lookup (warm)",1717,3.13
"PK point lookup (warm)",1718,3.42
"PK point lookup (warm)",1719,3.24
"PK point lookup (warm)",1720,3.49
"PK point lookup (warm)",1721,3.28
"PK point lookup (warm)",1722,3.44
"PK point lookup (warm)",1723,3.51
"PK point lookup (warm)",1724,3.40
"PK point lookup (warm)",1725,3.67
"PK point lookup (warm)",1726,3.39
"PK point lookup (warm)",1727,3.32
"PK point lookup (warm)",1728,3.46
"PK point lookup (warm)",1729,3.63
"PK point lookup (warm)",1730,3.35
"PK point lookup (warm)",1731,3.28
"PK point lookup (warm)",1732,3.38
"PK point lookup (warm)",1733,3.45
"PK point lookup (warm)",1734,3.28
"PK point lookup (warm)",1735,3.23
"PK point lookup (warm)",1736,3.32
"PK point lookup (warm)",1737,3.32
"PK point lookup (warm)",1738,3.38
"PK point lookup (warm)",1739,3.27
"PK point lookup (warm)",1740,3.25
"PK point lookup (warm)",1741,3.34
"PK point lookup (warm)",1742,3.86
"PK point lookup (warm)",1743,3.39
"PK point lookup (warm)",1744,3.38
"PK point lookup (warm)",1745,3.43
"PK point lookup (warm)",1746,3.49
"PK point lookup (warm)",1747,3.52
"PK point lookup (warm)",1748,3.58
"PK point lookup (warm)",1749,2.04
"PK point lookup (warm)",1750,9.99
"PK point lookup (warm)",1751,3.61
"PK point lookup (warm)",1752,5.78
"PK point lookup (warm)",1753,5.68
"PK point lookup (warm)",1754,3.43
"PK point lookup (warm)",1755,3.26
"PK point lookup (warm)",1756,3.65
"PK point lookup (warm)",1757,26.53
"PK point lookup (warm)",1758,6.65
"PK point lookup (warm)",1759,5.81
"PK point lookup (warm)",1760,4.10
"PK point lookup (warm)",1761,3.81
"PK point lookup (warm)",1762,3.60
"PK point lookup (warm)",1763,3.63
"PK point lookup (warm)",1764,3.89
"PK point lookup (warm)",1765,3.76
"PK point lookup (warm)",1766,3.73
"PK point lookup (warm)",1767,3.55
"PK point lookup (warm)",1768,3.57
"PK point lookup (warm)",1769,3.57
"PK point lookup (warm)",1770,3.60
"PK point lookup (warm)",1771,4.91
"PK point lookup (warm)",1772,2.45
"PK point lookup (warm)",1773,3.47
"PK point lookup (warm)",1774,5.50
"PK point lookup (warm)",1775,3.70
"PK point lookup (warm)",1776,4.39
"PK point lookup (warm)",1777,3.43
"PK point lookup (warm)",1778,3.57
"PK point lookup (warm)",1779,3.54
"PK point lookup (warm)",1780,3.73
"PK point lookup (warm)",1781,3.71
"PK point lookup (warm)",1782,3.52
"PK point lookup (warm)",1783,3.63
"PK point lookup (warm)",1784,5.02
"PK point lookup (warm)",1785,3.68
"PK point lookup (warm)",1786,3.97
"PK point lookup (warm)",1787,3.79
"PK point lookup (warm)",1788,3.54
"PK point lookup (warm)",1789,3.42
"PK point lookup (warm)",1790,3.98
"PK point lookup (warm)",1791,3.58
"PK point lookup (warm)",1792,3.42
"PK point lookup (warm)",1793,3.29
"PK point lookup (warm)",1794,3.58
"PK point lookup (warm)",1795,3.66
"PK point lookup (warm)",1796,3.63
"PK point lookup (warm)",1797,3.70
"PK point lookup (warm)",1798,3.72
"PK point lookup (warm)",1799,4.52
"PK point lookup (warm)",1800,3.41
"PK point lookup (warm)",1801,3.67
"PK point lookup (warm)",1802,3.51
"PK point lookup (warm)",1803,4.80
"PK point lookup (warm)",1804,3.53
"PK point lookup (warm)",1805,3.62
"PK point lookup (warm)",1806,3.97
"PK point lookup (warm)",1807,3.79
"PK point lookup (warm)",1808,3.63
"PK point lookup (warm)",1809,3.53
"PK point lookup (warm)",1810,3.62
"PK point lookup (warm)",1811,3.62
"PK point lookup (warm)",1812,3.69
"PK point lookup (warm)",1813,3.82
"PK point lookup (warm)",1814,3.77
"PK point lookup (warm)",1815,3.65
"PK point lookup (warm)",1816,2.23
"PK point lookup (warm)",1817,3.43
"PK point lookup (warm)",1818,3.68
"PK point lookup (warm)",1819,3.51
"PK point lookup (warm)",1820,2.53
"PK point lookup (warm)",1821,3.56
"PK point lookup (warm)",1822,3.67
"PK point lookup (warm)",1823,3.87
"PK point lookup (warm)",1824,3.26
"PK point lookup (warm)",1825,3.40
"PK point lookup (warm)",1826,3.60
"PK point lookup (warm)",1827,3.38
"PK point lookup (warm)",1828,3.79
"PK point lookup (warm)",1829,3.52
"PK point lookup (warm)",1830,9.40
"PK point lookup (warm)",1831,3.40
"PK point lookup (warm)",1832,3.40
"PK point lookup (warm)",1833,3.78
"PK point lookup (warm)",1834,3.75
"PK point lookup (warm)",1835,3.72
"PK point lookup (warm)",1836,3.44
"PK point lookup (warm)",1837,3.67
"PK point lookup (warm)",1838,3.62
"PK point lookup (warm)",1839,3.73
"PK point lookup (warm)",1840,3.54
"PK point lookup (warm)",1841,3.71
"PK point lookup (warm)",1842,3.37
"PK point lookup (warm)",1843,3.57
"PK point lookup (warm)",1844,3.73
"PK point lookup (warm)",1845,3.49
"PK point lookup (warm)",1846,3.63
"PK point lookup (warm)",1847,3.25
"PK point lookup (warm)",1848,3.50
"PK point lookup (warm)",1849,2.21
"PK point lookup (warm)",1850,3.75
"PK point lookup (warm)",1851,3.30
"PK point lookup (warm)",1852,3.53
"PK point lookup (warm)",1853,3.37
"PK point lookup (warm)",1854,3.50
"PK point lookup (warm)",1855,3.80
"PK point lookup (warm)",1856,3.50
"PK point lookup (warm)",1857,3.44
"PK point lookup (warm)",1858,2.31
"PK point lookup (warm)",1859,3.45
"PK point lookup (warm)",1860,3.54
"PK point lookup (warm)",1861,3.77
"PK point lookup (warm)",1862,3.53
"PK point lookup (warm)",1863,3.57
"PK point lookup (warm)",1864,3.72
"PK point lookup (warm)",1865,3.69
"PK point lookup (warm)",1866,3.70
"PK point lookup (warm)",1867,3.47
"PK point lookup (warm)",1868,4.11
"PK point lookup (warm)",1869,3.68
"PK point lookup (warm)",1870,3.97
"PK point lookup (warm)",1871,3.50
"PK point lookup (warm)",1872,10.04
"PK point lookup (warm)",1873,3.88
"PK point lookup (warm)",1874,3.66
"PK point lookup (warm)",1875,2.18
"PK point lookup (warm)",1876,3.20
"PK point lookup (warm)",1877,3.19
"PK point lookup (warm)",1878,3.91
"PK point lookup (warm)",1879,3.73
"PK point lookup (warm)",1880,3.60
"PK point lookup (warm)",1881,3.46
"PK point lookup (warm)",1882,3.72
"PK point lookup (warm)",1883,3.45
"PK point lookup (warm)",1884,3.62
"PK point lookup (warm)",1885,3.57
"PK point lookup (warm)",1886,3.60
"PK point lookup (warm)",1887,3.65
"PK point lookup (warm)",1888,3.80
"PK point lookup (warm)",1889,3.58
"PK point lookup (warm)",1890,3.42
"PK point lookup (warm)",1891,3.51
"PK point lookup (warm)",1892,3.60
"PK point lookup (warm)",1893,4.84
"PK point lookup (warm)",1894,3.49
"PK point lookup (warm)",1895,2.25
"PK point lookup (warm)",1896,3.63
"PK point lookup (warm)",1897,3.51
"PK point lookup (warm)",1898,3.43
"PK point lookup (warm)",1899,3.50
"PK point lookup (warm)",1900,3.61
"PK point lookup (warm)",1901,3.56
"PK point lookup (warm)",1902,3.22
"PK point lookup (warm)",1903,3.64
"PK point lookup (warm)",1904,2.55
"PK point lookup (warm)",1905,2.46
"PK point lookup (warm)",1906,3.33
"PK point lookup (warm)",1907,3.79
"PK point lookup (warm)",1908,3.79
"PK point lookup (warm)",1909,3.44
"PK point lookup (warm)",1910,3.56
"PK point lookup (warm)",1911,3.83
"PK point lookup (warm)",1912,3.50
"PK point lookup (warm)",1913,3.29
"PK point lookup (warm)",1914,3.73
"PK point lookup (warm)",1915,3.59
"PK point lookup (warm)",1916,3.48
"PK point lookup (warm)",1917,4.82
"PK point lookup (warm)",1918,3.59
"PK point lookup (warm)",1919,3.48
"PK point lookup (warm)",1920,3.40
"PK point lookup (warm)",1921,3.46
"PK point lookup (warm)",1922,3.41
"PK point lookup (warm)",1923,3.47
"PK point lookup (warm)",1924,3.37
"PK point lookup (warm)",1925,3.57
"PK point lookup (warm)",1926,4.61
"PK point lookup (warm)",1927,3.55
"PK point lookup (warm)",1928,3.47
"PK point lookup (warm)",1929,9.99
"PK point lookup (warm)",1930,3.75
"PK point lookup (warm)",1931,3.59
"PK point lookup (warm)",1932,3.58
"PK point lookup (warm)",1933,3.27
"PK point lookup (warm)",1934,3.59
"PK point lookup (warm)",1935,3.36
"PK point lookup (warm)",1936,3.70
"PK point lookup (warm)",1937,3.53
"PK point lookup (warm)",1938,3.56
"PK point lookup (warm)",1939,3.53
"PK point lookup (warm)",1940,3.48
"PK point lookup (warm)",1941,3.22
"PK point lookup (warm)",1942,3.42
"PK point lookup (warm)",1943,3.43
"PK point lookup (warm)",1944,3.64
"PK point lookup (warm)",1945,3.74
"PK point lookup (warm)",1946,3.90
"PK point lookup (warm)",1947,3.57
"PK point lookup (warm)",1948,3.48
"PK point lookup (warm)",1949,3.32
"PK point lookup (warm)",1950,3.39
"PK point lookup (warm)",1951,3.35
"PK point lookup (warm)",1952,3.23
"PK point lookup (warm)",1953,3.15
"PK point lookup (warm)",1954,3.42
"PK point lookup (warm)",1955,3.46
"PK point lookup (warm)",1956,3.58
"PK point lookup (warm)",1957,3.38
"PK point lookup (warm)",1958,3.61
"PK point lookup (warm)",1959,3.48
"PK point lookup (warm)",1960,3.82
"PK point lookup (warm)",1961,3.43
"PK point lookup (warm)",1962,3.45
"PK point lookup (warm)",1963,3.77
"PK point lookup (warm)",1964,3.76
"PK point lookup (warm)",1965,3.33
"PK point lookup (warm)",1966,3.81
"PK point lookup (warm)",1967,3.48
"PK point lookup (warm)",1968,3.63
"PK point lookup (warm)",1969,3.66
"PK point lookup (warm)",1970,3.40
"PK point lookup (warm)",1971,4.87
"PK point lookup (warm)",1972,5.00
"PK point lookup (warm)",1973,3.47
"PK point lookup (warm)",1974,3.86
"PK point lookup (warm)",1975,3.65
"PK point lookup (warm)",1976,3.63
"PK point lookup (warm)",1977,3.65
"PK point lookup (warm)",1978,3.72
"PK point lookup (warm)",1979,3.63
"PK point lookup (warm)",1980,3.37
"PK point lookup (warm)",1981,3.38
"PK point lookup (warm)",1982,3.22
"PK point lookup (warm)",1983,3.37
"PK point lookup (warm)",1984,3.59
"PK point lookup (warm)",1985,3.60
"PK point lookup (warm)",1986,3.65
"PK point lookup (warm)",1987,3.47
"PK point lookup (warm)",1988,3.13
"PK point lookup (warm)",1989,3.48
"PK point lookup (warm)",1990,3.33
"PK point lookup (warm)",1991,3.84
"PK point lookup (warm)",1992,3.48
"PK point lookup (warm)",1993,3.42
"PK point lookup (warm)",1994,3.47
"PK point lookup (warm)",1995,3.37
"PK point lookup (warm)",1996,3.25
"PK point lookup (warm)",1997,3.53
"PK point lookup (warm)",1998,3.55
"PK point lookup (warm)",1999,3.61
"PK point lookup (warm)",2000,2.40
"PK point lookup (warm)",2001,3.42
"PK point lookup (warm)",2002,3.73
"PK point lookup (warm)",2003,3.30
"PK point lookup (warm)",2004,4.24
"PK point lookup (warm)",2005,4.86
"PK point lookup (warm)",2006,3.86
"PK point lookup (warm)",2007,3.67
"PK point lookup (warm)",2008,3.34
"PK point lookup (warm)",2009,3.52
"PK point lookup (warm)",2010,24.52
"PK point lookup (warm)",2011,7.43
"PK point lookup (warm)",2012,5.65
"PK point lookup (warm)",2013,3.98
"PK point lookup (warm)",2014,4.37
"PK point lookup (warm)",2015,3.68
"PK point lookup (warm)",2016,3.60
"PK point lookup (warm)",2017,3.59
"PK point lookup (warm)",2018,3.51
"PK point lookup (warm)",2019,3.97
"PK point lookup (warm)",2020,2.42
"PK point lookup (warm)",2021,3.13
"PK point lookup (warm)",2022,3.33
"PK point lookup (warm)",2023,2.13
"PK point lookup (warm)",2024,3.50
"PK point lookup (warm)",2025,3.42
"PK point lookup (warm)",2026,3.46
"PK point lookup (warm)",2027,3.69
"PK point lookup (warm)",2028,3.24
"PK point lookup (warm)",2029,3.57
"PK point lookup (warm)",2030,3.81
"PK point lookup (warm)",2031,3.58
"PK point lookup (warm)",2032,3.20
"PK point lookup (warm)",2033,9.35
"PK point lookup (warm)",2034,3.48
"PK point lookup (warm)",2035,3.67
"PK point lookup (warm)",2036,3.48
"PK point lookup (warm)",2037,3.47
"PK point lookup (warm)",2038,3.67
"PK point lookup (warm)",2039,3.38
"PK point lookup (warm)",2040,3.45
"PK point lookup (warm)",2041,3.46
"PK point lookup (warm)",2042,3.31
"PK point lookup (warm)",2043,2.16
"PK point lookup (warm)",2044,3.20
"PK point lookup (warm)",2045,3.65
"PK point lookup (warm)",2046,3.42
"PK point lookup (warm)",2047,3.12
"PK point lookup (warm)",2048,3.38
"PK point lookup (warm)",2049,3.82
"PK point lookup (warm)",2050,3.67
"PK point lookup (warm)",2051,3.35
"PK point lookup (warm)",2052,3.27
"PK point lookup (warm)",2053,3.40
"PK point lookup (warm)",2054,3.20
"PK point lookup (warm)",2055,3.19
"PK point lookup (warm)",2056,3.50
"PK point lookup (warm)",2057,3.43
"PK point lookup (warm)",2058,3.53
"PK point lookup (warm)",2059,3.59
"PK point lookup (warm)",2060,3.56
"PK point lookup (warm)",2061,2.33
"PK point lookup (warm)",2062,2.15
"PK point lookup (warm)",2063,3.53
"PK point lookup (warm)",2064,3.21
"PK point lookup (warm)",2065,3.58
"PK point lookup (warm)",2066,2.62
"PK point lookup (warm)",2067,3.38
"PK point lookup (warm)",2068,3.44
"PK point lookup (warm)",2069,3.43
"PK point lookup (warm)",2070,3.48
"PK point lookup (warm)",2071,3.86
"PK point lookup (warm)",2072,3.47
"PK point lookup (warm)",2073,3.65
"PK point lookup (warm)",2074,3.42
"PK point lookup (warm)",2075,3.65
"PK point lookup (warm)",2076,3.66
"PK point lookup (warm)",2077,3.67
"PK point lookup (warm)",2078,3.02
"PK point lookup (warm)",2079,3.21
"PK point lookup (warm)",2080,3.55
"PK point lookup (warm)",2081,3.64
"PK point lookup (warm)",2082,3.57
"PK point lookup (warm)",2083,3.46
"PK point lookup (warm)",2084,3.57
"PK point lookup (warm)",2085,3.47
"PK point lookup (warm)",2086,3.61
"PK point lookup (warm)",2087,3.18
"PK point lookup (warm)",2088,3.47
"PK point lookup (warm)",2089,3.53
"PK point lookup (warm)",2090,3.23
"PK point lookup (warm)",2091,3.63
"PK point lookup (warm)",2092,3.18
"PK point lookup (warm)",2093,3.25
"PK point lookup (warm)",2094,3.28
"PK point lookup (warm)",2095,3.46
"PK point lookup (warm)",2096,3.46
"PK point lookup (warm)",2097,3.38
"PK point lookup (warm)",2098,3.26
"PK point lookup (warm)",2099,3.48
"PK point lookup (warm)",2100,3.24
"PK point lookup (warm)",2101,3.50
"PK point lookup (warm)",2102,3.52
"PK point lookup (warm)",2103,3.41
"PK point lookup (warm)",2104,3.36
"PK point lookup (warm)",2105,4.78
"PK point lookup (warm)",2106,3.41
"PK point lookup (warm)",2107,3.15
"PK point lookup (warm)",2108,3.35
"PK point lookup (warm)",2109,3.62
"PK point lookup (warm)",2110,3.47
"PK point lookup (warm)",2111,4.20
"PK point lookup (warm)",2112,3.60
"PK point lookup (warm)",2113,3.51
"PK point lookup (warm)",2114,3.41
"PK point lookup (warm)",2115,3.28
"PK point lookup (warm)",2116,3.33
"PK point lookup (warm)",2117,3.40
"PK point lookup (warm)",2118,3.40
"PK point lookup (warm)",2119,9.98
"PK point lookup (warm)",2120,3.61
"PK point lookup (warm)",2121,3.46
"PK point lookup (warm)",2122,3.44
"PK point lookup (warm)",2123,3.41
"PK point lookup (warm)",2124,3.66
"PK point lookup (warm)",2125,3.39
"PK point lookup (warm)",2126,3.38
"PK point lookup (warm)",2127,3.34
"PK point lookup (warm)",2128,3.46
"PK point lookup (warm)",2129,3.98
"PK point lookup (warm)",2130,9.30
"PK point lookup (warm)",2131,3.79
"PK point lookup (warm)",2132,3.33
"PK point lookup (warm)",2133,3.52
"PK point lookup (warm)",2134,4.09
"PK point lookup (warm)",2135,3.88
"PK point lookup (warm)",2136,3.50
"PK point lookup (warm)",2137,3.71
"PK point lookup (warm)",2138,3.20
"PK point lookup (warm)",2139,3.49
"PK point lookup (warm)",2140,3.34
"PK point lookup (warm)",2141,3.56
"PK point lookup (warm)",2142,3.48
"PK point lookup (warm)",2143,3.40
"PK point lookup (warm)",2144,3.39
"PK point lookup (warm)",2145,2.17
"PK point lookup (warm)",2146,3.62
"PK point lookup (warm)",2147,3.55
"PK point lookup (warm)",2148,3.23
"PK point lookup (warm)",2149,3.50
"PK point lookup (warm)",2150,3.46
"PK point lookup (warm)",2151,3.33
"PK point lookup (warm)",2152,3.57
"PK point lookup (warm)",2153,3.34
"PK point lookup (warm)",2154,3.47
"PK point lookup (warm)",2155,3.38
"PK point lookup (warm)",2156,3.44
"PK point lookup (warm)",2157,3.47
"PK point lookup (warm)",2158,3.42
"PK point lookup (warm)",2159,3.06
"PK point lookup (warm)",2160,3.34
"PK point lookup (warm)",2161,2.09
"PK point lookup (warm)",2162,3.21
"PK point lookup (warm)",2163,3.36
"PK point lookup (warm)",2164,3.41
"PK point lookup (warm)",2165,3.56
"PK point lookup (warm)",2166,3.62
"PK point lookup (warm)",2167,3.59
"PK point lookup (warm)",2168,3.53
"PK point lookup (warm)",2169,3.16
"PK point lookup (warm)",2170,3.64
"PK point lookup (warm)",2171,3.66
"PK point lookup (warm)",2172,3.57
"PK point lookup (warm)",2173,3.46
"PK point lookup (warm)",2174,3.73
"PK point lookup (warm)",2175,3.58
"PK point lookup (warm)",2176,3.22
"PK point lookup (warm)",2177,3.61
"PK point lookup (warm)",2178,3.47
"PK point lookup (warm)",2179,3.56
"PK point lookup (warm)",2180,3.39
"PK point lookup (warm)",2181,3.46
"PK point lookup (warm)",2182,3.09
"PK point lookup (warm)",2183,3.18
"PK point lookup (warm)",2184,3.20
"PK point lookup (warm)",2185,3.34
"PK point lookup (warm)",2186,2.09
"PK point lookup (warm)",2187,3.58
"PK point lookup (warm)",2188,3.48
"PK point lookup (warm)",2189,3.88
"PK point lookup (warm)",2190,3.36
"PK point lookup (warm)",2191,3.52
"PK point lookup (warm)",2192,3.39
"PK point lookup (warm)",2193,3.62
"PK point lookup (warm)",2194,3.42
"PK point lookup (warm)",2195,3.42
"PK point lookup (warm)",2196,3.04
"PK point lookup (warm)",2197,3.11
"PK point lookup (warm)",2198,3.53
"PK point lookup (warm)",2199,3.48
"PK point lookup (warm)",2200,3.44
"PK point lookup (warm)",2201,3.45
"PK point lookup (warm)",2202,3.23
"PK point lookup (warm)",2203,3.26
"PK point lookup (warm)",2204,3.48
"PK point lookup (warm)",2205,2.26
"PK point lookup (warm)",2206,3.56
"PK point lookup (warm)",2207,3.49
"PK point lookup (warm)",2208,3.35
"PK point lookup (warm)",2209,4.15
"PK point lookup (warm)",2210,3.50
"PK point lookup (warm)",2211,3.55
"PK point lookup (warm)",2212,3.73
"PK point lookup (warm)",2213,3.66
"PK point lookup (warm)",2214,3.70
"PK point lookup (warm)",2215,3.31
"PK point lookup (warm)",2216,3.56
"PK point lookup (warm)",2217,3.46
"PK point lookup (warm)",2218,3.71
"PK point lookup (warm)",2219,3.39
"PK point lookup (warm)",2220,8.59
"PK point lookup (warm)",2221,3.50
"PK point lookup (warm)",2222,3.31
"PK point lookup (warm)",2223,2.02
"PK point lookup (warm)",2224,3.56
"PK point lookup (warm)",2225,3.30
"PK point lookup (warm)",2226,3.88
"PK point lookup (warm)",2227,3.58
"PK point lookup (warm)",2228,3.50
"PK point lookup (warm)",2229,3.74
"PK point lookup (warm)",2230,3.04
"PK point lookup (warm)",2231,3.32
"PK point lookup (warm)",2232,3.23
"PK point lookup (warm)",2233,3.29
"PK point lookup (warm)",2234,3.08
"PK point lookup (warm)",2235,3.17
"PK point lookup (warm)",2236,3.58
"PK point lookup (warm)",2237,3.44
"PK point lookup (warm)",2238,3.25
"PK point lookup (warm)",2239,4.36
"PK point lookup (warm)",2240,3.18
"PK point lookup (warm)",2241,3.63
"PK point lookup (warm)",2242,3.41
"PK point lookup (warm)",2243,3.54
"PK point lookup (warm)",2244,3.51
"PK point lookup (warm)",2245,3.40
"PK point lookup (warm)",2246,3.38
"PK point lookup (warm)",2247,3.33
"PK point lookup (warm)",2248,3.48
"PK point lookup (warm)",2249,3.51
"PK point lookup (warm)",2250,3.49
"PK point lookup (warm)",2251,3.47
"PK point lookup (warm)",2252,3.56
"PK point lookup (warm)",2253,3.62
"PK point lookup (warm)",2254,3.30
"PK point lookup (warm)",2255,3.70
"PK point lookup (warm)",2256,3.67
"PK point lookup (warm)",2257,4.06
"PK point lookup (warm)",2258,3.39
"PK point lookup (warm)",2259,3.50
"PK point lookup (warm)",2260,3.61
"PK point lookup (warm)",2261,3.83
"PK point lookup (warm)",2262,3.70
"PK point lookup (warm)",2263,3.47
"PK point lookup (warm)",2264,3.20
"PK point lookup (warm)",2265,3.36
"PK point lookup (warm)",2266,3.74
"PK point lookup (warm)",2267,3.47
"PK point lookup (warm)",2268,3.57
"PK point lookup (warm)",2269,3.42
"PK point lookup (warm)",2270,4.75
"PK point lookup (warm)",2271,3.75
"PK point lookup (warm)",2272,22.59
"PK point lookup (warm)",2273,8.01
"PK point lookup (warm)",2274,6.10
"PK point lookup (warm)",2275,4.76
"PK point lookup (warm)",2276,2.79
"PK point lookup (warm)",2277,3.27
"PK point lookup (warm)",2278,4.50
"PK point lookup (warm)",2279,3.75
"PK point lookup (warm)",2280,4.17
"PK point lookup (warm)",2281,3.74
"PK point lookup (warm)",2282,3.73
"PK point lookup (warm)",2283,3.33
"PK point lookup (warm)",2284,3.98
"PK point lookup (warm)",2285,3.28
"PK point lookup (warm)",2286,3.61
"PK point lookup (warm)",2287,3.59
"PK point lookup (warm)",2288,3.58
"PK point lookup (warm)",2289,3.60
"PK point lookup (warm)",2290,3.55
"PK point lookup (warm)",2291,3.34
"PK point lookup (warm)",2292,3.71
"PK point lookup (warm)",2293,3.68
"PK point lookup (warm)",2294,3.66
"PK point lookup (warm)",2295,3.68
"PK point lookup (warm)",2296,3.40
"PK point lookup (warm)",2297,3.52
"PK point lookup (warm)",2298,3.50
"PK point lookup (warm)",2299,3.45
"PK point lookup (warm)",2300,4.36
"PK point lookup (warm)",2301,3.15
"PK point lookup (warm)",2302,3.68
"PK point lookup (warm)",2303,3.35
"PK point lookup (warm)",2304,3.73
"PK point lookup (warm)",2305,3.50
"PK point lookup (warm)",2306,3.37
"PK point lookup (warm)",2307,3.28
"PK point lookup (warm)",2308,3.38
"PK point lookup (warm)",2309,3.47
"PK point lookup (warm)",2310,3.32
"PK point lookup (warm)",2311,3.44
"PK point lookup (warm)",2312,3.23
"PK point lookup (warm)",2313,3.43
"PK point lookup (warm)",2314,3.05
"PK point lookup (warm)",2315,3.65
"PK point lookup (warm)",2316,2.12
"PK point lookup (warm)",2317,3.34
"PK point lookup (warm)",2318,5.06
"PK point lookup (warm)",2319,3.83
"PK point lookup (warm)",2320,2.27
"PK point lookup (warm)",2321,3.23
"PK point lookup (warm)",2322,8.64
"PK point lookup (warm)",2323,3.65
"PK point lookup (warm)",2324,3.55
"PK point lookup (warm)",2325,3.40
"PK point lookup (warm)",2326,2.40
"PK point lookup (warm)",2327,3.60
"PK point lookup (warm)",2328,3.40
"PK point lookup (warm)",2329,4.49
"PK point lookup (warm)",2330,3.54
"PK point lookup (warm)",2331,3.58
"PK point lookup (warm)",2332,3.48
"PK point lookup (warm)",2333,3.62
"PK point lookup (warm)",2334,3.36
"PK point lookup (warm)",2335,3.53
"PK point lookup (warm)",2336,3.35
"PK point lookup (warm)",2337,3.39
"PK point lookup (warm)",2338,3.75
"PK point lookup (warm)",2339,3.41
"PK point lookup (warm)",2340,3.29
"PK point lookup (warm)",2341,3.48
"PK point lookup (warm)",2342,3.47
"PK point lookup (warm)",2343,3.32
"PK point lookup (warm)",2344,3.51
"PK point lookup (warm)",2345,3.45
"PK point lookup (warm)",2346,3.46
"PK point lookup (warm)",2347,3.46
"PK point lookup (warm)",2348,3.31
"PK point lookup (warm)",2349,3.30
"PK point lookup (warm)",2350,3.46
"PK point lookup (warm)",2351,3.55
"PK point lookup (warm)",2352,3.19
"PK point lookup (warm)",2353,3.41
"PK point lookup (warm)",2354,3.39
"PK point lookup (warm)",2355,3.41
"PK point lookup (warm)",2356,2.89
"PK point lookup (warm)",2357,3.36
"PK point lookup (warm)",2358,2.11
"PK point lookup (warm)",2359,3.60
"PK point lookup (warm)",2360,2.39
"PK point lookup (warm)",2361,3.35
"PK point lookup (warm)",2362,3.49
"PK point lookup (warm)",2363,3.60
"PK point lookup (warm)",2364,3.60
"PK point lookup (warm)",2365,3.59
"PK point lookup (warm)",2366,3.28
"PK point lookup (warm)",2367,3.21
"PK point lookup (warm)",2368,3.11
"PK point lookup (warm)",2369,3.24
"PK point lookup (warm)",2370,3.34
"PK point lookup (warm)",2371,3.39
"PK point lookup (warm)",2372,3.27
"PK point lookup (warm)",2373,3.47
"PK point lookup (warm)",2374,3.33
"PK point lookup (warm)",2375,3.42
"PK point lookup (warm)",2376,3.37
"PK point lookup (warm)",2377,3.44
"PK point lookup (warm)",2378,3.27
"PK point lookup (warm)",2379,3.47
"PK point lookup (warm)",2380,3.73
"PK point lookup (warm)",2381,3.50
"PK point lookup (warm)",2382,4.40
"PK point lookup (warm)",2383,3.65
"PK point lookup (warm)",2384,3.37
"PK point lookup (warm)",2385,3.67
"PK point lookup (warm)",2386,3.25
"PK point lookup (warm)",2387,3.25
"PK point lookup (warm)",2388,3.24
"PK point lookup (warm)",2389,3.17
"PK point lookup (warm)",2390,3.29
"PK point lookup (warm)",2391,3.44
"PK point lookup (warm)",2392,3.54
"PK point lookup (warm)",2393,3.40
"PK point lookup (warm)",2394,3.35
"PK point lookup (warm)",2395,9.13
"PK point lookup (warm)",2396,3.44
"PK point lookup (warm)",2397,3.61
"PK point lookup (warm)",2398,3.31
"PK point lookup (warm)",2399,3.60
"PK point lookup (warm)",2400,3.27
"PK point lookup (warm)",2401,3.66
"PK point lookup (warm)",2402,3.64
"PK point lookup (warm)",2403,3.30
"PK point lookup (warm)",2404,3.53
"PK point lookup (warm)",2405,3.56
"PK point lookup (warm)",2406,3.10
"PK point lookup (warm)",2407,3.73
"PK point lookup (warm)",2408,3.30
"PK point lookup (warm)",2409,2.22
"PK point lookup (warm)",2410,3.42
"PK point lookup (warm)",2411,2.52
"PK point lookup (warm)",2412,3.51
"PK point lookup (warm)",2413,3.59
"PK point lookup (warm)",2414,3.72
"PK point lookup (warm)",2415,3.83
"PK point lookup (warm)",2416,3.36
"PK point lookup (warm)",2417,3.40
"PK point lookup (warm)",2418,3.37
"PK point lookup (warm)",2419,3.43
"PK point lookup (warm)",2420,3.43
"PK point lookup (warm)",2421,3.53
"PK point lookup (warm)",2422,3.49
"PK point lookup (warm)",2423,3.46
"PK point lookup (warm)",2424,3.34
"PK point lookup (warm)",2425,3.54
"PK point lookup (warm)",2426,10.44
"PK point lookup (warm)",2427,3.78
"PK point lookup (warm)",2428,3.35
"PK point lookup (warm)",2429,3.36
"PK point lookup (warm)",2430,3.72
"PK point lookup (warm)",2431,3.88
"PK point lookup (warm)",2432,3.25
"PK point lookup (warm)",2433,3.79
"PK point lookup (warm)",2434,3.46
"PK point lookup (warm)",2435,3.65
"PK point lookup (warm)",2436,3.59
"PK point lookup (warm)",2437,3.45
"PK point lookup (warm)",2438,3.47
"PK point lookup (warm)",2439,3.88
"PK point lookup (warm)",2440,3.50
"PK point lookup (warm)",2441,3.63
"PK point lookup (warm)",2442,3.40
"PK point lookup (warm)",2443,3.49
"PK point lookup (warm)",2444,3.19
"PK point lookup (warm)",2445,3.14
"PK point lookup (warm)",2446,2.33
"PK point lookup (warm)",2447,3.44
"PK point lookup (warm)",2448,3.37
"PK point lookup (warm)",2449,3.42
"PK point lookup (warm)",2450,3.42
"PK point lookup (warm)",2451,3.22
"PK point lookup (warm)",2452,3.57
"PK point lookup (warm)",2453,3.43
"PK point lookup (warm)",2454,3.58
"PK point lookup (warm)",2455,3.62
"PK point lookup (warm)",2456,3.11
"PK point lookup (warm)",2457,3.17
"PK point lookup (warm)",2458,3.47
"PK point lookup (warm)",2459,3.69
"PK point lookup (warm)",2460,3.30
"PK point lookup (warm)",2461,3.33
"PK point lookup (warm)",2462,3.51
"PK point lookup (warm)",2463,3.40
"PK point lookup (warm)",2464,3.77
"PK point lookup (warm)",2465,3.48
"PK point lookup (warm)",2466,3.55
"PK point lookup (warm)",2467,3.50
"PK point lookup (warm)",2468,3.41
"PK point lookup (warm)",2469,3.23
"PK point lookup (warm)",2470,3.48
"PK point lookup (warm)",2471,3.51
"PK point lookup (warm)",2472,3.21
"PK point lookup (warm)",2473,3.66
"PK point lookup (warm)",2474,3.66
"PK point lookup (warm)",2475,3.58
"PK point lookup (warm)",2476,3.20
"PK point lookup (warm)",2477,3.49
"PK point lookup (warm)",2478,3.35
"PK point lookup (warm)",2479,3.51
"PK point lookup (warm)",2480,3.53
"PK point lookup (warm)",2481,3.32
"PK point lookup (warm)",2482,3.42
"PK point lookup (warm)",2483,3.22
"PK point lookup (warm)",2484,3.27
"PK point lookup (warm)",2485,3.59
"PK point lookup (warm)",2486,3.69
"PK point lookup (warm)",2487,3.20
"PK point lookup (warm)",2488,3.84
"PK point lookup (warm)",2489,3.58
"PK point lookup (warm)",2490,2.92
"PK point lookup (warm)",2491,3.30
"PK point lookup (warm)",2492,3.44
"PK point lookup (warm)",2493,3.18
"PK point lookup (warm)",2494,3.55
"PK point lookup (warm)",2495,3.22
"PK point lookup (warm)",2496,3.58
"PK point lookup (warm)",2497,3.46
"PK point lookup (warm)",2498,3.47
"PK point lookup (warm)",2499,3.66
"PK point lookup (warm)",2500,3.39
"PK point lookup (warm)",2501,3.29
"PK point lookup (warm)",2502,3.36
"PK point lookup (warm)",2503,3.69
"PK point lookup (warm)",2504,3.42
"PK point lookup (warm)",2505,3.62
"PK point lookup (warm)",2506,3.19
"PK point lookup (warm)",2507,3.27
"PK point lookup (warm)",2508,3.40
"PK point lookup (warm)",2509,3.53
"PK point lookup (warm)",2510,2.25
"PK point lookup (warm)",2511,3.69
"PK point lookup (warm)",2512,3.43
"PK point lookup (warm)",2513,3.47
"PK point lookup (warm)",2514,9.74
"PK point lookup (warm)",2515,3.59
"PK point lookup (warm)",2516,3.45
"PK point lookup (warm)",2517,3.34
"PK point lookup (warm)",2518,3.75
"PK point lookup (warm)",2519,3.26
"PK point lookup (warm)",2520,3.47
"PK point lookup (warm)",2521,3.47
"PK point lookup (warm)",2522,3.37
"PK point lookup (warm)",2523,3.43
"PK point lookup (warm)",2524,3.69
"PK point lookup (warm)",2525,3.44
"PK point lookup (warm)",2526,3.67
"PK point lookup (warm)",2527,19.34
"PK point lookup (warm)",2528,5.46
"PK point lookup (warm)",2529,4.65
"PK point lookup (warm)",2530,26.05
"PK point lookup (warm)",2531,5.66
"PK point lookup (warm)",2532,5.72
"PK point lookup (warm)",2533,25.63
"PK point lookup (warm)",2534,7.15
"PK point lookup (warm)",2535,6.13
"PK point lookup (warm)",2536,4.61
"PK point lookup (warm)",2537,3.56
"PK point lookup (warm)",2538,3.71
"PK point lookup (warm)",2539,3.65
"PK point lookup (warm)",2540,3.73
"PK point lookup (warm)",2541,3.45
"PK point lookup (warm)",2542,3.56
"PK point lookup (warm)",2543,4.01
"PK point lookup (warm)",2544,3.70
"PK point lookup (warm)",2545,3.66
"PK point lookup (warm)",2546,3.75
"PK point lookup (warm)",2547,3.74
"PK point lookup (warm)",2548,3.75
"PK point lookup (warm)",2549,3.41
"PK point lookup (warm)",2550,3.62
"PK point lookup (warm)",2551,3.45
"PK point lookup (warm)",2552,3.85
"PK point lookup (warm)",2553,3.47
"PK point lookup (warm)",2554,3.80
"PK point lookup (warm)",2555,3.71
"PK point lookup (warm)",2556,4.14
"PK point lookup (warm)",2557,3.73
"PK point lookup (warm)",2558,3.53
"PK point lookup (warm)",2559,4.73
"PK point lookup (warm)",2560,3.84
"PK point lookup (warm)",2561,3.63
"PK point lookup (warm)",2562,3.48
"PK point lookup (warm)",2563,3.56
"PK point lookup (warm)",2564,3.52
"PK point lookup (warm)",2565,3.45
"PK point lookup (warm)",2566,3.53
"PK point lookup (warm)",2567,3.72
"PK point lookup (warm)",2568,3.29
"PK point lookup (warm)",2569,3.40
"PK point lookup (warm)",2570,3.62
"PK point lookup (warm)",2571,3.48
"PK point lookup (warm)",2572,3.08
"PK point lookup (warm)",2573,3.76
"PK point lookup (warm)",2574,3.69
"PK point lookup (warm)",2575,3.72
"PK point lookup (warm)",2576,3.18
"PK point lookup (warm)",2577,3.36
"PK point lookup (warm)",2578,3.81
"PK point lookup (warm)",2579,2.44
"PK point lookup (warm)",2580,3.49
"PK point lookup (warm)",2581,3.68
"PK point lookup (warm)",2582,3.63
"PK point lookup (warm)",2583,3.71
"PK point lookup (warm)",2584,3.74
"PK point lookup (warm)",2585,3.34
"PK point lookup (warm)",2586,3.54
"PK point lookup (warm)",2587,3.77
"PK point lookup (warm)",2588,4.08
"PK point lookup (warm)",2589,5.14
"PK point lookup (warm)",2590,3.83
"PK point lookup (warm)",2591,3.60
"PK point lookup (warm)",2592,3.54
"PK point lookup (warm)",2593,3.45
"PK point lookup (warm)",2594,4.03
"PK point lookup (warm)",2595,3.41
"PK point lookup (warm)",2596,4.01
"PK point lookup (warm)",2597,3.69
"PK point lookup (warm)",2598,9.87
"PK point lookup (warm)",2599,3.75
"PK point lookup (warm)",2600,3.83
"PK point lookup (warm)",2601,3.71
"PK point lookup (warm)",2602,3.81
"PK point lookup (warm)",2603,3.72
"PK point lookup (warm)",2604,3.79
"PK point lookup (warm)",2605,3.62
"PK point lookup (warm)",2606,3.62
"PK point lookup (warm)",2607,3.52
"PK point lookup (warm)",2608,3.59
"PK point lookup (warm)",2609,3.55
"PK point lookup (warm)",2610,3.62
"PK point lookup (warm)",2611,3.72
"PK point lookup (warm)",2612,3.52
"PK point lookup (warm)",2613,3.41
"PK point lookup (warm)",2614,3.37
"PK point lookup (warm)",2615,4.09
"PK point lookup (warm)",2616,3.58
"PK point lookup (warm)",2617,3.63
"PK point lookup (warm)",2618,3.32
"PK point lookup (warm)",2619,3.85
"PK point lookup (warm)",2620,4.04
"PK point lookup (warm)",2621,3.51
"PK point lookup (warm)",2622,3.56
"PK point lookup (warm)",2623,2.47
"PK point lookup (warm)",2624,3.40
"PK point lookup (warm)",2625,3.38
"PK point lookup (warm)",2626,3.52
"PK point lookup (warm)",2627,3.79
"PK point lookup (warm)",2628,3.49
"PK point lookup (warm)",2629,3.30
"PK point lookup (warm)",2630,3.61
"PK point lookup (warm)",2631,3.49
"PK point lookup (warm)",2632,3.23
"PK point lookup (warm)",2633,3.66
"PK point lookup (warm)",2634,3.57
"PK point lookup (warm)",2635,3.71
"PK point lookup (warm)",2636,3.88
"PK point lookup (warm)",2637,3.55
"PK point lookup (warm)",2638,9.78
"PK point lookup (warm)",2639,4.12
"PK point lookup (warm)",2640,3.33
"PK point lookup (warm)",2641,3.53
"PK point lookup (warm)",2642,3.35
"PK point lookup (warm)",2643,3.54
"PK point lookup (warm)",2644,3.77
"PK point lookup (warm)",2645,3.75
"PK point lookup (warm)",2646,3.63
"PK point lookup (warm)",2647,3.43
"PK point lookup (warm)",2648,3.81
"PK point lookup (warm)",2649,3.49
"PK point lookup (warm)",2650,3.53
"PK point lookup (warm)",2651,3.83
"PK point lookup (warm)",2652,3.61
"PK point lookup (warm)",2653,3.30
"PK point lookup (warm)",2654,3.98
"PK point lookup (warm)",2655,3.54
"PK point lookup (warm)",2656,3.30
"PK point lookup (warm)",2657,3.45
"PK point lookup (warm)",2658,3.37
"PK point lookup (warm)",2659,3.46
"PK point lookup (warm)",2660,3.38
"PK point lookup (warm)",2661,3.50
"PK point lookup (warm)",2662,3.62
"PK point lookup (warm)",2663,3.42
"PK point lookup (warm)",2664,3.53
"PK point lookup (warm)",2665,3.85
"PK point lookup (warm)",2666,3.94
"PK point lookup (warm)",2667,3.62
"PK point lookup (warm)",2668,3.59
"PK point lookup (warm)",2669,3.75
"PK point lookup (warm)",2670,3.55
"PK point lookup (warm)",2671,3.70
"PK point lookup (warm)",2672,3.99
"PK point lookup (warm)",2673,3.72
"PK point lookup (warm)",2674,3.60
"PK point lookup (warm)",2675,3.54
"PK point lookup (warm)",2676,3.47
"PK point lookup (warm)",2677,8.71
"PK point lookup (warm)",2678,3.34
"PK point lookup (warm)",2679,3.42
"PK point lookup (warm)",2680,3.62
"PK point lookup (warm)",2681,3.54
"PK point lookup (warm)",2682,3.32
"PK point lookup (warm)",2683,3.54
"PK point lookup (warm)",2684,3.77
"PK point lookup (warm)",2685,3.34
"PK point lookup (warm)",2686,3.47
"PK point lookup (warm)",2687,3.74
"PK point lookup (warm)",2688,3.37
"PK point lookup (warm)",2689,3.27
"PK point lookup (warm)",2690,3.65
"PK point lookup (warm)",2691,3.77
"PK point lookup (warm)",2692,3.45
"PK point lookup (warm)",2693,3.54
"PK point lookup (warm)",2694,3.52
"PK point lookup (warm)",2695,4.06
"PK point lookup (warm)",2696,3.78
"PK point lookup (warm)",2697,3.63
"PK point lookup (warm)",2698,3.56
"PK point lookup (warm)",2699,3.41
"PK point lookup (warm)",2700,2.67
"PK point lookup (warm)",2701,3.35
"PK point lookup (warm)",2702,3.97
"PK point lookup (warm)",2703,3.80
"PK point lookup (warm)",2704,3.59
"PK point lookup (warm)",2705,3.46
"PK point lookup (warm)",2706,3.44
"PK point lookup (warm)",2707,2.44
"PK point lookup (warm)",2708,3.34
"PK point lookup (warm)",2709,2.41
"PK point lookup (warm)",2710,3.35
"PK point lookup (warm)",2711,3.37
"PK point lookup (warm)",2712,3.94
"PK point lookup (warm)",2713,2.35
"PK point lookup (warm)",2714,3.56
"PK point lookup (warm)",2715,2.50
"PK point lookup (warm)",2716,3.51
"PK point lookup (warm)",2717,3.48
"PK point lookup (warm)",2718,4.85
"PK point lookup (warm)",2719,4.13
"PK point lookup (warm)",2720,3.58
"PK point lookup (warm)",2721,3.38
"PK point lookup (warm)",2722,3.42
"PK point lookup (warm)",2723,3.41
"PK point lookup (warm)",2724,3.32
"PK point lookup (warm)",2725,3.38
"PK point lookup (warm)",2726,3.50
"PK point lookup (warm)",2727,3.58
"PK point lookup (warm)",2728,2.36
"PK point lookup (warm)",2729,2.14
"PK point lookup (warm)",2730,3.44
"PK point lookup (warm)",2731,3.47
"PK point lookup (warm)",2732,3.67
"PK point lookup (warm)",2733,3.51
"PK point lookup (warm)",2734,3.47
"PK point lookup (warm)",2735,3.59
"PK point lookup (warm)",2736,3.42
"PK point lookup (warm)",2737,3.20
"PK point lookup (warm)",2738,4.69
"PK point lookup (warm)",2739,4.73
"PK point lookup (warm)",2740,3.54
"PK point lookup (warm)",2741,2.52
"PK point lookup (warm)",2742,3.21
"PK point lookup (warm)",2743,3.87
"PK point lookup (warm)",2744,3.46
"PK point lookup (warm)",2745,3.40
"PK point lookup (warm)",2746,3.55
"PK point lookup (warm)",2747,3.62
"PK point lookup (warm)",2748,3.48
"PK point lookup (warm)",2749,2.20
"PK point lookup (warm)",2750,3.68
"PK point lookup (warm)",2751,3.35
"PK point lookup (warm)",2752,3.64
"PK point lookup (warm)",2753,3.82
"PK point lookup (warm)",2754,3.46
"PK point lookup (warm)",2755,3.56
"PK point lookup (warm)",2756,3.37
"PK point lookup (warm)",2757,3.20
"PK point lookup (warm)",2758,3.46
"PK point lookup (warm)",2759,3.62
"PK point lookup (warm)",2760,3.33
"PK point lookup (warm)",2761,3.57
"PK point lookup (warm)",2762,3.79
"PK point lookup (warm)",2763,3.43
"PK point lookup (warm)",2764,3.64
"PK point lookup (warm)",2765,3.57
"PK point lookup (warm)",2766,3.45
"PK point lookup (warm)",2767,3.47
"PK point lookup (warm)",2768,3.78
"PK point lookup (warm)",2769,3.57
"PK point lookup (warm)",2770,3.98
"PK point lookup (warm)",2771,3.81
"PK point lookup (warm)",2772,3.28
"PK point lookup (warm)",2773,3.65
"PK point lookup (warm)",2774,3.65
"PK point lookup (warm)",2775,3.40
"PK point lookup (warm)",2776,3.12
"PK point lookup (warm)",2777,3.33
"PK point lookup (warm)",2778,25.81
"PK point lookup (warm)",2779,7.03
"PK point lookup (warm)",2780,4.39
"PK point lookup (warm)",2781,3.89
"PK point lookup (warm)",2782,3.93
"PK point lookup (warm)",2783,2.57
"PK point lookup (warm)",2784,3.57
"PK point lookup (warm)",2785,2.80
"PK point lookup (warm)",2786,3.19
"PK point lookup (warm)",2787,3.54
"PK point lookup (warm)",2788,9.21
"PK point lookup (warm)",2789,3.94
"PK point lookup (warm)",2790,3.54
"PK point lookup (warm)",2791,3.50
"PK point lookup (warm)",2792,3.62
"PK point lookup (warm)",2793,3.59
"PK point lookup (warm)",2794,3.45
"PK point lookup (warm)",2795,3.32
"PK point lookup (warm)",2796,3.64
"PK point lookup (warm)",2797,3.62
"PK point lookup (warm)",2798,4.61
"PK point lookup (warm)",2799,3.45
"PK point lookup (warm)",2800,3.85
"PK point lookup (warm)",2801,3.51
"PK point lookup (warm)",2802,2.29
"PK point lookup (warm)",2803,3.54
"PK point lookup (warm)",2804,3.68
"PK point lookup (warm)",2805,3.48
"PK point lookup (warm)",2806,3.32
"PK point lookup (warm)",2807,3.34
"PK point lookup (warm)",2808,3.44
"PK point lookup (warm)",2809,3.92
"PK point lookup (warm)",2810,3.61
"PK point lookup (warm)",2811,3.45
"PK point lookup (warm)",2812,3.42
"PK point lookup (warm)",2813,3.24
"PK point lookup (warm)",2814,3.47
"PK point lookup (warm)",2815,3.50
"PK point lookup (warm)",2816,3.93
"PK point lookup (warm)",2817,3.47
"PK point lookup (warm)",2818,3.61
"PK point lookup (warm)",2819,3.45
"PK point lookup (warm)",2820,3.19
"PK point lookup (warm)",2821,3.82
"PK point lookup (warm)",2822,3.47
"PK point lookup (warm)",2823,4.43
"PK point lookup (warm)",2824,4.64
"PK point lookup (warm)",2825,3.28
"PK point lookup (warm)",2826,3.49
"PK point lookup (warm)",2827,3.32
"PK point lookup (warm)",2828,3.12
"PK point lookup (warm)",2829,3.13
"PK point lookup (warm)",2830,3.54
"PK point lookup (warm)",2831,3.38
"PK point lookup (warm)",2832,3.64
"PK point lookup (warm)",2833,3.31
"PK point lookup (warm)",2834,3.58
"PK point lookup (warm)",2835,3.31
"PK point lookup (warm)",2836,3.23
"PK point lookup (warm)",2837,3.29
"PK point lookup (warm)",2838,3.17
"PK point lookup (warm)",2839,3.29
"PK point lookup (warm)",2840,3.58
"PK point lookup (warm)",2841,3.29
"PK point lookup (warm)",2842,3.44
"PK point lookup (warm)",2843,3.17
"PK point lookup (warm)",2844,3.41
"PK point lookup (warm)",2845,3.22
"PK point lookup (warm)",2846,3.40
"PK point lookup (warm)",2847,3.10
"PK point lookup (warm)",2848,3.20
"PK point lookup (warm)",2849,3.17
"PK point lookup (warm)",2850,3.19
"PK point lookup (warm)",2851,3.41
"PK point lookup (warm)",2852,3.01
"PK point lookup (warm)",2853,3.30
"PK point lookup (warm)",2854,3.04
"PK point lookup (warm)",2855,4.59
"PK point lookup (warm)",2856,3.23
"PK point lookup (warm)",2857,3.26
"PK point lookup (warm)",2858,3.58
"PK point lookup (warm)",2859,2.32
"PK point lookup (warm)",2860,3.27
"PK point lookup (warm)",2861,3.40
"PK point lookup (warm)",2862,3.43
"PK point lookup (warm)",2863,2.98
"PK point lookup (warm)",2864,3.52
"PK point lookup (warm)",2865,2.15
"PK point lookup (warm)",2866,3.35
"PK point lookup (warm)",2867,2.27
"PK point lookup (warm)",2868,3.27
"PK point lookup (warm)",2869,3.27
"PK point lookup (warm)",2870,3.51
"PK point lookup (warm)",2871,3.38
"PK point lookup (warm)",2872,3.18
"PK point lookup (warm)",2873,3.19
"PK point lookup (warm)",2874,3.51
"PK point lookup (warm)",2875,3.35
"PK point lookup (warm)",2876,3.29
"PK point lookup (warm)",2877,3.32
"PK point lookup (warm)",2878,2.29
"PK point lookup (warm)",2879,3.07
"PK point lookup (warm)",2880,3.12
"PK point lookup (warm)",2881,3.41
"PK point lookup (warm)",2882,3.14
"PK point lookup (warm)",2883,3.41
"PK point lookup (warm)",2884,3.42
"PK point lookup (warm)",2885,3.34
"PK point lookup (warm)",2886,3.42
"PK point lookup (warm)",2887,3.22
"PK point lookup (warm)",2888,3.46
"PK point lookup (warm)",2889,3.25
"PK point lookup (warm)",2890,3.79
"PK point lookup (warm)",2891,3.35
"PK point lookup (warm)",2892,3.40
"PK point lookup (warm)",2893,3.57
"PK point lookup (warm)",2894,3.51
"PK point lookup (warm)",2895,9.50
"PK point lookup (warm)",2896,3.71
"PK point lookup (warm)",2897,3.30
"PK point lookup (warm)",2898,3.28
"PK point lookup (warm)",2899,3.38
"PK point lookup (warm)",2900,3.59
"PK point lookup (warm)",2901,11.68
"PK point lookup (warm)",2902,3.59
"PK point lookup (warm)",2903,3.32
"PK point lookup (warm)",2904,3.55
"PK point lookup (warm)",2905,3.29
"PK point lookup (warm)",2906,3.45
"PK point lookup (warm)",2907,3.72
"PK point lookup (warm)",2908,3.57
"PK point lookup (warm)",2909,3.32
"PK point lookup (warm)",2910,3.15
"PK point lookup (warm)",2911,2.31
"PK point lookup (warm)",2912,3.28
"PK point lookup (warm)",2913,3.28
"PK point lookup (warm)",2914,3.51
"PK point lookup (warm)",2915,3.21
"PK point lookup (warm)",2916,3.32
"PK point lookup (warm)",2917,3.37
"PK point lookup (warm)",2918,3.62
"PK point lookup (warm)",2919,4.55
"PK point lookup (warm)",2920,3.49
"PK point lookup (warm)",2921,3.13
"PK point lookup (warm)",2922,3.25
"PK point lookup (warm)",2923,3.30
"PK point lookup (warm)",2924,4.48
"PK point lookup (warm)",2925,3.56
"PK point lookup (warm)",2926,3.47
"PK point lookup (warm)",2927,3.31
"PK point lookup (warm)",2928,3.21
"PK point lookup (warm)",2929,3.35
"PK point lookup (warm)",2930,3.33
"PK point lookup (warm)",2931,3.24
"PK point lookup (warm)",2932,3.14
"PK point lookup (warm)",2933,3.37
"PK point lookup (warm)",2934,3.37
"PK point lookup (warm)",2935,3.57
"PK point lookup (warm)",2936,3.41
"PK point lookup (warm)",2937,3.89
"PK point lookup (warm)",2938,3.49
"PK point lookup (warm)",2939,3.52
"PK point lookup (warm)",2940,3.40
"PK point lookup (warm)",2941,3.63
"PK point lookup (warm)",2942,3.37
"PK point lookup (warm)",2943,3.46
"PK point lookup (warm)",2944,3.39
"PK point lookup (warm)",2945,3.35
"PK point lookup (warm)",2946,3.51
"PK point lookup (warm)",2947,3.62
"PK point lookup (warm)",2948,5.32
"PK point lookup (warm)",2949,3.44
"PK point lookup (warm)",2950,3.44
"PK point lookup (warm)",2951,3.38
"PK point lookup (warm)",2952,3.27
"PK point lookup (warm)",2953,2.29
"PK point lookup (warm)",2954,3.19
"PK point lookup (warm)",2955,3.56
"PK point lookup (warm)",2956,3.42
"PK point lookup (warm)",2957,3.71
"PK point lookup (warm)",2958,3.19
"PK point lookup (warm)",2959,3.39
"PK point lookup (warm)",2960,3.25
"PK point lookup (warm)",2961,3.18
"PK point lookup (warm)",2962,3.78
"PK point lookup (warm)",2963,3.42
"PK point lookup (warm)",2964,3.40
"PK point lookup (warm)",2965,3.32
"PK point lookup (warm)",2966,3.16
"PK point lookup (warm)",2967,3.49
"PK point lookup (warm)",2968,3.42
"PK point lookup (warm)",2969,3.31
"PK point lookup (warm)",2970,2.03
"PK point lookup (warm)",2971,3.42
"PK point lookup (warm)",2972,3.36
"PK point lookup (warm)",2973,3.40
"PK point lookup (warm)",2974,3.44
"PK point lookup (warm)",2975,3.40
"PK point lookup (warm)",2976,3.46
"PK point lookup (warm)",2977,3.37
"PK point lookup (warm)",2978,3.36
"PK point lookup (warm)",2979,3.33
"PK point lookup (warm)",2980,3.22
"PK point lookup (warm)",2981,3.55
"PK point lookup (warm)",2982,3.54
"PK point lookup (warm)",2983,3.31
"PK point lookup (warm)",2984,3.48
"PK point lookup (warm)",2985,3.16
"PK point lookup (warm)",2986,3.35
"PK point lookup (warm)",2987,2.21
"PK point lookup (warm)",2988,3.28
"PK point lookup (warm)",2989,3.66
"PK point lookup (warm)",2990,3.23
"PK point lookup (warm)",2991,4.91
"PK point lookup (warm)",2992,3.13
"PK point lookup (warm)",2993,3.43
"PK point lookup (warm)",2994,3.38
"PK point lookup (warm)",2995,3.40
"PK point lookup (warm)",2996,3.44
"PK point lookup (warm)",2997,3.43
"PK point lookup (warm)",2998,9.07
"PK point lookup (warm)",2999,3.65
"PK point lookup (warm)",3000,3.42
"PK point lookup (warm)",3001,3.27
"PK point lookup (warm)",3002,3.41
"PK point lookup (warm)",3003,2.36
"PK point lookup (warm)",3004,3.40
"PK point lookup (warm)",3005,3.38
"PK point lookup (warm)",3006,3.32
"PK point lookup (warm)",3007,3.69
"PK point lookup (warm)",3008,3.34
"PK point lookup (warm)",3009,3.60
"PK point lookup (warm)",3010,4.18
"PK point lookup (warm)",3011,4.29
"PK point lookup (warm)",3012,3.40
"PK point lookup (warm)",3013,2.99
"PK point lookup (warm)",3014,3.41
"PK point lookup (warm)",3015,3.30
"PK point lookup (warm)",3016,3.33
"PK point lookup (warm)",3017,3.59
"PK point lookup (warm)",3018,3.19
"PK point lookup (warm)",3019,3.67
"PK point lookup (warm)",3020,2.27
"PK point lookup (warm)",3021,3.08
"PK point lookup (warm)",3022,2.09
"PK point lookup (warm)",3023,3.33
"PK point lookup (warm)",3024,3.23
"PK point lookup (warm)",3025,3.60
"PK point lookup (warm)",3026,3.20
"PK point lookup (warm)",3027,3.42
"PK point lookup (warm)",3028,3.33
"PK point lookup (warm)",3029,3.61
"PK point lookup (warm)",3030,3.28
"PK point lookup (warm)",3031,3.33
"PK point lookup (warm)",3032,3.26
"PK point lookup (warm)",3033,3.47
"PK point lookup (warm)",3034,3.32
"PK point lookup (warm)",3035,3.25
"PK point lookup (warm)",3036,3.31
"PK point lookup (warm)",3037,3.37
"PK point lookup (warm)",3038,3.19
"PK point lookup (warm)",3039,3.20
"PK point lookup (warm)",3040,3.14
"PK point lookup (warm)",3041,3.69
"PK point lookup (warm)",3042,3.38
"PK point lookup (warm)",3043,3.95
"PK point lookup (warm)",3044,3.39
"PK point lookup (warm)",3045,3.23
"PK point lookup (warm)",3046,23.24
"PK point lookup (warm)",3047,7.55
"PK point lookup (warm)",3048,7.20
"PK point lookup (warm)",3049,5.34
"PK point lookup (warm)",3050,4.20
"PK point lookup (warm)",3051,3.35
"PK point lookup (warm)",3052,3.46
"PK point lookup (warm)",3053,4.73
"PK point lookup (warm)",3054,3.37
"PK point lookup (warm)",3055,3.21
"PK point lookup (warm)",3056,3.89
"PK point lookup (warm)",3057,3.18
"PK point lookup (warm)",3058,3.62
"PK point lookup (warm)",3059,3.49
"PK point lookup (warm)",3060,3.71
"PK point lookup (warm)",3061,3.42
"PK point lookup (warm)",3062,2.29
"PK point lookup (warm)",3063,3.81
"PK point lookup (warm)",3064,3.50
"PK point lookup (warm)",3065,3.53
"PK point lookup (warm)",3066,3.40
"PK point lookup (warm)",3067,3.32
"PK point lookup (warm)",3068,2.18
"PK point lookup (warm)",3069,3.29
"PK point lookup (warm)",3070,3.69
"PK point lookup (warm)",3071,3.46
"PK point lookup (warm)",3072,3.44
"PK point lookup (warm)",3073,3.04
"PK point lookup (warm)",3074,3.28
"PK point lookup (warm)",3075,3.50
"PK point lookup (warm)",3076,3.72
"PK point lookup (warm)",3077,3.65
"PK point lookup (warm)",3078,3.59
"PK point lookup (warm)",3079,3.38
"PK point lookup (warm)",3080,3.44
"PK point lookup (warm)",3081,3.38
"PK point lookup (warm)",3082,3.66
"PK point lookup (warm)",3083,3.54
"PK point lookup (warm)",3084,3.62
"PK point lookup (warm)",3085,3.70
"PK point lookup (warm)",3086,3.63
"PK point lookup (warm)",3087,3.40
"PK point lookup (warm)",3088,3.36
"PK point lookup (warm)",3089,3.30
"PK point lookup (warm)",3090,3.10
"PK point lookup (warm)",3091,3.35
"PK point lookup (warm)",3092,3.34
"PK point lookup (warm)",3093,3.23
"PK point lookup (warm)",3094,3.47
"PK point lookup (warm)",3095,3.35
"PK point lookup (warm)",3096,3.14
"PK point lookup (warm)",3097,3.49
"PK point lookup (warm)",3098,3.57
"PK point lookup (warm)",3099,3.56
"PK point lookup (warm)",3100,3.46
"PK point lookup (warm)",3101,3.28
"PK point lookup (warm)",3102,3.21
"PK point lookup (warm)",3103,3.26
"PK point lookup (warm)",3104,3.48
"PK point lookup (warm)",3105,3.38
"PK point lookup (warm)",3106,3.50
"PK point lookup (warm)",3107,4.93
"PK point lookup (warm)",3108,3.41
"PK point lookup (warm)",3109,9.73
"PK point lookup (warm)",3110,3.55
"PK point lookup (warm)",3111,3.52
"PK point lookup (warm)",3112,3.45
"PK point lookup (warm)",3113,3.60
"PK point lookup (warm)",3114,3.27
"PK point lookup (warm)",3115,3.97
"PK point lookup (warm)",3116,3.29
"PK point lookup (warm)",3117,3.37
"PK point lookup (warm)",3118,4.03
"PK point lookup (warm)",3119,3.43
"PK point lookup (warm)",3120,3.38
"PK point lookup (warm)",3121,2.15
"PK point lookup (warm)",3122,3.35
"PK point lookup (warm)",3123,3.62
"PK point lookup (warm)",3124,3.50
"PK point lookup (warm)",3125,3.66
"PK point lookup (warm)",3126,3.69
"PK point lookup (warm)",3127,3.34
"PK point lookup (warm)",3128,3.43
"PK point lookup (warm)",3129,3.28
"PK point lookup (warm)",3130,3.52
"PK point lookup (warm)",3131,3.76
"PK point lookup (warm)",3132,3.17
"PK point lookup (warm)",3133,3.74
"PK point lookup (warm)",3134,3.16
"PK point lookup (warm)",3135,3.39
"PK point lookup (warm)",3136,3.32
"PK point lookup (warm)",3137,3.83
"PK point lookup (warm)",3138,3.48
"PK point lookup (warm)",3139,3.40
"PK point lookup (warm)",3140,3.44
"PK point lookup (warm)",3141,3.34
"PK point lookup (warm)",3142,3.58
"PK point lookup (warm)",3143,3.27
"PK point lookup (warm)",3144,3.55
"PK point lookup (warm)",3145,3.23
"PK point lookup (warm)",3146,3.59
"PK point lookup (warm)",3147,3.65
"PK point lookup (warm)",3148,3.79
"PK point lookup (warm)",3149,3.37
"PK point lookup (warm)",3150,3.84
"PK point lookup (warm)",3151,3.32
"PK point lookup (warm)",3152,3.51
"PK point lookup (warm)",3153,3.29
"PK point lookup (warm)",3154,3.61
"PK point lookup (warm)",3155,3.30
"PK point lookup (warm)",3156,3.65
"PK point lookup (warm)",3157,3.43
"PK point lookup (warm)",3158,3.58
"PK point lookup (warm)",3159,3.34
"PK point lookup (warm)",3160,3.61
"PK point lookup (warm)",3161,3.50
"PK point lookup (warm)",3162,4.13
"PK point lookup (warm)",3163,3.15
"PK point lookup (warm)",3164,3.35
"PK point lookup (warm)",3165,3.29
"PK point lookup (warm)",3166,3.43
"PK point lookup (warm)",3167,9.01
"PK point lookup (warm)",3168,3.97
"PK point lookup (warm)",3169,2.15
"PK point lookup (warm)",3170,5.22
"PK point lookup (warm)",3171,3.12
"PK point lookup (warm)",3172,3.25
"PK point lookup (warm)",3173,3.46
"PK point lookup (warm)",3174,3.53
"PK point lookup (warm)",3175,3.56
"PK point lookup (warm)",3176,3.40
"PK point lookup (warm)",3177,3.33
"PK point lookup (warm)",3178,3.11
"PK point lookup (warm)",3179,3.39
"PK point lookup (warm)",3180,3.31
"PK point lookup (warm)",3181,3.65
"PK point lookup (warm)",3182,3.13
"PK point lookup (warm)",3183,2.23
"PK point lookup (warm)",3184,3.37
"PK point lookup (warm)",3185,2.43
"PK point lookup (warm)",3186,2.25
"PK point lookup (warm)",3187,3.61
"PK point lookup (warm)",3188,3.34
"PK point lookup (warm)",3189,2.54
"PK point lookup (warm)",3190,3.29
"PK point lookup (warm)",3191,3.40
"PK point lookup (warm)",3192,3.45
"PK point lookup (warm)",3193,3.40
"PK point lookup (warm)",3194,3.46
"PK point lookup (warm)",3195,3.70
"PK point lookup (warm)",3196,3.08
"PK point lookup (warm)",3197,3.06
"PK point lookup (warm)",3198,3.41
"PK point lookup (warm)",3199,3.40
"PK point lookup (warm)",3200,3.75
"PK point lookup (warm)",3201,3.51
"PK point lookup (warm)",3202,3.72
"PK point lookup (warm)",3203,3.37
"PK point lookup (warm)",3204,3.58
"PK point lookup (warm)",3205,8.59
"PK point lookup (warm)",3206,3.58
"PK point lookup (warm)",3207,3.35
"PK point lookup (warm)",3208,3.43
"PK point lookup (warm)",3209,3.21
"PK point lookup (warm)",3210,3.02
"PK point lookup (warm)",3211,3.01
"PK point lookup (warm)",3212,3.30
"PK point lookup (warm)",3213,3.35
"PK point lookup (warm)",3214,3.11
"PK point lookup (warm)",3215,5.21
"PK point lookup (warm)",3216,3.97
"PK point lookup (warm)",3217,3.38
"PK point lookup (warm)",3218,3.54
"PK point lookup (warm)",3219,3.46
"PK point lookup (warm)",3220,3.41
"PK point lookup (warm)",3221,3.44
"PK point lookup (warm)",3222,3.73
"PK point lookup (warm)",3223,3.00
"PK point lookup (warm)",3224,3.16
"PK point lookup (warm)",3225,3.54
"PK point lookup (warm)",3226,3.44
"PK point lookup (warm)",3227,3.46
"PK point lookup (warm)",3228,3.54
"PK point lookup (warm)",3229,3.55
"PK point lookup (warm)",3230,3.25
"PK point lookup (warm)",3231,3.21
"PK point lookup (warm)",3232,3.27
"PK point lookup (warm)",3233,3.52
"PK point lookup (warm)",3234,2.42
"PK point lookup (warm)",3235,2.20
"PK point lookup (warm)",3236,3.38
"PK point lookup (warm)",3237,3.47
"PK point lookup (warm)",3238,3.20
"PK point lookup (warm)",3239,3.61
"PK point lookup (warm)",3240,3.32
"PK point lookup (warm)",3241,3.30
"PK point lookup (warm)",3242,3.60
"PK point lookup (warm)",3243,3.56
"PK point lookup (warm)",3244,3.22
"PK point lookup (warm)",3245,3.57
"PK point lookup (warm)",3246,3.54
"PK point lookup (warm)",3247,3.50
"PK point lookup (warm)",3248,4.27
"PK point lookup (warm)",3249,3.75
"PK point lookup (warm)",3250,3.26
"PK point lookup (warm)",3251,3.86
"PK point lookup (warm)",3252,3.48
"PK point lookup (warm)",3253,3.56
"PK point lookup (warm)",3254,3.41
"PK point lookup (warm)",3255,3.38
"PK point lookup (warm)",3256,3.48
"PK point lookup (warm)",3257,3.64
"PK point lookup (warm)",3258,3.63
"PK point lookup (warm)",3259,3.40
"PK point lookup (warm)",3260,3.67
"PK point lookup (warm)",3261,3.71
"PK point lookup (warm)",3262,3.34
"PK point lookup (warm)",3263,2.40
"PK point lookup (warm)",3264,3.49
"PK point lookup (warm)",3265,3.25
"PK point lookup (warm)",3266,3.42
"PK point lookup (warm)",3267,3.36
"PK point lookup (warm)",3268,3.48
"PK point lookup (warm)",3269,3.41
"PK point lookup (warm)",3270,3.32
"PK point lookup (warm)",3271,2.06
"PK point lookup (warm)",3272,3.37
"PK point lookup (warm)",3273,5.31
"PK point lookup (warm)",3274,3.36
"PK point lookup (warm)",3275,3.44
"PK point lookup (warm)",3276,3.47
"PK point lookup (warm)",3277,3.93
"PK point lookup (warm)",3278,3.35
"PK point lookup (warm)",3279,3.05
"PK point lookup (warm)",3280,3.33
"PK point lookup (warm)",3281,2.28
"PK point lookup (warm)",3282,3.49
"PK point lookup (warm)",3283,3.53
"PK point lookup (warm)",3284,3.98
"PK point lookup (warm)",3285,3.59
"PK point lookup (warm)",3286,3.52
"PK point lookup (warm)",3287,3.49
"PK point lookup (warm)",3288,3.49
"PK point lookup (warm)",3289,3.30
"PK point lookup (warm)",3290,3.44
"PK point lookup (warm)",3291,3.66
"PK point lookup (warm)",3292,3.81
"PK point lookup (warm)",3293,3.63
"PK point lookup (warm)",3294,3.69
"PK point lookup (warm)",3295,3.38
"PK point lookup (warm)",3296,3.47
"PK point lookup (warm)",3297,2.30
"PK point lookup (warm)",3298,3.53
"PK point lookup (warm)",3299,3.31
"PK point lookup (warm)",3300,3.53
"PK point lookup (warm)",3301,3.39
"PK point lookup (warm)",3302,3.46
"PK point lookup (warm)",3303,6.86
"PK point lookup (warm)",3304,3.68
"PK point lookup (warm)",3305,3.36
"PK point lookup (warm)",3306,3.30
"PK point lookup (warm)",3307,3.97
"PK point lookup (warm)",3308,3.41
"PK point lookup (warm)",3309,3.53
"PK point lookup (warm)",3310,29.91
"PK point lookup (warm)",3311,6.82
"PK point lookup (warm)",3312,5.64
"PK point lookup (warm)",3313,4.14
"PK point lookup (warm)",3314,4.02
"PK point lookup (warm)",3315,3.91
"PK point lookup (warm)",3316,3.51
"PK point lookup (warm)",3317,3.45
"PK point lookup (warm)",3318,3.90
"PK point lookup (warm)",3319,3.67
"PK point lookup (warm)",3320,3.31
"PK point lookup (warm)",3321,3.11
"PK point lookup (warm)",3322,3.20
"PK point lookup (warm)",3323,3.15
"PK point lookup (warm)",3324,3.53
"PK point lookup (warm)",3325,4.80
"PK point lookup (warm)",3326,3.52
"PK point lookup (warm)",3327,3.74
"PK point lookup (warm)",3328,3.32
"PK point lookup (warm)",3329,3.47
"PK point lookup (warm)",3330,3.61
"PK point lookup (warm)",3331,2.42
"PK point lookup (warm)",3332,3.24
"PK point lookup (warm)",3333,3.68
"PK point lookup (warm)",3334,3.58
"PK point lookup (warm)",3335,3.43
"PK point lookup (warm)",3336,4.52
"PK point lookup (warm)",3337,3.35
"PK point lookup (warm)",3338,3.96
"PK point lookup (warm)",3339,3.66
"PK point lookup (warm)",3340,3.74
"PK point lookup (warm)",3341,3.74
"PK point lookup (warm)",3342,3.29
"PK point lookup (warm)",3343,3.34
"PK point lookup (warm)",3344,3.35
"PK point lookup (warm)",3345,3.23
"PK point lookup (warm)",3346,3.35
"PK point lookup (warm)",3347,3.68
"PK point lookup (warm)",3348,3.48
"PK point lookup (warm)",3349,3.67
"PK point lookup (warm)",3350,3.49
"PK point lookup (warm)",3351,3.48
"PK point lookup (warm)",3352,3.31
"PK point lookup (warm)",3353,2.21
"PK point lookup (warm)",3354,3.54
"PK point lookup (warm)",3355,3.57
"PK point lookup (warm)",3356,3.50
"PK point lookup (warm)",3357,3.62
"PK point lookup (warm)",3358,3.39
"PK point lookup (warm)",3359,3.36
"PK point lookup (warm)",3360,3.23
"PK point lookup (warm)",3361,3.56
"PK point lookup (warm)",3362,3.45
"PK point lookup (warm)",3363,3.72
"PK point lookup (warm)",3364,3.47
"PK point lookup (warm)",3365,3.57
"PK point lookup (warm)",3366,3.18
"PK point lookup (warm)",3367,3.42
"PK point lookup (warm)",3368,3.49
"PK point lookup (warm)",3369,3.45
"PK point lookup (warm)",3370,3.45
"PK point lookup (warm)",3371,3.43
"PK point lookup (warm)",3372,3.24
"PK point lookup (warm)",3373,3.41
"PK point lookup (warm)",3374,3.34
"PK point lookup (warm)",3375,3.45
"PK point lookup (warm)",3376,3.54
"PK point lookup (warm)",3377,3.62
"PK point lookup (warm)",3378,3.31
"PK point lookup (warm)",3379,3.31
"PK point lookup (warm)",3380,3.33
"PK point lookup (warm)",3381,3.50
"PK point lookup (warm)",3382,3.35
"PK point lookup (warm)",3383,3.55
"PK point lookup (warm)",3384,3.03
"PK point lookup (warm)",3385,3.47
"PK point lookup (warm)",3386,3.37
"PK point lookup (warm)",3387,3.67
"PK point lookup (warm)",3388,3.37
"PK point lookup (warm)",3389,2.05
"PK point lookup (warm)",3390,2.00
"PK point lookup (warm)",3391,3.41
"PK point lookup (warm)",3392,3.76
"PK point lookup (warm)",3393,3.33
"PK point lookup (warm)",3394,3.46
"PK point lookup (warm)",3395,3.36
"PK point lookup (warm)",3396,3.26
"PK point lookup (warm)",3397,2.16
"PK point lookup (warm)",3398,3.13
"PK point lookup (warm)",3399,3.54
"PK point lookup (warm)",3400,3.46
"PK point lookup (warm)",3401,3.58
"PK point lookup (warm)",3402,3.29
"PK point lookup (warm)",3403,3.39
"PK point lookup (warm)",3404,3.62
"PK point lookup (warm)",3405,3.29
"PK point lookup (warm)",3406,3.28
"PK point lookup (warm)",3407,9.65
"PK point lookup (warm)",3408,3.53
"PK point lookup (warm)",3409,3.62
"PK point lookup (warm)",3410,3.26
"PK point lookup (warm)",3411,3.07
"PK point lookup (warm)",3412,3.61
"PK point lookup (warm)",3413,3.31
"PK point lookup (warm)",3414,3.57
"PK point lookup (warm)",3415,3.50
"PK point lookup (warm)",3416,3.38
"PK point lookup (warm)",3417,3.57
"PK point lookup (warm)",3418,3.30
"PK point lookup (warm)",3419,3.18
"PK point lookup (warm)",3420,3.54
"PK point lookup (warm)",3421,3.51
"PK point lookup (warm)",3422,3.61
"PK point lookup (warm)",3423,3.79
"PK point lookup (warm)",3424,3.18
"PK point lookup (warm)",3425,3.54
"PK point lookup (warm)",3426,3.09
"PK point lookup (warm)",3427,3.17
"PK point lookup (warm)",3428,2.88
"PK point lookup (warm)",3429,3.49
"PK point lookup (warm)",3430,3.16
"PK point lookup (warm)",3431,3.46
"PK point lookup (warm)",3432,7.70
"PK point lookup (warm)",3433,3.97
"PK point lookup (warm)",3434,3.66
"PK point lookup (warm)",3435,3.69
"PK point lookup (warm)",3436,3.45
"PK point lookup (warm)",3437,3.41
"PK point lookup (warm)",3438,3.80
"PK point lookup (warm)",3439,3.64
"PK point lookup (warm)",3440,3.64
"PK point lookup (warm)",3441,4.69
"PK point lookup (warm)",3442,3.35
"PK point lookup (warm)",3443,3.13
"PK point lookup (warm)",3444,3.38
"PK point lookup (warm)",3445,3.55
"PK point lookup (warm)",3446,3.65
"PK point lookup (warm)",3447,3.23
"PK point lookup (warm)",3448,3.52
"PK point lookup (warm)",3449,3.73
"PK point lookup (warm)",3450,3.46
"PK point lookup (warm)",3451,3.51
"PK point lookup (warm)",3452,3.52
"PK point lookup (warm)",3453,3.27
"PK point lookup (warm)",3454,3.58
"PK point lookup (warm)",3455,3.34
"PK point lookup (warm)",3456,3.52
"PK point lookup (warm)",3457,3.54
"PK point lookup (warm)",3458,3.37
"PK point lookup (warm)",3459,3.62
"PK point lookup (warm)",3460,3.35
"PK point lookup (warm)",3461,3.49
"PK point lookup (warm)",3462,3.72
"PK point lookup (warm)",3463,3.38
"PK point lookup (warm)",3464,3.60
"PK point lookup (warm)",3465,3.47
"PK point lookup (warm)",3466,3.33
"PK point lookup (warm)",3467,3.40
"PK point lookup (warm)",3468,3.17
"PK point lookup (warm)",3469,3.33
"PK point lookup (warm)",3470,9.43
"PK point lookup (warm)",3471,3.63
"PK point lookup (warm)",3472,4.77
"PK point lookup (warm)",3473,3.58
"PK point lookup (warm)",3474,3.20
"PK point lookup (warm)",3475,3.52
"PK point lookup (warm)",3476,5.36
"PK point lookup (warm)",3477,5.29
"PK point lookup (warm)",3478,3.33
"PK point lookup (warm)",3479,3.74
"PK point lookup (warm)",3480,3.24
"PK point lookup (warm)",3481,3.48
"PK point lookup (warm)",3482,3.17
"PK point lookup (warm)",3483,3.34
"PK point lookup (warm)",3484,3.32
"PK point lookup (warm)",3485,3.45
"PK point lookup (warm)",3486,3.40
"PK point lookup (warm)",3487,3.60
"PK point lookup (warm)",3488,3.72
"PK point lookup (warm)",3489,3.59
"PK point lookup (warm)",3490,3.38
"PK point lookup (warm)",3491,3.48
"PK point lookup (warm)",3492,3.39
"PK point lookup (warm)",3493,3.31
"PK point lookup (warm)",3494,3.15
"PK point lookup (warm)",3495,3.27
"PK point lookup (warm)",3496,3.46
"PK point lookup (warm)",3497,3.58
"PK point lookup (warm)",3498,3.51
"PK point lookup (warm)",3499,3.21
"PK point lookup (warm)",3500,3.38
"PK point lookup (warm)",3501,3.10
"PK point lookup (warm)",3502,3.39
"PK point lookup (warm)",3503,3.33
"PK point lookup (warm)",3504,3.24
"PK point lookup (warm)",3505,3.25
"PK point lookup (warm)",3506,4.59
"PK point lookup (warm)",3507,3.75
"PK point lookup (warm)",3508,3.47
"PK point lookup (warm)",3509,2.38
"PK point lookup (warm)",3510,28.85
"PK point lookup (warm)",3511,5.35
"PK point lookup (warm)",3512,4.30
"PK point lookup (warm)",3513,3.14
"PK point lookup (warm)",3514,4.36
"PK point lookup (warm)",3515,3.44
"PK point lookup (warm)",3516,3.78
"PK point lookup (warm)",3517,3.62
"PK point lookup (warm)",3518,3.34
"PK point lookup (warm)",3519,3.53
"PK point lookup (warm)",3520,3.32
"PK point lookup (warm)",3521,3.55
"PK point lookup (warm)",3522,3.41
"PK point lookup (warm)",3523,3.37
"PK point lookup (warm)",3524,3.68
"PK point lookup (warm)",3525,5.12
"PK point lookup (warm)",3526,3.49
"PK point lookup (warm)",3527,3.40
"PK point lookup (warm)",3528,3.20
"PK point lookup (warm)",3529,3.17
"PK point lookup (warm)",3530,3.30
"PK point lookup (warm)",3531,3.30
"PK point lookup (warm)",3532,3.44
"PK point lookup (warm)",3533,3.37
"PK point lookup (warm)",3534,3.55
"PK point lookup (warm)",3535,3.54
"PK point lookup (warm)",3536,3.42
"PK point lookup (warm)",3537,3.47
"PK point lookup (warm)",3538,3.32
"PK point lookup (warm)",3539,3.46
"PK point lookup (warm)",3540,3.11
"PK point lookup (warm)",3541,3.64
"PK point lookup (warm)",3542,3.82
"PK point lookup (warm)",3543,3.13
"PK point lookup (warm)",3544,3.50
"PK point lookup (warm)",3545,3.23
"PK point lookup (warm)",3546,3.29
"PK point lookup (warm)",3547,3.53
"PK point lookup (warm)",3548,3.48
"PK point lookup (warm)",3549,3.42
"PK point lookup (warm)",3550,3.47
"PK point lookup (warm)",3551,3.41
"PK point lookup (warm)",3552,3.28
"PK point lookup (warm)",3553,3.49
"PK point lookup (warm)",3554,3.37
"PK point lookup (warm)",3555,3.41
"PK point lookup (warm)",3556,3.30
"PK point lookup (warm)",3557,3.22
"PK point lookup (warm)",3558,3.30
"PK point lookup (warm)",3559,3.26
"PK point lookup (warm)",3560,3.22
"PK point lookup (warm)",3561,3.46
"PK point lookup (warm)",3562,3.56
"PK point lookup (warm)",3563,3.21
"PK point lookup (warm)",3564,3.21
"PK point lookup (warm)",3565,14.48
"PK point lookup (warm)",3566,6.18
"PK point lookup (warm)",3567,27.29
"PK point lookup (warm)",3568,6.44
"PK point lookup (warm)",3569,4.59
"PK point lookup (warm)",3570,3.80
"PK point lookup (warm)",3571,3.59
"PK point lookup (warm)",3572,3.90
"PK point lookup (warm)",3573,4.17
"PK point lookup (warm)",3574,3.70
"PK point lookup (warm)",3575,3.38
"PK point lookup (warm)",3576,3.54
"PK point lookup (warm)",3577,3.69
"PK point lookup (warm)",3578,3.39
"PK point lookup (warm)",3579,3.19
"PK point lookup (warm)",3580,3.40
"PK point lookup (warm)",3581,3.65
"PK point lookup (warm)",3582,3.97
"PK point lookup (warm)",3583,3.70
"PK point lookup (warm)",3584,3.83
"PK point lookup (warm)",3585,3.50
"PK point lookup (warm)",3586,3.60
"PK point lookup (warm)",3587,3.32
"PK point lookup (warm)",3588,3.83
"PK point lookup (warm)",3589,3.40
"PK point lookup (warm)",3590,3.87
"PK point lookup (warm)",3591,3.44
"PK point lookup (warm)",3592,3.50
"PK point lookup (warm)",3593,3.25
"PK point lookup (warm)",3594,4.04
"PK point lookup (warm)",3595,3.41
"PK point lookup (warm)",3596,3.29
"PK point lookup (warm)",3597,3.16
"PK point lookup (warm)",3598,3.33
"PK point lookup (warm)",3599,3.59
"PK point lookup (warm)",3600,3.64
"PK point lookup (warm)",3601,3.57
"PK point lookup (warm)",3602,3.41
"PK point lookup (warm)",3603,3.25
"PK point lookup (warm)",3604,3.44
"PK point lookup (warm)",3605,4.68
"PK point lookup (warm)",3606,3.50
"PK point lookup (warm)",3607,3.60
"PK point lookup (warm)",3608,3.53
"PK point lookup (warm)",3609,3.70
"PK point lookup (warm)",3610,3.57
"PK point lookup (warm)",3611,3.54
"PK point lookup (warm)",3612,3.29
"PK point lookup (warm)",3613,3.42
"PK point lookup (warm)",3614,3.59
"PK point lookup (warm)",3615,3.67
"PK point lookup (warm)",3616,3.69
"PK point lookup (warm)",3617,3.48
"PK point lookup (warm)",3618,3.33
"PK point lookup (warm)",3619,3.77
"PK point lookup (warm)",3620,3.45
"PK point lookup (warm)",3621,3.42
"PK point lookup (warm)",3622,3.55
"PK point lookup (warm)",3623,3.33
"PK point lookup (warm)",3624,3.48
"PK point lookup (warm)",3625,3.44
"PK point lookup (warm)",3626,3.37
"PK point lookup (warm)",3627,3.55
"PK point lookup (warm)",3628,3.38
"PK point lookup (warm)",3629,3.34
"PK point lookup (warm)",3630,3.40
"PK point lookup (warm)",3631,3.39
"PK point lookup (warm)",3632,3.44
"PK point lookup (warm)",3633,4.51
"PK point lookup (warm)",3634,3.39
"PK point lookup (warm)",3635,3.19
"PK point lookup (warm)",3636,3.49
"PK point lookup (warm)",3637,2.18
"PK point lookup (warm)",3638,3.50
"PK point lookup (warm)",3639,4.55
"PK point lookup (warm)",3640,3.37
"PK point lookup (warm)",3641,3.43
"PK point lookup (warm)",3642,3.44
"PK point lookup (warm)",3643,3.61
"PK point lookup (warm)",3644,3.38
"PK point lookup (warm)",3645,3.42
"PK point lookup (warm)",3646,3.72
"PK point lookup (warm)",3647,3.25
"PK point lookup (warm)",3648,3.38
"PK point lookup (warm)",3649,3.26
"PK point lookup (warm)",3650,3.53
"PK point lookup (warm)",3651,9.38
"PK point lookup (warm)",3652,3.70
"PK point lookup (warm)",3653,3.41
"PK point lookup (warm)",3654,3.47
"PK point lookup (warm)",3655,3.46
"PK point lookup (warm)",3656,4.61
"PK point lookup (warm)",3657,3.53
"PK point lookup (warm)",3658,3.46
"PK point lookup (warm)",3659,3.72
"PK point lookup (warm)",3660,3.28
"PK point lookup (warm)",3661,3.61
"PK point lookup (warm)",3662,3.58
"PK point lookup (warm)",3663,3.59
"PK point lookup (warm)",3664,3.35
"PK point lookup (warm)",3665,3.25
"PK point lookup (warm)",3666,3.41
"PK point lookup (warm)",3667,3.56
"PK point lookup (warm)",3668,3.76
"PK point lookup (warm)",3669,3.53
"PK point lookup (warm)",3670,3.36
"PK point lookup (warm)",3671,3.50
"PK point lookup (warm)",3672,3.61
"PK point lookup (warm)",3673,3.46
"PK point lookup (warm)",3674,3.47
"PK point lookup (warm)",3675,3.54
"PK point lookup (warm)",3676,9.27
"PK point lookup (warm)",3677,3.42
"PK point lookup (warm)",3678,3.26
"PK point lookup (warm)",3679,4.60
"PK point lookup (warm)",3680,3.60
"PK point lookup (warm)",3681,3.21
"PK point lookup (warm)",3682,3.37
"PK point lookup (warm)",3683,3.44
"PK point lookup (warm)",3684,3.56
"PK point lookup (warm)",3685,3.74
"PK point lookup (warm)",3686,3.38
"PK point lookup (warm)",3687,2.41
"PK point lookup (warm)",3688,3.15
"PK point lookup (warm)",3689,3.42
"PK point lookup (warm)",3690,3.39
"PK point lookup (warm)",3691,3.60
"PK point lookup (warm)",3692,3.39
"PK point lookup (warm)",3693,3.44
"PK point lookup (warm)",3694,3.24
"PK point lookup (warm)",3695,3.60
"PK point lookup (warm)",3696,3.31
"PK point lookup (warm)",3697,3.69
"PK point lookup (warm)",3698,3.46
"PK point lookup (warm)",3699,3.44
"PK point lookup (warm)",3700,3.63
"PK point lookup (warm)",3701,2.45
"PK point lookup (warm)",3702,2.22
"PK point lookup (warm)",3703,3.33
"PK point lookup (warm)",3704,3.38
"PK point lookup (warm)",3705,3.44
"PK point lookup (warm)",3706,3.35
"PK point lookup (warm)",3707,3.49
"PK point lookup (warm)",3708,4.01
"PK point lookup (warm)",3709,3.55
"PK point lookup (warm)",3710,3.31
"PK point lookup (warm)",3711,3.51
"PK point lookup (warm)",3712,3.63
"PK point lookup (warm)",3713,3.46
"PK point lookup (warm)",3714,3.59
"PK point lookup (warm)",3715,3.67
"PK point lookup (warm)",3716,3.29
"PK point lookup (warm)",3717,3.42
"PK point lookup (warm)",3718,3.23
"PK point lookup (warm)",3719,2.21
"PK point lookup (warm)",3720,3.37
"PK point lookup (warm)",3721,3.76
"PK point lookup (warm)",3722,3.29
"PK point lookup (warm)",3723,3.43
"PK point lookup (warm)",3724,3.31
"PK point lookup (warm)",3725,3.42
"PK point lookup (warm)",3726,3.46
"PK point lookup (warm)",3727,3.43
"PK point lookup (warm)",3728,3.40
"PK point lookup (warm)",3729,2.15
"PK point lookup (warm)",3730,3.59
"PK point lookup (warm)",3731,3.71
"PK point lookup (warm)",3732,3.33
"PK point lookup (warm)",3733,3.74
"PK point lookup (warm)",3734,3.61
"PK point lookup (warm)",3735,3.34
"PK point lookup (warm)",3736,3.29
"PK point lookup (warm)",3737,3.32
"PK point lookup (warm)",3738,3.59
"PK point lookup (warm)",3739,3.78
"PK point lookup (warm)",3740,3.39
"PK point lookup (warm)",3741,3.68
"PK point lookup (warm)",3742,3.38
"PK point lookup (warm)",3743,3.81
"PK point lookup (warm)",3744,3.44
"PK point lookup (warm)",3745,3.30
"PK point lookup (warm)",3746,3.34
"PK point lookup (warm)",3747,3.75
"PK point lookup (warm)",3748,3.42
"PK point lookup (warm)",3749,4.92
"PK point lookup (warm)",3750,2.19
"PK point lookup (warm)",3751,3.17
"PK point lookup (warm)",3752,9.43
"PK point lookup (warm)",3753,3.59
"PK point lookup (warm)",3754,3.33
"PK point lookup (warm)",3755,3.62
"PK point lookup (warm)",3756,3.81
"PK point lookup (warm)",3757,3.57
"PK point lookup (warm)",3758,3.65
"PK point lookup (warm)",3759,3.34
"PK point lookup (warm)",3760,3.48
"PK point lookup (warm)",3761,3.37
"PK point lookup (warm)",3762,3.48
"PK point lookup (warm)",3763,3.72
"PK point lookup (warm)",3764,3.60
"PK point lookup (warm)",3765,3.12
"PK point lookup (warm)",3766,3.67
"PK point lookup (warm)",3767,3.27
"PK point lookup (warm)",3768,3.30
"PK point lookup (warm)",3769,3.28
"PK point lookup (warm)",3770,3.37
"PK point lookup (warm)",3771,3.37
"PK point lookup (warm)",3772,4.64
"PK point lookup (warm)",3773,3.22
"PK point lookup (warm)",3774,3.27
"PK point lookup (warm)",3775,3.23
"PK point lookup (warm)",3776,3.32
"PK point lookup (warm)",3777,3.52
"PK point lookup (warm)",3778,3.23
"PK point lookup (warm)",3779,3.51
"PK point lookup (warm)",3780,3.23
"PK point lookup (warm)",3781,3.29
"PK point lookup (warm)",3782,3.46
"PK point lookup (warm)",3783,3.46
"PK point lookup (warm)",3784,6.09
"PK point lookup (warm)",3785,5.14
"PK point lookup (warm)",3786,3.52
"PK point lookup (warm)",3787,3.35
"PK point lookup (warm)",3788,3.43
"PK point lookup (warm)",3789,3.32
"PK point lookup (warm)",3790,3.45
"PK point lookup (warm)",3791,3.33
"PK point lookup (warm)",3792,2.04
"PK point lookup (warm)",3793,3.60
"PK point lookup (warm)",3794,3.79
"PK point lookup (warm)",3795,3.42
"PK point lookup (warm)",3796,3.37
"PK point lookup (warm)",3797,3.66
"PK point lookup (warm)",3798,3.34
"PK point lookup (warm)",3799,3.20
"PK point lookup (warm)",3800,3.28
"PK point lookup (warm)",3801,3.82
"PK point lookup (warm)",3802,3.48
"PK point lookup (warm)",3803,3.17
"PK point lookup (warm)",3804,3.41
"PK point lookup (warm)",3805,3.40
"PK point lookup (warm)",3806,3.49
"PK point lookup (warm)",3807,3.28
"PK point lookup (warm)",3808,3.44
"PK point lookup (warm)",3809,3.52
"PK point lookup (warm)",3810,3.42
"PK point lookup (warm)",3811,3.42
"PK point lookup (warm)",3812,3.15
"PK point lookup (warm)",3813,3.53
"PK point lookup (warm)",3814,3.21
"PK point lookup (warm)",3815,3.41
"PK point lookup (warm)",3816,3.47
"PK point lookup (warm)",3817,3.46
"PK point lookup (warm)",3818,26.58
"PK point lookup (warm)",3819,6.69
"PK point lookup (warm)",3820,5.53
"PK point lookup (warm)",3821,4.39
"PK point lookup (warm)",3822,3.88
"PK point lookup (warm)",3823,3.46
"PK point lookup (warm)",3824,3.39
"PK point lookup (warm)",3825,3.31
"PK point lookup (warm)",3826,3.36
"PK point lookup (warm)",3827,3.81
"PK point lookup (warm)",3828,3.59
"PK point lookup (warm)",3829,4.27
"PK point lookup (warm)",3830,3.61
"PK point lookup (warm)",3831,3.59
"PK point lookup (warm)",3832,3.81
"PK point lookup (warm)",3833,3.46
"PK point lookup (warm)",3834,3.57
"PK point lookup (warm)",3835,3.50
"PK point lookup (warm)",3836,3.38
"PK point lookup (warm)",3837,3.32
"PK point lookup (warm)",3838,3.24
"PK point lookup (warm)",3839,3.50
"PK point lookup (warm)",3840,3.53
"PK point lookup (warm)",3841,3.54
"PK point lookup (warm)",3842,3.33
"PK point lookup (warm)",3843,9.17
"PK point lookup (warm)",3844,3.92
"PK point lookup (warm)",3845,3.41
"PK point lookup (warm)",3846,3.38
"PK point lookup (warm)",3847,3.33
"PK point lookup (warm)",3848,3.68
"PK point lookup (warm)",3849,3.20
"PK point lookup (warm)",3850,3.49
"PK point lookup (warm)",3851,3.37
"PK point lookup (warm)",3852,3.51
"PK point lookup (warm)",3853,3.41
"PK point lookup (warm)",3854,3.73
"PK point lookup (warm)",3855,3.27
"PK point lookup (warm)",3856,3.29
"PK point lookup (warm)",3857,3.35
"PK point lookup (warm)",3858,3.28
"PK point lookup (warm)",3859,3.53
"PK point lookup (warm)",3860,3.42
"PK point lookup (warm)",3861,3.45
"PK point lookup (warm)",3862,3.38
"PK point lookup (warm)",3863,3.42
"PK point lookup (warm)",3864,3.38
"PK point lookup (warm)",3865,3.56
"PK point lookup (warm)",3866,3.36
"PK point lookup (warm)",3867,3.42
"PK point lookup (warm)",3868,3.26
"PK point lookup (warm)",3869,3.46
"PK point lookup (warm)",3870,3.76
"PK point lookup (warm)",3871,2.30
"PK point lookup (warm)",3872,3.14
"PK point lookup (warm)",3873,3.42
"PK point lookup (warm)",3874,2.14
"PK point lookup (warm)",3875,3.37
"PK point lookup (warm)",3876,3.16
"PK point lookup (warm)",3877,3.44
"PK point lookup (warm)",3878,3.38
"PK point lookup (warm)",3879,3.24
"PK point lookup (warm)",3880,3.26
"PK point lookup (warm)",3881,4.48
"PK point lookup (warm)",3882,3.44
"PK point lookup (warm)",3883,3.19
"PK point lookup (warm)",3884,3.51
"PK point lookup (warm)",3885,3.54
"PK point lookup (warm)",3886,3.22
"PK point lookup (warm)",3887,3.29
"PK point lookup (warm)",3888,3.35
"PK point lookup (warm)",3889,2.10
"PK point lookup (warm)",3890,3.53
"PK point lookup (warm)",3891,3.39
"PK point lookup (warm)",3892,3.04
"PK point lookup (warm)",3893,3.21
"PK point lookup (warm)",3894,3.18
"PK point lookup (warm)",3895,3.37
"PK point lookup (warm)",3896,3.54
"PK point lookup (warm)",3897,3.53
"PK point lookup (warm)",3898,3.36
"PK point lookup (warm)",3899,3.19
"PK point lookup (warm)",3900,3.49
"PK point lookup (warm)",3901,3.19
"PK point lookup (warm)",3902,3.29
"PK point lookup (warm)",3903,3.26
"PK point lookup (warm)",3904,3.30
"PK point lookup (warm)",3905,3.57
"PK point lookup (warm)",3906,3.14
"PK point lookup (warm)",3907,3.24
"PK point lookup (warm)",3908,3.62
"PK point lookup (warm)",3909,3.47
"PK point lookup (warm)",3910,2.99
"PK point lookup (warm)",3911,3.65
"PK point lookup (warm)",3912,3.55
"PK point lookup (warm)",3913,3.28
"PK point lookup (warm)",3914,3.36
"PK point lookup (warm)",3915,3.44
"PK point lookup (warm)",3916,3.69
"PK point lookup (warm)",3917,3.17
"PK point lookup (warm)",3918,3.67
"PK point lookup (warm)",3919,3.14
"PK point lookup (warm)",3920,3.76
"PK point lookup (warm)",3921,3.60
"PK point lookup (warm)",3922,3.26
"PK point lookup (warm)",3923,3.42
"PK point lookup (warm)",3924,10.24
"PK point lookup (warm)",3925,4.55
"PK point lookup (warm)",3926,3.68
"PK point lookup (warm)",3927,3.51
"PK point lookup (warm)",3928,3.26
"PK point lookup (warm)",3929,4.40
"PK point lookup (warm)",3930,3.53
"PK point lookup (warm)",3931,3.63
"PK point lookup (warm)",3932,3.45
"PK point lookup (warm)",3933,3.37
"PK point lookup (warm)",3934,3.51
"PK point lookup (warm)",3935,3.45
"PK point lookup (warm)",3936,3.54
"PK point lookup (warm)",3937,3.26
"PK point lookup (warm)",3938,3.27
"PK point lookup (warm)",3939,9.93
"PK point lookup (warm)",3940,3.68
"PK point lookup (warm)",3941,3.62
"PK point lookup (warm)",3942,2.18
"PK point lookup (warm)",3943,3.45
"PK point lookup (warm)",3944,3.42
"PK point lookup (warm)",3945,3.48
"PK point lookup (warm)",3946,3.31
"PK point lookup (warm)",3947,3.41
"PK point lookup (warm)",3948,3.33
"PK point lookup (warm)",3949,3.36
"PK point lookup (warm)",3950,3.52
"PK point lookup (warm)",3951,4.17
"PK point lookup (warm)",3952,5.19
"PK point lookup (warm)",3953,3.61
"PK point lookup (warm)",3954,3.28
"PK point lookup (warm)",3955,3.22
"PK point lookup (warm)",3956,3.37
"PK point lookup (warm)",3957,3.68
"PK point lookup (warm)",3958,3.22
"PK point lookup (warm)",3959,3.38
"PK point lookup (warm)",3960,3.26
"PK point lookup (warm)",3961,3.29
"PK point lookup (warm)",3962,3.27
"PK point lookup (warm)",3963,3.50
"PK point lookup (warm)",3964,3.59
"PK point lookup (warm)",3965,3.45
"PK point lookup (warm)",3966,3.27
"PK point lookup (warm)",3967,3.33
"PK point lookup (warm)",3968,4.53
"PK point lookup (warm)",3969,3.41
"PK point lookup (warm)",3970,3.27
"PK point lookup (warm)",3971,3.47
"PK point lookup (warm)",3972,3.51
"PK point lookup (warm)",3973,3.31
"PK point lookup (warm)",3974,3.54
"PK point lookup (warm)",3975,3.28
"PK point lookup (warm)",3976,3.39
"PK point lookup (warm)",3977,3.22
"PK point lookup (warm)",3978,3.62
"PK point lookup (warm)",3979,3.27
"PK point lookup (warm)",3980,3.65
"PK point lookup (warm)",3981,3.85
"PK point lookup (warm)",3982,3.30
"PK point lookup (warm)",3983,3.27
"PK point lookup (warm)",3984,3.26
"PK point lookup (warm)",3985,3.71
"PK point lookup (warm)",3986,3.45
"PK point lookup (warm)",3987,3.32
"PK point lookup (warm)",3988,3.38
"PK point lookup (warm)",3989,3.56
"PK point lookup (warm)",3990,3.46
"PK point lookup (warm)",3991,3.43
"PK point lookup (warm)",3992,3.31
"PK point lookup (warm)",3993,3.56
"PK point lookup (warm)",3994,3.19
"PK point lookup (warm)",3995,3.43
"PK point lookup (warm)",3996,3.47
"PK point lookup (warm)",3997,3.37
"PK point lookup (warm)",3998,3.24
"PK point lookup (warm)",3999,3.31
"PK point lookup (warm)",4000,3.09
"PK point lookup (warm)",4001,3.48
"PK point lookup (warm)",4002,3.31
"PK point lookup (warm)",4003,2.24
"PK point lookup (warm)",4004,3.10
"PK point lookup (warm)",4005,3.27
"PK point lookup (warm)",4006,3.62
"PK point lookup (warm)",4007,3.35
"PK point lookup (warm)",4008,3.84
"PK point lookup (warm)",4009,3.98
"PK point lookup (warm)",4010,2.14
"PK point lookup (warm)",4011,3.36
"PK point lookup (warm)",4012,10.13
"PK point lookup (warm)",4013,3.59
"PK point lookup (warm)",4014,3.71
"PK point lookup (warm)",4015,3.53
"PK point lookup (warm)",4016,3.39
"PK point lookup (warm)",4017,3.33
"PK point lookup (warm)",4018,3.63
"PK point lookup (warm)",4019,3.29
"PK point lookup (warm)",4020,3.69
"PK point lookup (warm)",4021,3.34
"PK point lookup (warm)",4022,3.33
"PK point lookup (warm)",4023,3.55
"PK point lookup (warm)",4024,3.43
"PK point lookup (warm)",4025,3.63
"PK point lookup (warm)",4026,3.26
"PK point lookup (warm)",4027,3.43
"PK point lookup (warm)",4028,3.37
"PK point lookup (warm)",4029,3.75
"PK point lookup (warm)",4030,3.20
"PK point lookup (warm)",4031,3.58
"PK point lookup (warm)",4032,3.33
"PK point lookup (warm)",4033,3.39
"PK point lookup (warm)",4034,3.28
"PK point lookup (warm)",4035,3.26
"PK point lookup (warm)",4036,3.43
"PK point lookup (warm)",4037,3.43
"PK point lookup (warm)",4038,3.25
"PK point lookup (warm)",4039,3.33
"PK point lookup (warm)",4040,3.29
"PK point lookup (warm)",4041,4.72
"PK point lookup (warm)",4042,3.25
"PK point lookup (warm)",4043,3.65
"PK point lookup (warm)",4044,3.60
"PK point lookup (warm)",4045,3.27
"PK point lookup (warm)",4046,3.27
"PK point lookup (warm)",4047,3.37
"PK point lookup (warm)",4048,3.26
"PK point lookup (warm)",4049,3.35
"PK point lookup (warm)",4050,3.65
"PK point lookup (warm)",4051,3.20
"PK point lookup (warm)",4052,3.35
"PK point lookup (warm)",4053,3.22
"PK point lookup (warm)",4054,3.19
"PK point lookup (warm)",4055,2.96
"PK point lookup (warm)",4056,3.42
"PK point lookup (warm)",4057,3.52
"PK point lookup (warm)",4058,3.28
"PK point lookup (warm)",4059,3.33
"PK point lookup (warm)",4060,3.64
"PK point lookup (warm)",4061,3.10
"PK point lookup (warm)",4062,3.74
"PK point lookup (warm)",4063,3.69
"PK point lookup (warm)",4064,3.54
"PK point lookup (warm)",4065,3.32
"PK point lookup (warm)",4066,3.50
"PK point lookup (warm)",4067,3.24
"PK point lookup (warm)",4068,3.43
"PK point lookup (warm)",4069,3.36
"PK point lookup (warm)",4070,3.42
"PK point lookup (warm)",4071,3.30
"PK point lookup (warm)",4072,2.91
"PK point lookup (warm)",4073,3.10
"PK point lookup (warm)",4074,3.30
"PK point lookup (warm)",4075,3.49
"PK point lookup (warm)",4076,3.44
"PK point lookup (warm)",4077,3.17
"PK point lookup (warm)",4078,3.21
"PK point lookup (warm)",4079,3.34
"PK point lookup (warm)",4080,3.22
"PK point lookup (warm)",4081,3.24
"PK point lookup (warm)",4082,3.97
"PK point lookup (warm)",4083,31.48
"PK point lookup (warm)",4084,6.86
"PK point lookup (warm)",4085,5.54
"PK point lookup (warm)",4086,4.50
"PK point lookup (warm)",4087,3.78
"PK point lookup (warm)",4088,3.64
"PK point lookup (warm)",4089,3.39
"PK point lookup (warm)",4090,3.56
"PK point lookup (warm)",4091,3.65
"PK point lookup (warm)",4092,3.54
"PK point lookup (warm)",4093,3.42
"PK point lookup (warm)",4094,4.09
"PK point lookup (warm)",4095,3.62
"PK point lookup (warm)",4096,3.34
"PK point lookup (warm)",4097,3.47
"PK point lookup (warm)",4098,3.43
"PK point lookup (warm)",4099,3.54
"PK point lookup (warm)",4100,3.27
"PK point lookup (warm)",4101,3.47
"PK point lookup (warm)",4102,9.67
"PK point lookup (warm)",4103,3.51
"PK point lookup (warm)",4104,3.37
"PK point lookup (warm)",4105,3.61
"PK point lookup (warm)",4106,3.65
"PK point lookup (warm)",4107,3.34
"PK point lookup (warm)",4108,3.35
"PK point lookup (warm)",4109,3.33
"PK point lookup (warm)",4110,3.68
"PK point lookup (warm)",4111,3.50
"PK point lookup (warm)",4112,3.45
"PK point lookup (warm)",4113,3.31
"PK point lookup (warm)",4114,4.49
"PK point lookup (warm)",4115,3.64
"PK point lookup (warm)",4116,3.27
"PK point lookup (warm)",4117,3.12
"PK point lookup (warm)",4118,3.36
"PK point lookup (warm)",4119,3.89
"PK point lookup (warm)",4120,3.20
"PK point lookup (warm)",4121,3.42
"PK point lookup (warm)",4122,3.30
"PK point lookup (warm)",4123,3.04
"PK point lookup (warm)",4124,3.50
"PK point lookup (warm)",4125,3.33
"PK point lookup (warm)",4126,3.22
"PK point lookup (warm)",4127,3.39
"PK point lookup (warm)",4128,3.47
"PK point lookup (warm)",4129,3.25
"PK point lookup (warm)",4130,3.15
"PK point lookup (warm)",4131,3.21
"PK point lookup (warm)",4132,3.41
"PK point lookup (warm)",4133,3.35
"PK point lookup (warm)",4134,3.25
"PK point lookup (warm)",4135,3.66
"PK point lookup (warm)",4136,3.30
"PK point lookup (warm)",4137,3.74
"PK point lookup (warm)",4138,3.29
"PK point lookup (warm)",4139,3.36
"PK point lookup (warm)",4140,2.20
"PK point lookup (warm)",4141,4.91
"PK point lookup (warm)",4142,3.79
"PK point lookup (warm)",4143,3.55
"PK point lookup (warm)",4144,3.35
"PK point lookup (warm)",4145,3.21
"PK point lookup (warm)",4146,3.00
"PK point lookup (warm)",4147,3.32
"PK point lookup (warm)",4148,3.54
"PK point lookup (warm)",4149,2.54
"PK point lookup (warm)",4150,3.33
"PK point lookup (warm)",4151,2.16
"PK point lookup (warm)",4152,3.64
"PK point lookup (warm)",4153,3.54
"PK point lookup (warm)",4154,3.58
"PK point lookup (warm)",4155,3.70
"PK point lookup (warm)",4156,3.50
"PK point lookup (warm)",4157,2.47
"PK point lookup (warm)",4158,3.57
"PK point lookup (warm)",4159,3.71
"PK point lookup (warm)",4160,3.31
"PK point lookup (warm)",4161,3.42
"PK point lookup (warm)",4162,3.33
"PK point lookup (warm)",4163,3.63
"PK point lookup (warm)",4164,3.59
"PK point lookup (warm)",4165,3.60
"PK point lookup (warm)",4166,3.64
"PK point lookup (warm)",4167,3.41
"PK point lookup (warm)",4168,3.46
"PK point lookup (warm)",4169,3.68
"PK point lookup (warm)",4170,3.55
"PK point lookup (warm)",4171,3.59
"PK point lookup (warm)",4172,2.30
"PK point lookup (warm)",4173,3.61
"PK point lookup (warm)",4174,9.49
"PK point lookup (warm)",4175,3.81
"PK point lookup (warm)",4176,3.46
"PK point lookup (warm)",4177,3.98
"PK point lookup (warm)",4178,3.82
"PK point lookup (warm)",4179,3.92
"PK point lookup (warm)",4180,3.76
"PK point lookup (warm)",4181,3.79
"PK point lookup (warm)",4182,3.85
"PK point lookup (warm)",4183,3.56
"PK point lookup (warm)",4184,3.19
"PK point lookup (warm)",4185,3.38
"PK point lookup (warm)",4186,3.63
"PK point lookup (warm)",4187,3.69
"PK point lookup (warm)",4188,3.68
"PK point lookup (warm)",4189,3.32
"PK point lookup (warm)",4190,3.35
"PK point lookup (warm)",4191,3.55
"PK point lookup (warm)",4192,4.10
"PK point lookup (warm)",4193,3.55
"PK point lookup (warm)",4194,3.60
"PK point lookup (warm)",4195,3.63
"PK point lookup (warm)",4196,3.44
"PK point lookup (warm)",4197,3.37
"PK point lookup (warm)",4198,3.59
"PK point lookup (warm)",4199,3.52
"PK point lookup (warm)",4200,9.36
"PK point lookup (warm)",4201,3.98
"PK point lookup (warm)",4202,3.61
"PK point lookup (warm)",4203,3.48
"PK point lookup (warm)",4204,3.37
"PK point lookup (warm)",4205,3.70
"PK point lookup (warm)",4206,3.78
"PK point lookup (warm)",4207,3.78
"PK point lookup (warm)",4208,3.46
"PK point lookup (warm)",4209,3.34
"PK point lookup (warm)",4210,3.72
"PK point lookup (warm)",4211,3.75
"PK point lookup (warm)",4212,3.68
"PK point lookup (warm)",4213,3.66
"PK point lookup (warm)",4214,3.54
"PK point lookup (warm)",4215,3.51
"PK point lookup (warm)",4216,3.32
"PK point lookup (warm)",4217,2.38
"PK point lookup (warm)",4218,2.37
"PK point lookup (warm)",4219,3.65
"PK point lookup (warm)",4220,3.63
"PK point lookup (warm)",4221,3.42
"PK point lookup (warm)",4222,4.05
"PK point lookup (warm)",4223,2.47
"PK point lookup (warm)",4224,3.15
"PK point lookup (warm)",4225,5.14
"PK point lookup (warm)",4226,3.52
"PK point lookup (warm)",4227,3.53
"PK point lookup (warm)",4228,3.46
"PK point lookup (warm)",4229,3.41
"PK point lookup (warm)",4230,3.63
"PK point lookup (warm)",4231,3.47
"PK point lookup (warm)",4232,3.42
"PK point lookup (warm)",4233,3.89
"PK point lookup (warm)",4234,3.26
"PK point lookup (warm)",4235,3.68
"PK point lookup (warm)",4236,3.74
"PK point lookup (warm)",4237,3.60
"PK point lookup (warm)",4238,2.40
"PK point lookup (warm)",4239,3.48
"PK point lookup (warm)",4240,3.70
"PK point lookup (warm)",4241,4.90
"PK point lookup (warm)",4242,3.84
"PK point lookup (warm)",4243,3.43
"PK point lookup (warm)",4244,3.68
"PK point lookup (warm)",4245,3.46
"PK point lookup (warm)",4246,3.44
"PK point lookup (warm)",4247,3.54
"PK point lookup (warm)",4248,3.62
"PK point lookup (warm)",4249,11.45
"PK point lookup (warm)",4250,3.94
"PK point lookup (warm)",4251,3.52
"PK point lookup (warm)",4252,3.70
"PK point lookup (warm)",4253,3.60
"PK point lookup (warm)",4254,3.51
"PK point lookup (warm)",4255,3.91
"PK point lookup (warm)",4256,3.45
"PK point lookup (warm)",4257,3.56
"PK point lookup (warm)",4258,3.78
"PK point lookup (warm)",4259,3.80
"PK point lookup (warm)",4260,3.44
"PK point lookup (warm)",4261,3.76
"PK point lookup (warm)",4262,3.72
"PK point lookup (warm)",4263,3.76
"PK point lookup (warm)",4264,3.46
"PK point lookup (warm)",4265,3.59
"PK point lookup (warm)",4266,3.26
"PK point lookup (warm)",4267,3.66
"PK point lookup (warm)",4268,3.57
"PK point lookup (warm)",4269,3.46
"PK point lookup (warm)",4270,3.64
"PK point lookup (warm)",4271,3.82
"PK point lookup (warm)",4272,3.19
"PK point lookup (warm)",4273,3.53
"PK point lookup (warm)",4274,3.25
"PK point lookup (warm)",4275,3.48
"PK point lookup (warm)",4276,3.83
"PK point lookup (warm)",4277,3.40
"PK point lookup (warm)",4278,3.25
"PK point lookup (warm)",4279,3.64
"PK point lookup (warm)",4280,3.83
"PK point lookup (warm)",4281,3.48
"PK point lookup (warm)",4282,3.46
"PK point lookup (warm)",4283,3.56
"PK point lookup (warm)",4284,3.47
"PK point lookup (warm)",4285,3.64
"PK point lookup (warm)",4286,3.38
"PK point lookup (warm)",4287,3.66
"PK point lookup (warm)",4288,2.21
"PK point lookup (warm)",4289,3.69
"PK point lookup (warm)",4290,3.73
"PK point lookup (warm)",4291,3.70
"PK point lookup (warm)",4292,3.56
"PK point lookup (warm)",4293,3.81
"PK point lookup (warm)",4294,3.73
"PK point lookup (warm)",4295,3.54
"PK point lookup (warm)",4296,3.64
"PK point lookup (warm)",4297,2.22
"PK point lookup (warm)",4298,3.48
"PK point lookup (warm)",4299,3.23
"PK point lookup (warm)",4300,3.48
"PK point lookup (warm)",4301,3.54
"PK point lookup (warm)",4302,3.58
"PK point lookup (warm)",4303,3.83
"PK point lookup (warm)",4304,3.21
"PK point lookup (warm)",4305,2.50
"PK point lookup (warm)",4306,3.94
"PK point lookup (warm)",4307,3.52
"PK point lookup (warm)",4308,3.44
"PK point lookup (warm)",4309,3.23
"PK point lookup (warm)",4310,3.22
"PK point lookup (warm)",4311,3.87
"PK point lookup (warm)",4312,3.45
"PK point lookup (warm)",4313,3.75
"PK point lookup (warm)",4314,3.36
"PK point lookup (warm)",4315,3.51
"PK point lookup (warm)",4316,2.37
"PK point lookup (warm)",4317,3.69
"PK point lookup (warm)",4318,3.49
"PK point lookup (warm)",4319,3.50
"PK point lookup (warm)",4320,3.71
"PK point lookup (warm)",4321,3.47
"PK point lookup (warm)",4322,3.38
"PK point lookup (warm)",4323,3.52
"PK point lookup (warm)",4324,3.68
"PK point lookup (warm)",4325,3.39
"PK point lookup (warm)",4326,3.28
"PK point lookup (warm)",4327,3.51
"PK point lookup (warm)",4328,2.22
"PK point lookup (warm)",4329,3.59
"PK point lookup (warm)",4330,3.74
"PK point lookup (warm)",4331,3.65
"PK point lookup (warm)",4332,3.63
"PK point lookup (warm)",4333,5.84
"PK point lookup (warm)",4334,4.46
"PK point lookup (warm)",4335,3.66
"PK point lookup (warm)",4336,3.99
"PK point lookup (warm)",4337,23.51
"PK point lookup (warm)",4338,7.87
"PK point lookup (warm)",4339,6.89
"PK point lookup (warm)",4340,4.76
"PK point lookup (warm)",4341,3.58
"PK point lookup (warm)",4342,3.94
"PK point lookup (warm)",4343,3.77
"PK point lookup (warm)",4344,3.72
"PK point lookup (warm)",4345,3.81
"PK point lookup (warm)",4346,3.66
"PK point lookup (warm)",4347,3.74
"PK point lookup (warm)",4348,3.45
"PK point lookup (warm)",4349,3.64
"PK point lookup (warm)",4350,3.71
"PK point lookup (warm)",4351,3.80
"PK point lookup (warm)",4352,3.69
"PK point lookup (warm)",4353,3.61
"PK point lookup (warm)",4354,4.06
"PK point lookup (warm)",4355,9.51
"PK point lookup (warm)",4356,3.63
"PK point lookup (warm)",4357,3.76
"PK point lookup (warm)",4358,3.71
"PK point lookup (warm)",4359,3.72
"PK point lookup (warm)",4360,3.23
"PK point lookup (warm)",4361,3.63
"PK point lookup (warm)",4362,3.86
"PK point lookup (warm)",4363,3.46
"PK point lookup (warm)",4364,3.55
"PK point lookup (warm)",4365,5.31
"PK point lookup (warm)",4366,3.34
"PK point lookup (warm)",4367,3.76
"PK point lookup (warm)",4368,3.48
"PK point lookup (warm)",4369,3.35
"PK point lookup (warm)",4370,3.60
"PK point lookup (warm)",4371,2.22
"PK point lookup (warm)",4372,3.58
"PK point lookup (warm)",4373,4.03
"PK point lookup (warm)",4374,3.64
"PK point lookup (warm)",4375,3.43
"PK point lookup (warm)",4376,3.49
"PK point lookup (warm)",4377,3.67
"PK point lookup (warm)",4378,3.72
"PK point lookup (warm)",4379,3.71
"PK point lookup (warm)",4380,3.70
"PK point lookup (warm)",4381,2.27
"PK point lookup (warm)",4382,3.85
"PK point lookup (warm)",4383,3.62
"PK point lookup (warm)",4384,3.49
"PK point lookup (warm)",4385,3.53
"PK point lookup (warm)",4386,3.60
"PK point lookup (warm)",4387,3.62
"PK point lookup (warm)",4388,3.42
"PK point lookup (warm)",4389,2.80
"PK point lookup (warm)",4390,3.77
"PK point lookup (warm)",4391,2.25
"PK point lookup (warm)",4392,2.13
"PK point lookup (warm)",4393,3.60
"PK point lookup (warm)",4394,3.65
"PK point lookup (warm)",4395,3.46
"PK point lookup (warm)",4396,3.28
"PK point lookup (warm)",4397,3.37
"PK point lookup (warm)",4398,3.61
"PK point lookup (warm)",4399,3.37
"PK point lookup (warm)",4400,3.54
"PK point lookup (warm)",4401,4.66
"PK point lookup (warm)",4402,3.80
"PK point lookup (warm)",4403,3.62
"PK point lookup (warm)",4404,3.45
"PK point lookup (warm)",4405,3.59
"PK point lookup (warm)",4406,3.59
"PK point lookup (warm)",4407,3.52
"PK point lookup (warm)",4408,3.64
"PK point lookup (warm)",4409,3.99
"PK point lookup (warm)",4410,3.63
"PK point lookup (warm)",4411,3.93
"PK point lookup (warm)",4412,3.16
"PK point lookup (warm)",4413,3.62
"PK point lookup (warm)",4414,3.47
"PK point lookup (warm)",4415,3.48
"PK point lookup (warm)",4416,3.50
"PK point lookup (warm)",4417,2.86
"PK point lookup (warm)",4418,3.62
"PK point lookup (warm)",4419,3.36
"PK point lookup (warm)",4420,3.38
"PK point lookup (warm)",4421,3.60
"PK point lookup (warm)",4422,3.57
"PK point lookup (warm)",4423,3.55
"PK point lookup (warm)",4424,3.39
"PK point lookup (warm)",4425,3.58
"PK point lookup (warm)",4426,3.85
"PK point lookup (warm)",4427,3.37
"PK point lookup (warm)",4428,3.34
"PK point lookup (warm)",4429,4.99
"PK point lookup (warm)",4430,3.65
"PK point lookup (warm)",4431,3.73
"PK point lookup (warm)",4432,3.67
"PK point lookup (warm)",4433,3.61
"PK point lookup (warm)",4434,4.46
"PK point lookup (warm)",4435,3.60
"PK point lookup (warm)",4436,3.56
"PK point lookup (warm)",4437,3.77
"PK point lookup (warm)",4438,3.70
"PK point lookup (warm)",4439,9.60
"PK point lookup (warm)",4440,3.63
"PK point lookup (warm)",4441,3.38
"PK point lookup (warm)",4442,3.31
"PK point lookup (warm)",4443,3.35
"PK point lookup (warm)",4444,3.64
"PK point lookup (warm)",4445,3.34
"PK point lookup (warm)",4446,3.54
"PK point lookup (warm)",4447,3.47
"PK point lookup (warm)",4448,3.04
"PK point lookup (warm)",4449,3.42
"PK point lookup (warm)",4450,3.49
"PK point lookup (warm)",4451,2.21
"PK point lookup (warm)",4452,3.54
"PK point lookup (warm)",4453,10.35
"PK point lookup (warm)",4454,3.69
"PK point lookup (warm)",4455,3.36
"PK point lookup (warm)",4456,3.43
"PK point lookup (warm)",4457,3.61
"PK point lookup (warm)",4458,3.38
"PK point lookup (warm)",4459,3.50
"PK point lookup (warm)",4460,3.53
"PK point lookup (warm)",4461,3.55
"PK point lookup (warm)",4462,3.47
"PK point lookup (warm)",4463,3.43
"PK point lookup (warm)",4464,3.64
"PK point lookup (warm)",4465,3.43
"PK point lookup (warm)",4466,3.47
"PK point lookup (warm)",4467,3.26
"PK point lookup (warm)",4468,3.48
"PK point lookup (warm)",4469,3.45
"PK point lookup (warm)",4470,3.29
"PK point lookup (warm)",4471,3.45
"PK point lookup (warm)",4472,3.44
"PK point lookup (warm)",4473,3.45
"PK point lookup (warm)",4474,3.40
"PK point lookup (warm)",4475,3.58
"PK point lookup (warm)",4476,3.63
"PK point lookup (warm)",4477,3.65
"PK point lookup (warm)",4478,2.32
"PK point lookup (warm)",4479,3.62
"PK point lookup (warm)",4480,3.66
"PK point lookup (warm)",4481,3.51
"PK point lookup (warm)",4482,3.17
"PK point lookup (warm)",4483,3.45
"PK point lookup (warm)",4484,3.39
"PK point lookup (warm)",4485,3.57
"PK point lookup (warm)",4486,3.43
"PK point lookup (warm)",4487,3.52
"PK point lookup (warm)",4488,3.65
"PK point lookup (warm)",4489,3.36
"PK point lookup (warm)",4490,3.03
"PK point lookup (warm)",4491,3.68
"PK point lookup (warm)",4492,3.66
"PK point lookup (warm)",4493,3.73
"PK point lookup (warm)",4494,3.61
"PK point lookup (warm)",4495,3.69
"PK point lookup (warm)",4496,3.21
"PK point lookup (warm)",4497,4.07
"PK point lookup (warm)",4498,3.66
"PK point lookup (warm)",4499,3.54
"PK point lookup (warm)",4500,3.67
"PK point lookup (warm)",4501,3.61
"PK point lookup (warm)",4502,3.51
"PK point lookup (warm)",4503,3.51
"PK point lookup (warm)",4504,2.33
"PK point lookup (warm)",4505,3.27
"PK point lookup (warm)",4506,3.75
"PK point lookup (warm)",4507,3.51
"PK point lookup (warm)",4508,3.68
"PK point lookup (warm)",4509,3.64
"PK point lookup (warm)",4510,3.50
"PK point lookup (warm)",4511,3.53
"PK point lookup (warm)",4512,3.16
"PK point lookup (warm)",4513,3.45
"PK point lookup (warm)",4514,3.28
"PK point lookup (warm)",4515,4.67
"PK point lookup (warm)",4516,3.60
"PK point lookup (warm)",4517,3.57
"PK point lookup (warm)",4518,3.48
"PK point lookup (warm)",4519,3.67
"PK point lookup (warm)",4520,3.25
"PK point lookup (warm)",4521,3.48
"PK point lookup (warm)",4522,3.82
"PK point lookup (warm)",4523,3.40
"PK point lookup (warm)",4524,3.47
"PK point lookup (warm)",4525,3.64
"PK point lookup (warm)",4526,3.36
"PK point lookup (warm)",4527,2.39
"PK point lookup (warm)",4528,3.63
"PK point lookup (warm)",4529,3.20
"PK point lookup (warm)",4530,3.62
"PK point lookup (warm)",4531,3.58
"PK point lookup (warm)",4532,3.65
"PK point lookup (warm)",4533,4.12
"PK point lookup (warm)",4534,2.27
"PK point lookup (warm)",4535,9.68
"PK point lookup (warm)",4536,3.94
"PK point lookup (warm)",4537,3.75
"PK point lookup (warm)",4538,3.74
"PK point lookup (warm)",4539,3.64
"PK point lookup (warm)",4540,3.69
"PK point lookup (warm)",4541,3.20
"PK point lookup (warm)",4542,3.52
"PK point lookup (warm)",4543,3.69
"PK point lookup (warm)",4544,3.54
"PK point lookup (warm)",4545,3.59
"PK point lookup (warm)",4546,3.65
"PK point lookup (warm)",4547,3.31
"PK point lookup (warm)",4548,3.49
"PK point lookup (warm)",4549,3.32
"PK point lookup (warm)",4550,3.73
"PK point lookup (warm)",4551,3.84
"PK point lookup (warm)",4552,2.24
"PK point lookup (warm)",4553,3.50
"PK point lookup (warm)",4554,3.66
"PK point lookup (warm)",4555,3.49
"PK point lookup (warm)",4556,3.35
"PK point lookup (warm)",4557,3.42
"PK point lookup (warm)",4558,3.91
"PK point lookup (warm)",4559,3.83
"PK point lookup (warm)",4560,3.64
"PK point lookup (warm)",4561,2.57
"PK point lookup (warm)",4562,3.57
"PK point lookup (warm)",4563,3.51
"PK point lookup (warm)",4564,4.06
"PK point lookup (warm)",4565,2.17
"PK point lookup (warm)",4566,3.47
"PK point lookup (warm)",4567,3.65
"PK point lookup (warm)",4568,3.54
"PK point lookup (warm)",4569,3.57
"PK point lookup (warm)",4570,3.56
"PK point lookup (warm)",4571,3.46
"PK point lookup (warm)",4572,3.58
"PK point lookup (warm)",4573,3.41
"PK point lookup (warm)",4574,3.56
"PK point lookup (warm)",4575,3.66
"PK point lookup (warm)",4576,3.75
"PK point lookup (warm)",4577,3.52
"PK point lookup (warm)",4578,4.98
"PK point lookup (warm)",4579,3.83
"PK point lookup (warm)",4580,3.66
"PK point lookup (warm)",4581,3.45
"PK point lookup (warm)",4582,3.63
"PK point lookup (warm)",4583,3.59
"PK point lookup (warm)",4584,3.86
"PK point lookup (warm)",4585,3.43
"PK point lookup (warm)",4586,3.35
"PK point lookup (warm)",4587,3.76
"PK point lookup (warm)",4588,3.57
"PK point lookup (warm)",4589,3.32
"PK point lookup (warm)",4590,3.51
"PK point lookup (warm)",4591,3.40
"PK point lookup (warm)",4592,3.44
"PK point lookup (warm)",4593,28.77
"PK point lookup (warm)",4594,6.86
"PK point lookup (warm)",4595,27.11
"PK point lookup (warm)",4596,7.57
"PK point lookup (warm)",4597,5.38
"PK point lookup (warm)",4598,4.46
"PK point lookup (warm)",4599,4.46
"PK point lookup (warm)",4600,3.72
"PK point lookup (warm)",4601,3.62
"PK point lookup (warm)",4602,9.84
"PK point lookup (warm)",4603,3.78
"PK point lookup (warm)",4604,3.69
"PK point lookup (warm)",4605,3.90
"PK point lookup (warm)",4606,3.84
"PK point lookup (warm)",4607,3.78
"PK point lookup (warm)",4608,3.83
"PK point lookup (warm)",4609,3.43
"PK point lookup (warm)",4610,3.41
"PK point lookup (warm)",4611,3.64
"PK point lookup (warm)",4612,3.73
"PK point lookup (warm)",4613,3.53
"PK point lookup (warm)",4614,3.76
"PK point lookup (warm)",4615,3.33
"PK point lookup (warm)",4616,3.45
"PK point lookup (warm)",4617,3.44
"PK point lookup (warm)",4618,3.51
"PK point lookup (warm)",4619,3.40
"PK point lookup (warm)",4620,3.75
"PK point lookup (warm)",4621,3.68
"PK point lookup (warm)",4622,2.33
"PK point lookup (warm)",4623,3.40
"PK point lookup (warm)",4624,3.46
"PK point lookup (warm)",4625,3.58
"PK point lookup (warm)",4626,3.25
"PK point lookup (warm)",4627,3.67
"PK point lookup (warm)",4628,3.73
"PK point lookup (warm)",4629,3.87
"PK point lookup (warm)",4630,3.73
"PK point lookup (warm)",4631,3.91
"PK point lookup (warm)",4632,3.42
"PK point lookup (warm)",4633,3.45
"PK point lookup (warm)",4634,3.82
"PK point lookup (warm)",4635,3.45
"PK point lookup (warm)",4636,3.52
"PK point lookup (warm)",4637,3.31
"PK point lookup (warm)",4638,4.00
"PK point lookup (warm)",4639,3.40
"PK point lookup (warm)",4640,3.67
"PK point lookup (warm)",4641,3.49
"PK point lookup (warm)",4642,3.46
"PK point lookup (warm)",4643,2.43
"PK point lookup (warm)",4644,3.67
"PK point lookup (warm)",4645,3.43
"PK point lookup (warm)",4646,3.99
"PK point lookup (warm)",4647,3.53
"PK point lookup (warm)",4648,3.95
"PK point lookup (warm)",4649,3.63
"PK point lookup (warm)",4650,3.54
"PK point lookup (warm)",4651,3.40
"PK point lookup (warm)",4652,3.43
"PK point lookup (warm)",4653,4.37
"PK point lookup (warm)",4654,3.62
"PK point lookup (warm)",4655,3.37
"PK point lookup (warm)",4656,3.53
"PK point lookup (warm)",4657,3.80
"PK point lookup (warm)",4658,3.23
"PK point lookup (warm)",4659,3.63
"PK point lookup (warm)",4660,3.54
"PK point lookup (warm)",4661,3.70
"PK point lookup (warm)",4662,3.50
"PK point lookup (warm)",4663,3.40
"PK point lookup (warm)",4664,3.35
"PK point lookup (warm)",4665,3.56
"PK point lookup (warm)",4666,3.38
"PK point lookup (warm)",4667,3.64
"PK point lookup (warm)",4668,3.32
"PK point lookup (warm)",4669,3.54
"PK point lookup (warm)",4670,3.39
"PK point lookup (warm)",4671,3.36
"PK point lookup (warm)",4672,3.19
"PK point lookup (warm)",4673,3.42
"PK point lookup (warm)",4674,3.50
"PK point lookup (warm)",4675,3.21
"PK point lookup (warm)",4676,3.67
"PK point lookup (warm)",4677,3.64
"PK point lookup (warm)",4678,3.50
"PK point lookup (warm)",4679,3.47
"PK point lookup (warm)",4680,3.61
"PK point lookup (warm)",4681,3.53
"PK point lookup (warm)",4682,3.46
"PK point lookup (warm)",4683,3.64
"PK point lookup (warm)",4684,3.61
"PK point lookup (warm)",4685,3.43
"PK point lookup (warm)",4686,3.46
"PK point lookup (warm)",4687,3.26
"PK point lookup (warm)",4688,3.57
"PK point lookup (warm)",4689,3.47
"PK point lookup (warm)",4690,3.48
"PK point lookup (warm)",4691,3.41
"PK point lookup (warm)",4692,3.58
"PK point lookup (warm)",4693,3.63
"PK point lookup (warm)",4694,3.31
"PK point lookup (warm)",4695,3.39
"PK point lookup (warm)",4696,3.61
"PK point lookup (warm)",4697,4.22
"PK point lookup (warm)",4698,9.42
"PK point lookup (warm)",4699,3.94
"PK point lookup (warm)",4700,3.45
"PK point lookup (warm)",4701,9.01
"PK point lookup (warm)",4702,3.93
"PK point lookup (warm)",4703,3.51
"PK point lookup (warm)",4704,3.48
"PK point lookup (warm)",4705,3.59
"PK point lookup (warm)",4706,3.44
"PK point lookup (warm)",4707,3.35
"PK point lookup (warm)",4708,3.25
"PK point lookup (warm)",4709,3.54
"PK point lookup (warm)",4710,3.31
"PK point lookup (warm)",4711,3.50
"PK point lookup (warm)",4712,3.38
"PK point lookup (warm)",4713,2.37
"PK point lookup (warm)",4714,3.37
"PK point lookup (warm)",4715,3.23
"PK point lookup (warm)",4716,3.23
"PK point lookup (warm)",4717,3.53
"PK point lookup (warm)",4718,3.57
"PK point lookup (warm)",4719,3.34
"PK point lookup (warm)",4720,3.66
"PK point lookup (warm)",4721,3.69
"PK point lookup (warm)",4722,3.79
"PK point lookup (warm)",4723,3.36
"PK point lookup (warm)",4724,3.11
"PK point lookup (warm)",4725,3.80
"PK point lookup (warm)",4726,3.57
"PK point lookup (warm)",4727,3.47
"PK point lookup (warm)",4728,3.17
"PK point lookup (warm)",4729,3.62
"PK point lookup (warm)",4730,3.31
"PK point lookup (warm)",4731,3.77
"PK point lookup (warm)",4732,3.76
"PK point lookup (warm)",4733,3.44
"PK point lookup (warm)",4734,3.54
"PK point lookup (warm)",4735,3.70
"PK point lookup (warm)",4736,3.67
"PK point lookup (warm)",4737,3.35
"PK point lookup (warm)",4738,3.39
"PK point lookup (warm)",4739,3.43
"PK point lookup (warm)",4740,3.31
"PK point lookup (warm)",4741,3.59
"PK point lookup (warm)",4742,3.42
"PK point lookup (warm)",4743,3.49
"PK point lookup (warm)",4744,3.64
"PK point lookup (warm)",4745,2.36
"PK point lookup (warm)",4746,3.42
"PK point lookup (warm)",4747,3.79
"PK point lookup (warm)",4748,3.56
"PK point lookup (warm)",4749,3.49
"PK point lookup (warm)",4750,3.65
"PK point lookup (warm)",4751,3.40
"PK point lookup (warm)",4752,3.47
"PK point lookup (warm)",4753,3.44
"PK point lookup (warm)",4754,3.29
"PK point lookup (warm)",4755,3.57
"PK point lookup (warm)",4756,3.80
"PK point lookup (warm)",4757,3.29
"PK point lookup (warm)",4758,3.19
"PK point lookup (warm)",4759,3.56
"PK point lookup (warm)",4760,3.38
"PK point lookup (warm)",4761,2.42
"PK point lookup (warm)",4762,3.72
"PK point lookup (warm)",4763,3.54
"PK point lookup (warm)",4764,3.31
"PK point lookup (warm)",4765,3.48
"PK point lookup (warm)",4766,3.67
"PK point lookup (warm)",4767,3.48
"PK point lookup (warm)",4768,3.53
"PK point lookup (warm)",4769,3.83
"PK point lookup (warm)",4770,3.45
"PK point lookup (warm)",4771,3.52
"PK point lookup (warm)",4772,3.48
"PK point lookup (warm)",4773,3.86
"PK point lookup (warm)",4774,3.74
"PK point lookup (warm)",4775,3.33
"PK point lookup (warm)",4776,3.55
"PK point lookup (warm)",4777,3.58
"PK point lookup (warm)",4778,3.63
"PK point lookup (warm)",4779,3.75
"PK point lookup (warm)",4780,3.52
"PK point lookup (warm)",4781,3.44
"PK point lookup (warm)",4782,3.48
"PK point lookup (warm)",4783,3.19
"PK point lookup (warm)",4784,3.73
"PK point lookup (warm)",4785,3.59
"PK point lookup (warm)",4786,3.45
"PK point lookup (warm)",4787,3.22
"PK point lookup (warm)",4788,3.54
"PK point lookup (warm)",4789,3.35
"PK point lookup (warm)",4790,3.37
"PK point lookup (warm)",4791,3.54
"PK point lookup (warm)",4792,3.25
"PK point lookup (warm)",4793,3.65
"PK point lookup (warm)",4794,3.68
"PK point lookup (warm)",4795,3.28
"PK point lookup (warm)",4796,3.44
"PK point lookup (warm)",4797,3.31
"PK point lookup (warm)",4798,9.44
"PK point lookup (warm)",4799,3.58
"PK point lookup (warm)",4800,4.70
"PK point lookup (warm)",4801,3.56
"PK point lookup (warm)",4802,3.46
"PK point lookup (warm)",4803,3.53
"PK point lookup (warm)",4804,4.40
"PK point lookup (warm)",4805,3.47
"PK point lookup (warm)",4806,2.19
"PK point lookup (warm)",4807,3.62
"PK point lookup (warm)",4808,2.17
"PK point lookup (warm)",4809,2.09
"PK point lookup (warm)",4810,3.21
"PK point lookup (warm)",4811,3.28
"PK point lookup (warm)",4812,3.33
"PK point lookup (warm)",4813,3.50
"PK point lookup (warm)",4814,3.49
"PK point lookup (warm)",4815,3.76
"PK point lookup (warm)",4816,3.44
"PK point lookup (warm)",4817,3.64
"PK point lookup (warm)",4818,3.47
"PK point lookup (warm)",4819,3.58
"PK point lookup (warm)",4820,3.35
"PK point lookup (warm)",4821,3.51
"PK point lookup (warm)",4822,3.79
"PK point lookup (warm)",4823,3.60
"PK point lookup (warm)",4824,3.36
"PK point lookup (warm)",4825,3.71
"PK point lookup (warm)",4826,3.49
"PK point lookup (warm)",4827,3.47
"PK point lookup (warm)",4828,2.06
"PK point lookup (warm)",4829,3.17
"PK point lookup (warm)",4830,3.70
"PK point lookup (warm)",4831,3.43
"PK point lookup (warm)",4832,3.50
"PK point lookup (warm)",4833,3.26
"PK point lookup (warm)",4834,3.53
"PK point lookup (warm)",4835,3.22
"PK point lookup (warm)",4836,3.78
"PK point lookup (warm)",4837,3.46
"PK point lookup (warm)",4838,3.33
"PK point lookup (warm)",4839,3.54
"PK point lookup (warm)",4840,3.34
"PK point lookup (warm)",4841,3.25
"PK point lookup (warm)",4842,3.25
"PK point lookup (warm)",4843,3.25
"PK point lookup (warm)",4844,3.17
"PK point lookup (warm)",4845,7.82
"PK point lookup (warm)",4846,6.64
"PK point lookup (warm)",4847,5.65
"PK point lookup (warm)",4848,4.48
"PK point lookup (warm)",4849,3.79
"PK point lookup (warm)",4850,3.71
"PK point lookup (warm)",4851,3.64
"PK point lookup (warm)",4852,3.56
"PK point lookup (warm)",4853,3.87
"PK point lookup (warm)",4854,3.43
"PK point lookup (warm)",4855,3.97
"PK point lookup (warm)",4856,3.64
"PK point lookup (warm)",4857,3.15
"PK point lookup (warm)",4858,3.59
"PK point lookup (warm)",4859,3.45
"PK point lookup (warm)",4860,3.44
"PK point lookup (warm)",4861,3.50
"PK point lookup (warm)",4862,3.58
"PK point lookup (warm)",4863,3.34
"PK point lookup (warm)",4864,4.04
"PK point lookup (warm)",4865,3.70
"PK point lookup (warm)",4866,3.55
"PK point lookup (warm)",4867,3.54
"PK point lookup (warm)",4868,3.50
"PK point lookup (warm)",4869,3.28
"PK point lookup (warm)",4870,2.19
"PK point lookup (warm)",4871,3.42
"PK point lookup (warm)",4872,3.88
"PK point lookup (warm)",4873,3.49
"PK point lookup (warm)",4874,3.60
"PK point lookup (warm)",4875,3.56
"PK point lookup (warm)",4876,3.45
"PK point lookup (warm)",4877,3.42
"PK point lookup (warm)",4878,3.96
"PK point lookup (warm)",4879,3.43
"PK point lookup (warm)",4880,3.56
"PK point lookup (warm)",4881,3.38
"PK point lookup (warm)",4882,3.64
"PK point lookup (warm)",4883,3.43
"PK point lookup (warm)",4884,3.57
"PK point lookup (warm)",4885,3.65
"PK point lookup (warm)",4886,3.60
"PK point lookup (warm)",4887,3.35
"PK point lookup (warm)",4888,3.31
"PK point lookup (warm)",4889,2.35
"PK point lookup (warm)",4890,3.92
"PK point lookup (warm)",4891,4.83
"PK point lookup (warm)",4892,3.55
"PK point lookup (warm)",4893,9.62
"PK point lookup (warm)",4894,4.14
"PK point lookup (warm)",4895,3.35
"PK point lookup (warm)",4896,3.68
"PK point lookup (warm)",4897,3.50
"PK point lookup (warm)",4898,3.59
"PK point lookup (warm)",4899,3.51
"PK point lookup (warm)",4900,3.58
"PK point lookup (warm)",4901,3.61
"PK point lookup (warm)",4902,3.58
"PK point lookup (warm)",4903,3.44
"PK point lookup (warm)",4904,3.78
"PK point lookup (warm)",4905,3.24
"PK point lookup (warm)",4906,2.35
"PK point lookup (warm)",4907,3.83
"PK point lookup (warm)",4908,3.30
"PK point lookup (warm)",4909,3.62
"PK point lookup (warm)",4910,3.27
"PK point lookup (warm)",4911,3.63
"PK point lookup (warm)",4912,3.18
"PK point lookup (warm)",4913,3.69
"PK point lookup (warm)",4914,3.37
"PK point lookup (warm)",4915,3.51
"PK point lookup (warm)",4916,3.26
"PK point lookup (warm)",4917,3.64
"PK point lookup (warm)",4918,3.46
"PK point lookup (warm)",4919,3.46
"PK point lookup (warm)",4920,3.18
"PK point lookup (warm)",4921,3.59
"PK point lookup (warm)",4922,3.35
"PK point lookup (warm)",4923,3.55
"PK point lookup (warm)",4924,3.65
"PK point lookup (warm)",4925,3.36
"PK point lookup (warm)",4926,3.29
"PK point lookup (warm)",4927,3.41
"PK point lookup (warm)",4928,3.57
"PK point lookup (warm)",4929,3.22
"PK point lookup (warm)",4930,3.12
"PK point lookup (warm)",4931,3.59
"PK point lookup (warm)",4932,3.63
"PK point lookup (warm)",4933,2.26
"PK point lookup (warm)",4934,3.46
"PK point lookup (warm)",4935,3.65
"PK point lookup (warm)",4936,3.20
"PK point lookup (warm)",4937,3.30
"PK point lookup (warm)",4938,3.30
"PK point lookup (warm)",4939,3.21
"PK point lookup (warm)",4940,3.66
"PK point lookup (warm)",4941,3.78
"PK point lookup (warm)",4942,2.35
"PK point lookup (warm)",4943,3.47
"PK point lookup (warm)",4944,3.45
"PK point lookup (warm)",4945,3.53
"PK point lookup (warm)",4946,3.77
"PK point lookup (warm)",4947,3.29
"PK point lookup (warm)",4948,3.45
"PK point lookup (warm)",4949,3.55
"PK point lookup (warm)",4950,3.39
"PK point lookup (warm)",4951,3.25
"PK point lookup (warm)",4952,3.60
"PK point lookup (warm)",4953,3.80
"PK point lookup (warm)",4954,3.35
"PK point lookup (warm)",4955,8.67
"PK point lookup (warm)",4956,3.71
"PK point lookup (warm)",4957,3.85
"PK point lookup (warm)",4958,3.70
"PK point lookup (warm)",4959,3.42
"PK point lookup (warm)",4960,3.42
"PK point lookup (warm)",4961,3.59
"PK point lookup (warm)",4962,3.31
"PK point lookup (warm)",4963,3.66
"PK point lookup (warm)",4964,9.89
"PK point lookup (warm)",4965,3.55
"PK point lookup (warm)",4966,3.80
"PK point lookup (warm)",4967,3.73
"PK point lookup (warm)",4968,2.31
"PK point lookup (warm)",4969,3.41
"PK point lookup (warm)",4970,3.89
"PK point lookup (warm)",4971,3.60
"PK point lookup (warm)",4972,3.19
"PK point lookup (warm)",4973,3.46
"PK point lookup (warm)",4974,3.29
"PK point lookup (warm)",4975,3.43
"PK point lookup (warm)",4976,4.67
"PK point lookup (warm)",4977,3.71
"PK point lookup (warm)",4978,3.42
"PK point lookup (warm)",4979,3.71
"PK point lookup (warm)",4980,3.70
"PK point lookup (warm)",4981,3.59
"PK point lookup (warm)",4982,3.55
"PK point lookup (warm)",4983,7.22
"PK point lookup (warm)",4984,4.00
"PK point lookup (warm)",4985,3.57
"PK point lookup (warm)",4986,3.79
"PK point lookup (warm)",4987,3.67
"PK point lookup (warm)",4988,3.68
"PK point lookup (warm)",4989,3.53
"PK point lookup (warm)",4990,3.51
"PK point lookup (warm)",4991,4.19
"PK point lookup (warm)",4992,4.53
"PK point lookup (warm)",4993,3.49
"PK point lookup (warm)",4994,2.27
"PK point lookup (warm)",4995,3.45
"PK point lookup (warm)",4996,3.37
"PK point lookup (warm)",4997,2.33
"PK point lookup (warm)",4998,3.44
"PK point lookup (warm)",4999,3.56
"PK point lookup (warm)",5000,3.42
"PK point lookup (warm)",5001,3.19
"PK point lookup (warm)",5002,3.39
"PK point lookup (warm)",5003,3.77
"PK point lookup (warm)",5004,3.28
"PK point lookup (warm)",5005,4.68
"PK point lookup (warm)",5006,3.92
"PK point lookup (warm)",5007,3.60
"PK point lookup (warm)",5008,3.71
"PK point lookup (warm)",5009,2.27
"PK point lookup (warm)",5010,3.42
"PK point lookup (warm)",5011,3.61
"PK point lookup (warm)",5012,3.79
"PK point lookup (warm)",5013,3.89
"PK point lookup (warm)",5014,3.42
"PK point lookup (warm)",5015,3.33
"PK point lookup (warm)",5016,3.36
"PK point lookup (warm)",5017,3.13
"PK point lookup (warm)",5018,3.32
"PK point lookup (warm)",5019,3.31
"PK point lookup (warm)",5020,4.80
"PK point lookup (warm)",5021,3.73
"PK point lookup (warm)",5022,3.38
"PK point lookup (warm)",5023,3.55
"PK point lookup (warm)",5024,3.79
"PK point lookup (warm)",5025,3.56
"PK point lookup (warm)",5026,3.49
"PK point lookup (warm)",5027,3.75
"PK point lookup (warm)",5028,3.58
"PK point lookup (warm)",5029,3.32
"PK point lookup (warm)",5030,3.50
"PK point lookup (warm)",5031,3.55
"PK point lookup (warm)",5032,3.57
"PK point lookup (warm)",5033,3.68
"PK point lookup (warm)",5034,3.59
"PK point lookup (warm)",5035,3.74
"PK point lookup (warm)",5036,3.99
"PK point lookup (warm)",5037,3.30
"PK point lookup (warm)",5038,3.39
"PK point lookup (warm)",5039,3.41
"PK point lookup (warm)",5040,3.67
"PK point lookup (warm)",5041,3.39
"PK point lookup (warm)",5042,2.39
"PK point lookup (warm)",5043,3.12
"PK point lookup (warm)",5044,3.27
"PK point lookup (warm)",5045,3.74
"PK point lookup (warm)",5046,3.73
"PK point lookup (warm)",5047,3.36
"PK point lookup (warm)",5048,3.71
"PK point lookup (warm)",5049,3.32
"PK point lookup (warm)",5050,3.52
"PK point lookup (warm)",5051,3.78
"PK point lookup (warm)",5052,9.35
"PK point lookup (warm)",5053,3.83
"PK point lookup (warm)",5054,3.40
"PK point lookup (warm)",5055,2.70
"PK point lookup (warm)",5056,3.48
"PK point lookup (warm)",5057,3.61
"PK point lookup (warm)",5058,3.38
"PK point lookup (warm)",5059,3.78
"PK point lookup (warm)",5060,3.71
"PK point lookup (warm)",5061,3.24
"PK point lookup (warm)",5062,3.40
"PK point lookup (warm)",5063,3.71
"PK point lookup (warm)",5064,3.43
"PK point lookup (warm)",5065,3.53
"PK point lookup (warm)",5066,3.37
"PK point lookup (warm)",5067,3.36
"PK point lookup (warm)",5068,3.77
"PK point lookup (warm)",5069,4.57
"PK point lookup (warm)",5070,3.31
"PK point lookup (warm)",5071,3.42
"PK point lookup (warm)",5072,3.71
"PK point lookup (warm)",5073,3.34
"PK point lookup (warm)",5074,3.58
"PK point lookup (warm)",5075,3.55
"PK point lookup (warm)",5076,3.69
"PK point lookup (warm)",5077,3.56
"PK point lookup (warm)",5078,3.61
"PK point lookup (warm)",5079,3.24
"PK point lookup (warm)",5080,3.53
"PK point lookup (warm)",5081,3.56
"PK point lookup (warm)",5082,3.33
"PK point lookup (warm)",5083,3.49
"PK point lookup (warm)",5084,3.37
"PK point lookup (warm)",5085,3.62
"PK point lookup (warm)",5086,3.42
"PK point lookup (warm)",5087,3.40
"PK point lookup (warm)",5088,3.70
"PK point lookup (warm)",5089,3.31
"PK point lookup (warm)",5090,3.35
"PK point lookup (warm)",5091,3.60
"PK point lookup (warm)",5092,3.44
"PK point lookup (warm)",5093,3.40
"PK point lookup (warm)",5094,4.01
"PK point lookup (warm)",5095,3.50
"PK point lookup (warm)",5096,2.38
"PK point lookup (warm)",5097,3.39
"PK point lookup (warm)",5098,3.45
"PK point lookup (warm)",5099,3.28
"PK point lookup (warm)",5100,26.20
"PK point lookup (warm)",5101,6.90
"PK point lookup (warm)",5102,4.83
"PK point lookup (warm)",5103,3.97
"PK point lookup (warm)",5104,3.86
"PK point lookup (warm)",5105,4.25
"PK point lookup (warm)",5106,3.69
"PK point lookup (warm)",5107,4.12
"PK point lookup (warm)",5108,3.22
"PK point lookup (warm)",5109,3.61
"PK point lookup (warm)",5110,3.56
"PK point lookup (warm)",5111,3.50
"PK point lookup (warm)",5112,3.71
"PK point lookup (warm)",5113,3.41
"PK point lookup (warm)",5114,3.38
"PK point lookup (warm)",5115,3.96
"PK point lookup (warm)",5116,5.30
"PK point lookup (warm)",5117,3.63
"PK point lookup (warm)",5118,3.80
"PK point lookup (warm)",5119,3.43
"PK point lookup (warm)",5120,2.12
"PK point lookup (warm)",5121,3.36
"PK point lookup (warm)",5122,3.98
"PK point lookup (warm)",5123,2.42
"PK point lookup (warm)",5124,3.66
"PK point lookup (warm)",5125,3.75
"PK point lookup (warm)",5126,3.47
"PK point lookup (warm)",5127,3.76
"PK point lookup (warm)",5128,3.61
"PK point lookup (warm)",5129,3.42
"PK point lookup (warm)",5130,3.64
"PK point lookup (warm)",5131,3.75
"PK point lookup (warm)",5132,3.49
"PK point lookup (warm)",5133,3.61
"PK point lookup (warm)",5134,3.46
"PK point lookup (warm)",5135,3.69
"PK point lookup (warm)",5136,3.63
"PK point lookup (warm)",5137,2.46
"PK point lookup (warm)",5138,3.46
"PK point lookup (warm)",5139,9.84
"PK point lookup (warm)",5140,4.78
"PK point lookup (warm)",5141,3.55
"PK point lookup (warm)",5142,3.62
"PK point lookup (warm)",5143,3.61
"PK point lookup (warm)",5144,3.69
"PK point lookup (warm)",5145,3.49
"PK point lookup (warm)",5146,3.80
"PK point lookup (warm)",5147,3.55
"PK point lookup (warm)",5148,3.46
"PK point lookup (warm)",5149,3.40
"PK point lookup (warm)",5150,3.53
"PK point lookup (warm)",5151,3.24
"PK point lookup (warm)",5152,3.54
"PK point lookup (warm)",5153,3.25
"PK point lookup (warm)",5154,3.73
"PK point lookup (warm)",5155,3.45
"PK point lookup (warm)",5156,3.73
"PK point lookup (warm)",5157,3.65
"PK point lookup (warm)",5158,3.54
"PK point lookup (warm)",5159,3.52
"PK point lookup (warm)",5160,3.42
"PK point lookup (warm)",5161,3.42
"PK point lookup (warm)",5162,3.42
"PK point lookup (warm)",5163,3.67
"PK point lookup (warm)",5164,3.32
"PK point lookup (warm)",5165,2.58
"PK point lookup (warm)",5166,3.80
"PK point lookup (warm)",5167,3.49
"PK point lookup (warm)",5168,3.45
"PK point lookup (warm)",5169,3.79
"PK point lookup (warm)",5170,3.66
"PK point lookup (warm)",5171,3.40
"PK point lookup (warm)",5172,3.40
"PK point lookup (warm)",5173,3.71
"PK point lookup (warm)",5174,3.54
"PK point lookup (warm)",5175,3.47
"PK point lookup (warm)",5176,3.39
"PK point lookup (warm)",5177,3.59
"PK point lookup (warm)",5178,3.78
"PK point lookup (warm)",5179,3.25
"PK point lookup (warm)",5180,3.61
"PK point lookup (warm)",5181,3.50
"PK point lookup (warm)",5182,3.53
"PK point lookup (warm)",5183,3.52
"PK point lookup (warm)",5184,3.38
"PK point lookup (warm)",5185,3.34
"PK point lookup (warm)",5186,3.77
"PK point lookup (warm)",5187,3.39
"PK point lookup (warm)",5188,4.16
"PK point lookup (warm)",5189,3.59
"PK point lookup (warm)",5190,3.46
"PK point lookup (warm)",5191,3.61
"PK point lookup (warm)",5192,3.63
"PK point lookup (warm)",5193,3.87
"PK point lookup (warm)",5194,3.73
"PK point lookup (warm)",5195,3.38
"PK point lookup (warm)",5196,3.74
"PK point lookup (warm)",5197,3.64
"PK point lookup (warm)",5198,3.61
"PK point lookup (warm)",5199,3.59
"PK point lookup (warm)",5200,3.66
"PK point lookup (warm)",5201,3.58
"PK point lookup (warm)",5202,3.37
"PK point lookup (warm)",5203,3.38
"PK point lookup (warm)",5204,3.70
"PK point lookup (warm)",5205,3.52
"PK point lookup (warm)",5206,3.71
"PK point lookup (warm)",5207,3.38
"PK point lookup (warm)",5208,3.62
"PK point lookup (warm)",5209,3.45
"PK point lookup (warm)",5210,3.48
"PK point lookup (warm)",5211,2.47
"PK point lookup (warm)",5212,3.37
"PK point lookup (warm)",5213,3.59
"PK point lookup (warm)",5214,3.92
"PK point lookup (warm)",5215,3.37
"PK point lookup (warm)",5216,3.49
"PK point lookup (warm)",5217,2.25
"PK point lookup (warm)",5218,9.40
"PK point lookup (warm)",5219,3.95
"PK point lookup (warm)",5220,3.71
"PK point lookup (warm)",5221,3.54
"PK point lookup (warm)",5222,9.37
"PK point lookup (warm)",5223,3.49
"PK point lookup (warm)",5224,4.70
"PK point lookup (warm)",5225,3.62
"PK point lookup (warm)",5226,3.39
"PK point lookup (warm)",5227,3.64
"PK point lookup (warm)",5228,3.56
"PK point lookup (warm)",5229,3.79
"PK point lookup (warm)",5230,3.31
"PK point lookup (warm)",5231,3.47
"PK point lookup (warm)",5232,3.52
"PK point lookup (warm)",5233,3.40
"PK point lookup (warm)",5234,3.66
"PK point lookup (warm)",5235,3.65
"PK point lookup (warm)",5236,3.14
"PK point lookup (warm)",5237,3.43
"PK point lookup (warm)",5238,3.66
"PK point lookup (warm)",5239,3.66
"PK point lookup (warm)",5240,3.20
"PK point lookup (warm)",5241,3.57
"PK point lookup (warm)",5242,3.82
"PK point lookup (warm)",5243,3.48
"PK point lookup (warm)",5244,3.60
"PK point lookup (warm)",5245,3.85
"PK point lookup (warm)",5246,2.32
"PK point lookup (warm)",5247,3.31
"PK point lookup (warm)",5248,2.69
"PK point lookup (warm)",5249,3.27
"PK point lookup (warm)",5250,3.50
"PK point lookup (warm)",5251,3.60
"PK point lookup (warm)",5252,3.47
"PK point lookup (warm)",5253,2.70
"PK point lookup (warm)",5254,3.35
"PK point lookup (warm)",5255,3.53
"PK point lookup (warm)",5256,3.50
"PK point lookup (warm)",5257,3.52
"PK point lookup (warm)",5258,3.81
"PK point lookup (warm)",5259,2.73
"PK point lookup (warm)",5260,2.24
"PK point lookup (warm)",5261,3.46
"PK point lookup (warm)",5262,3.50
"PK point lookup (warm)",5263,3.75
"PK point lookup (warm)",5264,3.63
"PK point lookup (warm)",5265,3.36
"PK point lookup (warm)",5266,3.56
"PK point lookup (warm)",5267,3.83
"PK point lookup (warm)",5268,3.46
"PK point lookup (warm)",5269,3.55
"PK point lookup (warm)",5270,3.47
"PK point lookup (warm)",5271,3.56
"PK point lookup (warm)",5272,3.73
"PK point lookup (warm)",5273,3.77
"PK point lookup (warm)",5274,3.25
"PK point lookup (warm)",5275,2.41
"PK point lookup (warm)",5276,3.65
"PK point lookup (warm)",5277,3.35
"PK point lookup (warm)",5278,3.87
"PK point lookup (warm)",5279,4.14
"PK point lookup (warm)",5280,3.47
"PK point lookup (warm)",5281,2.37
"PK point lookup (warm)",5282,3.67
"PK point lookup (warm)",5283,3.71
"PK point lookup (warm)",5284,3.51
"PK point lookup (warm)",5285,3.33
"PK point lookup (warm)",5286,3.62
"PK point lookup (warm)",5287,3.88
"PK point lookup (warm)",5288,3.78
"PK point lookup (warm)",5289,3.55
"PK point lookup (warm)",5290,2.27
"PK point lookup (warm)",5291,3.19
"PK point lookup (warm)",5292,3.88
"PK point lookup (warm)",5293,3.29
"PK point lookup (warm)",5294,3.82
"PK point lookup (warm)",5295,3.57
"PK point lookup (warm)",5296,3.81
"PK point lookup (warm)",5297,9.94
"PK point lookup (warm)",5298,3.74
"PK point lookup (warm)",5299,3.70
"PK point lookup (warm)",5300,4.63
"PK point lookup (warm)",5301,3.53
"PK point lookup (warm)",5302,3.64
"PK point lookup (warm)",5303,3.87
"PK point lookup (warm)",5304,3.51
"PK point lookup (warm)",5305,4.94
"PK point lookup (warm)",5306,3.38
"PK point lookup (warm)",5307,3.50
"PK point lookup (warm)",5308,3.38
"PK point lookup (warm)",5309,3.91
"PK point lookup (warm)",5310,3.44
"PK point lookup (warm)",5311,3.29
"PK point lookup (warm)",5312,3.88
"PK point lookup (warm)",5313,2.46
"PK point lookup (warm)",5314,3.57
"PK point lookup (warm)",5315,3.63
"PK point lookup (warm)",5316,3.61
"PK point lookup (warm)",5317,3.56
"PK point lookup (warm)",5318,3.58
"PK point lookup (warm)",5319,3.61
"PK point lookup (warm)",5320,3.78
"PK point lookup (warm)",5321,3.49
"PK point lookup (warm)",5322,3.43
"PK point lookup (warm)",5323,3.39
"PK point lookup (warm)",5324,3.50
"PK point lookup (warm)",5325,3.90
"PK point lookup (warm)",5326,3.77
"PK point lookup (warm)",5327,3.51
"PK point lookup (warm)",5328,4.05
"PK point lookup (warm)",5329,3.91
"PK point lookup (warm)",5330,3.24
"PK point lookup (warm)",5331,3.33
"PK point lookup (warm)",5332,3.65
"PK point lookup (warm)",5333,3.37
"PK point lookup (warm)",5334,3.13
"PK point lookup (warm)",5335,3.34
"PK point lookup (warm)",5336,3.57
"PK point lookup (warm)",5337,3.56
"PK point lookup (warm)",5338,2.32
"PK point lookup (warm)",5339,3.33
"PK point lookup (warm)",5340,3.54
"PK point lookup (warm)",5341,3.68
"PK point lookup (warm)",5342,3.79
"PK point lookup (warm)",5343,2.40
"PK point lookup (warm)",5344,3.18
"PK point lookup (warm)",5345,3.56
"PK point lookup (warm)",5346,2.42
"PK point lookup (warm)",5347,3.77
"PK point lookup (warm)",5348,3.23
"PK point lookup (warm)",5349,3.15
"PK point lookup (warm)",5350,4.79
"PK point lookup (warm)",5351,3.45
"PK point lookup (warm)",5352,3.63
"PK point lookup (warm)",5353,3.39
"PK point lookup (warm)",5354,3.88
"PK point lookup (warm)",5355,3.33
"PK point lookup (warm)",5356,23.43
"PK point lookup (warm)",5357,7.24
"PK point lookup (warm)",5358,5.53
"PK point lookup (warm)",5359,4.40
"PK point lookup (warm)",5360,3.79
"PK point lookup (warm)",5361,3.46
"PK point lookup (warm)",5362,3.50
"PK point lookup (warm)",5363,2.60
"PK point lookup (warm)",5364,3.67
"PK point lookup (warm)",5365,3.38
"PK point lookup (warm)",5366,3.69
"PK point lookup (warm)",5367,3.89
"PK point lookup (warm)",5368,3.67
"PK point lookup (warm)",5369,3.70
"PK point lookup (warm)",5370,3.57
"PK point lookup (warm)",5371,3.94
"PK point lookup (warm)",5372,3.52
"PK point lookup (warm)",5373,3.52
"PK point lookup (warm)",5374,3.35
"PK point lookup (warm)",5375,3.53
"PK point lookup (warm)",5376,3.65
"PK point lookup (warm)",5377,3.57
"PK point lookup (warm)",5378,3.64
"PK point lookup (warm)",5379,3.62
"PK point lookup (warm)",5380,9.46
"PK point lookup (warm)",5381,3.80
"PK point lookup (warm)",5382,3.69
"PK point lookup (warm)",5383,3.63
"PK point lookup (warm)",5384,3.66
"PK point lookup (warm)",5385,3.59
"PK point lookup (warm)",5386,3.42
"PK point lookup (warm)",5387,3.60
"PK point lookup (warm)",5388,3.75
"PK point lookup (warm)",5389,3.47
"PK point lookup (warm)",5390,3.46
"PK point lookup (warm)",5391,3.41
"PK point lookup (warm)",5392,3.47
"PK point lookup (warm)",5393,2.27
"PK point lookup (warm)",5394,3.42
"PK point lookup (warm)",5395,3.44
"PK point lookup (warm)",5396,3.69
"PK point lookup (warm)",5397,3.62
"PK point lookup (warm)",5398,3.62
"PK point lookup (warm)",5399,3.27
"PK point lookup (warm)",5400,3.89
"PK point lookup (warm)",5401,3.66
"PK point lookup (warm)",5402,3.41
"PK point lookup (warm)",5403,3.60
"PK point lookup (warm)",5404,3.37
"PK point lookup (warm)",5405,3.84
"PK point lookup (warm)",5406,3.41
"PK point lookup (warm)",5407,3.90
"PK point lookup (warm)",5408,4.88
"PK point lookup (warm)",5409,3.79
"PK point lookup (warm)",5410,3.81
"PK point lookup (warm)",5411,3.71
"PK point lookup (warm)",5412,3.35
"PK point lookup (warm)",5413,4.19
"PK point lookup (warm)",5414,3.56
"PK point lookup (warm)",5415,3.44
"PK point lookup (warm)",5416,3.40
"PK point lookup (warm)",5417,3.34
"PK point lookup (warm)",5418,3.90
"PK point lookup (warm)",5419,4.98
"PK point lookup (warm)",5420,3.68
"PK point lookup (warm)",5421,3.56
"PK point lookup (warm)",5422,3.36
"PK point lookup (warm)",5423,3.54
"PK point lookup (warm)",5424,3.88
"PK point lookup (warm)",5425,3.51
"PK point lookup (warm)",5426,3.35
"PK point lookup (warm)",5427,3.55
"PK point lookup (warm)",5428,3.52
"PK point lookup (warm)",5429,3.77
"PK point lookup (warm)",5430,3.50
"PK point lookup (warm)",5431,3.72
"PK point lookup (warm)",5432,3.58
"PK point lookup (warm)",5433,3.46
"PK point lookup (warm)",5434,3.55
"PK point lookup (warm)",5435,3.46
"PK point lookup (warm)",5436,3.73
"PK point lookup (warm)",5437,3.63
"PK point lookup (warm)",5438,3.66
"PK point lookup (warm)",5439,3.22
"PK point lookup (warm)",5440,3.64
"PK point lookup (warm)",5441,3.65
"PK point lookup (warm)",5442,3.41
"PK point lookup (warm)",5443,3.82
"PK point lookup (warm)",5444,3.46
"PK point lookup (warm)",5445,3.24
"PK point lookup (warm)",5446,2.23
"PK point lookup (warm)",5447,3.41
"PK point lookup (warm)",5448,3.33
"PK point lookup (warm)",5449,3.37
"PK point lookup (warm)",5450,3.64
"PK point lookup (warm)",5451,3.19
"PK point lookup (warm)",5452,3.29
"PK point lookup (warm)",5453,3.66
"PK point lookup (warm)",5454,3.69
"PK point lookup (warm)",5455,3.61
"PK point lookup (warm)",5456,3.89
"PK point lookup (warm)",5457,9.59
"PK point lookup (warm)",5458,3.65
"PK point lookup (warm)",5459,3.95
"PK point lookup (warm)",5460,3.85
"PK point lookup (warm)",5461,3.67
"PK point lookup (warm)",5462,3.42
"PK point lookup (warm)",5463,4.72
"PK point lookup (warm)",5464,3.54
"PK point lookup (warm)",5465,2.31
"PK point lookup (warm)",5466,3.22
"PK point lookup (warm)",5467,3.47
"PK point lookup (warm)",5468,3.40
"PK point lookup (warm)",5469,3.44
"PK point lookup (warm)",5470,3.68
"PK point lookup (warm)",5471,3.55
"PK point lookup (warm)",5472,3.73
"PK point lookup (warm)",5473,4.69
"PK point lookup (warm)",5474,3.77
"PK point lookup (warm)",5475,3.42
"PK point lookup (warm)",5476,3.55
"PK point lookup (warm)",5477,3.50
"PK point lookup (warm)",5478,3.97
"PK point lookup (warm)",5479,3.65
"PK point lookup (warm)",5480,3.67
"PK point lookup (warm)",5481,3.37
"PK point lookup (warm)",5482,3.39
"PK point lookup (warm)",5483,3.72
"PK point lookup (warm)",5484,3.92
"PK point lookup (warm)",5485,3.81
"PK point lookup (warm)",5486,3.38
"PK point lookup (warm)",5487,3.25
"PK point lookup (warm)",5488,3.39
"PK point lookup (warm)",5489,3.83
"PK point lookup (warm)",5490,3.46
"PK point lookup (warm)",5491,3.77
"PK point lookup (warm)",5492,3.54
"PK point lookup (warm)",5493,3.50
"PK point lookup (warm)",5494,3.42
"PK point lookup (warm)",5495,3.77
"PK point lookup (warm)",5496,3.27
"PK point lookup (warm)",5497,3.67
"PK point lookup (warm)",5498,3.61
"PK point lookup (warm)",5499,3.44
"PK point lookup (warm)",5500,3.38
"PK point lookup (warm)",5501,3.72
"PK point lookup (warm)",5502,3.75
"PK point lookup (warm)",5503,3.31
"PK point lookup (warm)",5504,3.65
"PK point lookup (warm)",5505,3.47
"PK point lookup (warm)",5506,3.23
"PK point lookup (warm)",5507,3.56
"PK point lookup (warm)",5508,3.69
"PK point lookup (warm)",5509,3.89
"PK point lookup (warm)",5510,3.50
"PK point lookup (warm)",5511,3.74
"PK point lookup (warm)",5512,3.48
"PK point lookup (warm)",5513,3.58
"PK point lookup (warm)",5514,3.43
"PK point lookup (warm)",5515,3.41
"PK point lookup (warm)",5516,3.58
"PK point lookup (warm)",5517,3.73
"PK point lookup (warm)",5518,3.46
"PK point lookup (warm)",5519,3.52
"PK point lookup (warm)",5520,3.68
"PK point lookup (warm)",5521,3.33
"PK point lookup (warm)",5522,3.67
"PK point lookup (warm)",5523,3.23
"PK point lookup (warm)",5524,3.55
"PK point lookup (warm)",5525,4.02
"PK point lookup (warm)",5526,3.37
"PK point lookup (warm)",5527,3.56
"PK point lookup (warm)",5528,3.73
"PK point lookup (warm)",5529,3.38
"PK point lookup (warm)",5530,3.56
"PK point lookup (warm)",5531,3.78
"PK point lookup (warm)",5532,9.13
"PK point lookup (warm)",5533,3.57
"PK point lookup (warm)",5534,3.77
"PK point lookup (warm)",5535,3.60
"PK point lookup (warm)",5536,3.53
"PK point lookup (warm)",5537,3.63
"PK point lookup (warm)",5538,3.49
"PK point lookup (warm)",5539,3.53
"PK point lookup (warm)",5540,3.80
"PK point lookup (warm)",5541,3.38
"PK point lookup (warm)",5542,3.67
"PK point lookup (warm)",5543,3.90
"PK point lookup (warm)",5544,3.44
"PK point lookup (warm)",5545,3.72
"PK point lookup (warm)",5546,3.47
"PK point lookup (warm)",5547,3.48
"PK point lookup (warm)",5548,2.47
"PK point lookup (warm)",5549,3.39
"PK point lookup (warm)",5550,3.63
"PK point lookup (warm)",5551,3.78
"PK point lookup (warm)",5552,3.25
"PK point lookup (warm)",5553,3.54
"PK point lookup (warm)",5554,3.66
"PK point lookup (warm)",5555,3.51
"PK point lookup (warm)",5556,3.68
"PK point lookup (warm)",5557,3.83
"PK point lookup (warm)",5558,3.55
"PK point lookup (warm)",5559,3.38
"PK point lookup (warm)",5560,3.56
"PK point lookup (warm)",5561,3.34
"PK point lookup (warm)",5562,3.45
"PK point lookup (warm)",5563,3.98
"PK point lookup (warm)",5564,3.72
"PK point lookup (warm)",5565,3.81
"PK point lookup (warm)",5566,3.56
"PK point lookup (warm)",5567,3.38
"PK point lookup (warm)",5568,3.35
"PK point lookup (warm)",5569,3.88
"PK point lookup (warm)",5570,3.54
"PK point lookup (warm)",5571,3.67
"PK point lookup (warm)",5572,2.41
"PK point lookup (warm)",5573,3.58
"PK point lookup (warm)",5574,3.33
"PK point lookup (warm)",5575,3.72
"PK point lookup (warm)",5576,3.62
"PK point lookup (warm)",5577,3.41
"PK point lookup (warm)",5578,3.71
"PK point lookup (warm)",5579,3.54
"PK point lookup (warm)",5580,3.32
"PK point lookup (warm)",5581,3.53
"PK point lookup (warm)",5582,3.37
"PK point lookup (warm)",5583,3.49
"PK point lookup (warm)",5584,4.98
"PK point lookup (warm)",5585,3.82
"PK point lookup (warm)",5586,3.38
"PK point lookup (warm)",5587,3.19
"PK point lookup (warm)",5588,3.18
"PK point lookup (warm)",5589,3.12
"PK point lookup (warm)",5590,3.64
"PK point lookup (warm)",5591,3.87
"PK point lookup (warm)",5592,3.50
"PK point lookup (warm)",5593,3.51
"PK point lookup (warm)",5594,3.54
"PK point lookup (warm)",5595,3.73
"PK point lookup (warm)",5596,3.67
"PK point lookup (warm)",5597,3.85
"PK point lookup (warm)",5598,3.84
"PK point lookup (warm)",5599,3.57
"PK point lookup (warm)",5600,3.57
"PK point lookup (warm)",5601,3.66
"PK point lookup (warm)",5602,3.57
"PK point lookup (warm)",5603,3.31
"PK point lookup (warm)",5604,3.50
"PK point lookup (warm)",5605,3.53
"PK point lookup (warm)",5606,3.55
"PK point lookup (warm)",5607,4.08
"PK point lookup (warm)",5608,3.31
"PK point lookup (warm)",5609,3.48
"PK point lookup (warm)",5610,27.33
"PK point lookup (warm)",5611,6.39
"PK point lookup (warm)",5612,5.02
"PK point lookup (warm)",5613,29.14
"PK point lookup (warm)",5614,6.24
"PK point lookup (warm)",5615,4.48
"PK point lookup (warm)",5616,4.18
"PK point lookup (warm)",5617,3.45
"PK point lookup (warm)",5618,3.71
"PK point lookup (warm)",5619,4.16
"PK point lookup (warm)",5620,3.61
"PK point lookup (warm)",5621,3.55
"PK point lookup (warm)",5622,4.17
"PK point lookup (warm)",5623,10.70
"PK point lookup (warm)",5624,3.63
"PK point lookup (warm)",5625,3.49
"PK point lookup (warm)",5626,3.77
"PK point lookup (warm)",5627,3.58
"PK point lookup (warm)",5628,3.68
"PK point lookup (warm)",5629,3.94
"PK point lookup (warm)",5630,3.94
"PK point lookup (warm)",5631,5.18
"PK point lookup (warm)",5632,5.38
"PK point lookup (warm)",5633,5.14
"PK point lookup (warm)",5634,3.95
"PK point lookup (warm)",5635,3.91
"PK point lookup (warm)",5636,3.43
"PK point lookup (warm)",5637,3.53
"PK point lookup (warm)",5638,3.56
"PK point lookup (warm)",5639,3.40
"PK point lookup (warm)",5640,3.80
"PK point lookup (warm)",5641,4.09
"PK point lookup (warm)",5642,3.56
"PK point lookup (warm)",5643,3.45
"PK point lookup (warm)",5644,3.51
"PK point lookup (warm)",5645,3.94
"PK point lookup (warm)",5646,2.73
"PK point lookup (warm)",5647,3.48
"PK point lookup (warm)",5648,3.63
"PK point lookup (warm)",5649,3.57
"PK point lookup (warm)",5650,3.73
"PK point lookup (warm)",5651,3.45
"PK point lookup (warm)",5652,3.47
"PK point lookup (warm)",5653,3.64
"PK point lookup (warm)",5654,3.72
"PK point lookup (warm)",5655,3.94
"PK point lookup (warm)",5656,3.59
"PK point lookup (warm)",5657,3.98
"PK point lookup (warm)",5658,3.60
"PK point lookup (warm)",5659,3.56
"PK point lookup (warm)",5660,3.42
"PK point lookup (warm)",5661,3.36
"PK point lookup (warm)",5662,3.32
"PK point lookup (warm)",5663,3.73
"PK point lookup (warm)",5664,3.30
"PK point lookup (warm)",5665,3.60
"PK point lookup (warm)",5666,3.68
"PK point lookup (warm)",5667,3.60
"PK point lookup (warm)",5668,3.41
"PK point lookup (warm)",5669,3.47
"PK point lookup (warm)",5670,3.56
"PK point lookup (warm)",5671,3.37
"PK point lookup (warm)",5672,4.77
"PK point lookup (warm)",5673,4.04
"PK point lookup (warm)",5674,3.39
"PK point lookup (warm)",5675,3.50
"PK point lookup (warm)",5676,3.38
"PK point lookup (warm)",5677,4.80
"PK point lookup (warm)",5678,3.66
"PK point lookup (warm)",5679,3.60
"PK point lookup (warm)",5680,3.52
"PK point lookup (warm)",5681,3.24
"PK point lookup (warm)",5682,3.75
"PK point lookup (warm)",5683,3.62
"PK point lookup (warm)",5684,3.43
"PK point lookup (warm)",5685,3.92
"PK point lookup (warm)",5686,3.80
"PK point lookup (warm)",5687,3.65
"PK point lookup (warm)",5688,3.43
"PK point lookup (warm)",5689,3.47
"PK point lookup (warm)",5690,3.48
"PK point lookup (warm)",5691,3.36
"PK point lookup (warm)",5692,3.46
"PK point lookup (warm)",5693,3.57
"PK point lookup (warm)",5694,3.04
"PK point lookup (warm)",5695,3.48
"PK point lookup (warm)",5696,3.95
"PK point lookup (warm)",5697,3.68
"PK point lookup (warm)",5698,3.32
"PK point lookup (warm)",5699,3.48
"PK point lookup (warm)",5700,3.76
"PK point lookup (warm)",5701,3.42
"PK point lookup (warm)",5702,3.59
"PK point lookup (warm)",5703,3.66
"PK point lookup (warm)",5704,3.56
"PK point lookup (warm)",5705,3.15
"PK point lookup (warm)",5706,3.51
"PK point lookup (warm)",5707,9.02
"PK point lookup (warm)",5708,3.70
"PK point lookup (warm)",5709,3.65
"PK point lookup (warm)",5710,3.51
"PK point lookup (warm)",5711,3.77
"PK point lookup (warm)",5712,3.97
"PK point lookup (warm)",5713,3.55
"PK point lookup (warm)",5714,3.50
"PK point lookup (warm)",5715,9.45
"PK point lookup (warm)",5716,3.83
"PK point lookup (warm)",5717,3.54
"PK point lookup (warm)",5718,3.49
"PK point lookup (warm)",5719,3.66
"PK point lookup (warm)",5720,3.54
"PK point lookup (warm)",5721,3.39
"PK point lookup (warm)",5722,3.76
"PK point lookup (warm)",5723,3.71
"PK point lookup (warm)",5724,3.35
"PK point lookup (warm)",5725,3.46
"PK point lookup (warm)",5726,5.25
"PK point lookup (warm)",5727,3.95
"PK point lookup (warm)",5728,3.56
"PK point lookup (warm)",5729,3.58
"PK point lookup (warm)",5730,3.36
"PK point lookup (warm)",5731,3.61
"PK point lookup (warm)",5732,3.51
"PK point lookup (warm)",5733,3.48
"PK point lookup (warm)",5734,3.77
"PK point lookup (warm)",5735,3.72
"PK point lookup (warm)",5736,3.50
"PK point lookup (warm)",5737,3.49
"PK point lookup (warm)",5738,3.76
"PK point lookup (warm)",5739,2.45
"PK point lookup (warm)",5740,3.36
"PK point lookup (warm)",5741,3.67
"PK point lookup (warm)",5742,3.23
"PK point lookup (warm)",5743,3.40
"PK point lookup (warm)",5744,3.42
"PK point lookup (warm)",5745,3.37
"PK point lookup (warm)",5746,3.76
"PK point lookup (warm)",5747,3.84
"PK point lookup (warm)",5748,3.56
"PK point lookup (warm)",5749,3.37
"PK point lookup (warm)",5750,3.80
"PK point lookup (warm)",5751,3.31
"PK point lookup (warm)",5752,3.58
"PK point lookup (warm)",5753,3.63
"PK point lookup (warm)",5754,3.67
"PK point lookup (warm)",5755,3.44
"PK point lookup (warm)",5756,3.42
"PK point lookup (warm)",5757,3.55
"PK point lookup (warm)",5758,3.72
"PK point lookup (warm)",5759,3.59
"PK point lookup (warm)",5760,3.42
"PK point lookup (warm)",5761,3.75
"PK point lookup (warm)",5762,3.85
"PK point lookup (warm)",5763,3.42
"PK point lookup (warm)",5764,3.53
"PK point lookup (warm)",5765,3.54
"PK point lookup (warm)",5766,3.51
"PK point lookup (warm)",5767,3.43
"PK point lookup (warm)",5768,3.79
"PK point lookup (warm)",5769,3.51
"PK point lookup (warm)",5770,3.89
"PK point lookup (warm)",5771,3.29
"PK point lookup (warm)",5772,3.46
"PK point lookup (warm)",5773,3.32
"PK point lookup (warm)",5774,3.56
"PK point lookup (warm)",5775,3.52
"PK point lookup (warm)",5776,3.20
"PK point lookup (warm)",5777,3.91
"PK point lookup (warm)",5778,3.87
"PK point lookup (warm)",5779,3.50
"PK point lookup (warm)",5780,3.40
"PK point lookup (warm)",5781,2.36
"PK point lookup (warm)",5782,3.62
"PK point lookup (warm)",5783,3.36
"PK point lookup (warm)",5784,3.81
"PK point lookup (warm)",5785,2.28
"PK point lookup (warm)",5786,3.39
"PK point lookup (warm)",5787,3.36
"PK point lookup (warm)",5788,3.62
"PK point lookup (warm)",5789,9.69
"PK point lookup (warm)",5790,3.77
"PK point lookup (warm)",5791,4.69
"PK point lookup (warm)",5792,3.60
"PK point lookup (warm)",5793,3.65
"PK point lookup (warm)",5794,3.65
"PK point lookup (warm)",5795,4.18
"PK point lookup (warm)",5796,2.45
"PK point lookup (warm)",5797,3.61
"PK point lookup (warm)",5798,5.03
"PK point lookup (warm)",5799,4.24
"PK point lookup (warm)",5800,3.92
"PK point lookup (warm)",5801,2.09
"PK point lookup (warm)",5802,3.77
"PK point lookup (warm)",5803,3.29
"PK point lookup (warm)",5804,3.46
"PK point lookup (warm)",5805,3.51
"PK point lookup (warm)",5806,3.44
"PK point lookup (warm)",5807,3.55
"PK point lookup (warm)",5808,3.64
"PK point lookup (warm)",5809,3.44
"PK point lookup (warm)",5810,3.54
"PK point lookup (warm)",5811,3.25
"PK point lookup (warm)",5812,3.40
"PK point lookup (warm)",5813,3.50
"PK point lookup (warm)",5814,3.44
"PK point lookup (warm)",5815,3.58
"PK point lookup (warm)",5816,3.35
"PK point lookup (warm)",5817,3.57
"PK point lookup (warm)",5818,3.37
"PK point lookup (warm)",5819,3.49
"PK point lookup (warm)",5820,4.61
"PK point lookup (warm)",5821,4.77
"PK point lookup (warm)",5822,3.90
"PK point lookup (warm)",5823,3.70
"PK point lookup (warm)",5824,3.71
"PK point lookup (warm)",5825,3.55
"PK point lookup (warm)",5826,3.54
"PK point lookup (warm)",5827,3.86
"PK point lookup (warm)",5828,3.39
"PK point lookup (warm)",5829,3.34
"PK point lookup (warm)",5830,3.64
"PK point lookup (warm)",5831,3.74
"PK point lookup (warm)",5832,3.65
"PK point lookup (warm)",5833,3.35
"PK point lookup (warm)",5834,3.51
"PK point lookup (warm)",5835,3.82
"PK point lookup (warm)",5836,3.43
"PK point lookup (warm)",5837,3.46
"PK point lookup (warm)",5838,3.81
"PK point lookup (warm)",5839,3.19
"PK point lookup (warm)",5840,3.25
"PK point lookup (warm)",5841,6.14
"PK point lookup (warm)",5842,3.52
"PK point lookup (warm)",5843,3.58
"PK point lookup (warm)",5844,3.43
"PK point lookup (warm)",5845,3.59
"PK point lookup (warm)",5846,3.59
"PK point lookup (warm)",5847,2.31
"PK point lookup (warm)",5848,3.51
"PK point lookup (warm)",5849,3.38
"PK point lookup (warm)",5850,3.26
"PK point lookup (warm)",5851,3.48
"PK point lookup (warm)",5852,28.89
"PK point lookup (warm)",5853,5.33
"PK point lookup (warm)",5854,4.37
"PK point lookup (warm)",5855,3.36
"PK point lookup (warm)",5856,3.76
"PK point lookup (warm)",5857,3.32
"PK point lookup (warm)",5858,3.65
"PK point lookup (warm)",5859,3.75
"PK point lookup (warm)",5860,3.56
"PK point lookup (warm)",5861,3.68
"PK point lookup (warm)",5862,3.65
"PK point lookup (warm)",5863,3.50
"PK point lookup (warm)",5864,3.43
"PK point lookup (warm)",5865,3.76
"PK point lookup (warm)",5866,3.43
"PK point lookup (warm)",5867,3.71
"PK point lookup (warm)",5868,3.31
"PK point lookup (warm)",5869,3.65
"PK point lookup (warm)",5870,3.60
"PK point lookup (warm)",5871,9.89
"PK point lookup (warm)",5872,4.04
"PK point lookup (warm)",5873,3.41
"PK point lookup (warm)",5874,3.74
"PK point lookup (warm)",5875,3.47
"PK point lookup (warm)",5876,3.51
"PK point lookup (warm)",5877,3.29
"PK point lookup (warm)",5878,3.33
"PK point lookup (warm)",5879,3.48
"PK point lookup (warm)",5880,3.60
"PK point lookup (warm)",5881,3.47
"PK point lookup (warm)",5882,3.71
"PK point lookup (warm)",5883,3.31
"PK point lookup (warm)",5884,3.38
"PK point lookup (warm)",5885,3.66
"PK point lookup (warm)",5886,3.45
"PK point lookup (warm)",5887,3.47
"PK point lookup (warm)",5888,3.75
"PK point lookup (warm)",5889,3.55
"PK point lookup (warm)",5890,3.31
"PK point lookup (warm)",5891,3.44
"PK point lookup (warm)",5892,3.85
"PK point lookup (warm)",5893,3.83
"PK point lookup (warm)",5894,3.74
"PK point lookup (warm)",5895,3.70
"PK point lookup (warm)",5896,3.66
"PK point lookup (warm)",5897,3.53
"PK point lookup (warm)",5898,3.70
"PK point lookup (warm)",5899,3.48
"PK point lookup (warm)",5900,3.28
"PK point lookup (warm)",5901,3.46
"PK point lookup (warm)",5902,3.39
"PK point lookup (warm)",5903,3.38
"PK point lookup (warm)",5904,3.76
"PK point lookup (warm)",5905,3.51
"PK point lookup (warm)",5906,3.58
"PK point lookup (warm)",5907,3.61
"PK point lookup (warm)",5908,3.60
"PK point lookup (warm)",5909,3.33
"PK point lookup (warm)",5910,3.64
"PK point lookup (warm)",5911,3.84
"PK point lookup (warm)",5912,3.38
"PK point lookup (warm)",5913,3.35
"PK point lookup (warm)",5914,3.27
"PK point lookup (warm)",5915,3.75
"PK point lookup (warm)",5916,3.59
"PK point lookup (warm)",5917,3.60
"PK point lookup (warm)",5918,3.37
"PK point lookup (warm)",5919,3.40
"PK point lookup (warm)",5920,3.90
"PK point lookup (warm)",5921,3.51
"PK point lookup (warm)",5922,3.60
"PK point lookup (warm)",5923,2.27
"PK point lookup (warm)",5924,3.46
"PK point lookup (warm)",5925,3.31
"PK point lookup (warm)",5926,3.68
"PK point lookup (warm)",5927,3.89
"PK point lookup (warm)",5928,3.80
"PK point lookup (warm)",5929,3.70
"PK point lookup (warm)",5930,3.93
"PK point lookup (warm)",5931,3.83
"PK point lookup (warm)",5932,3.48
"PK point lookup (warm)",5933,3.80
"PK point lookup (warm)",5934,3.55
"PK point lookup (warm)",5935,3.47
"PK point lookup (warm)",5936,3.85
"PK point lookup (warm)",5937,3.69
"PK point lookup (warm)",5938,3.58
"PK point lookup (warm)",5939,3.92
"PK point lookup (warm)",5940,3.59
"PK point lookup (warm)",5941,3.56
"PK point lookup (warm)",5942,3.69
"PK point lookup (warm)",5943,3.65
"PK point lookup (warm)",5944,3.45
"PK point lookup (warm)",5945,3.75
"PK point lookup (warm)",5946,3.61
"PK point lookup (warm)",5947,3.49
"PK point lookup (warm)",5948,3.58
"PK point lookup (warm)",5949,3.31
"PK point lookup (warm)",5950,2.14
"PK point lookup (warm)",5951,3.66
"PK point lookup (warm)",5952,3.70
"PK point lookup (warm)",5953,3.50
"PK point lookup (warm)",5954,8.84
"PK point lookup (warm)",5955,4.07
"PK point lookup (warm)",5956,3.49
"PK point lookup (warm)",5957,3.48
"PK point lookup (warm)",5958,2.50
"PK point lookup (warm)",5959,3.86
"PK point lookup (warm)",5960,3.90
"PK point lookup (warm)",5961,3.43
"PK point lookup (warm)",5962,3.62
"PK point lookup (warm)",5963,3.51
"PK point lookup (warm)",5964,3.60
"PK point lookup (warm)",5965,3.45
"PK point lookup (warm)",5966,3.80
"PK point lookup (warm)",5967,4.79
"PK point lookup (warm)",5968,9.45
"PK point lookup (warm)",5969,3.88
"PK point lookup (warm)",5970,3.67
"PK point lookup (warm)",5971,3.70
"PK point lookup (warm)",5972,3.24
"PK point lookup (warm)",5973,3.68
"PK point lookup (warm)",5974,3.49
"PK point lookup (warm)",5975,2.31
"PK point lookup (warm)",5976,3.63
"PK point lookup (warm)",5977,3.49
"PK point lookup (warm)",5978,4.06
"PK point lookup (warm)",5979,4.20
"PK point lookup (warm)",5980,5.31
"PK point lookup (warm)",5981,4.04
"PK point lookup (warm)",5982,4.62
"PK point lookup (warm)",5983,3.62
"PK point lookup (warm)",5984,3.46
"PK point lookup (warm)",5985,4.65
"PK point lookup (warm)",5986,2.57
"PK point lookup (warm)",5987,3.38
"PK point lookup (warm)",5988,2.20
"PK point lookup (warm)",5989,3.60
"PK point lookup (warm)",5990,3.67
"PK point lookup (warm)",5991,3.23
"PK point lookup (warm)",5992,3.58
"PK point lookup (warm)",5993,3.39
"PK point lookup (warm)",5994,3.70
"PK point lookup (warm)",5995,3.70
"PK point lookup (warm)",5996,3.49
"PK point lookup (warm)",5997,3.42
"PK point lookup (warm)",5998,3.34
"PK point lookup (warm)",5999,3.54
"PK point lookup (warm)",6000,3.68
"PK point lookup (warm)",6001,3.70
"PK point lookup (warm)",6002,3.32
"PK point lookup (warm)",6003,3.42
"PK point lookup (warm)",6004,3.43
"PK point lookup (warm)",6005,3.52
"PK point lookup (warm)",6006,3.67
"PK point lookup (warm)",6007,3.85
"PK point lookup (warm)",6008,2.12
"PK point lookup (warm)",6009,3.42
"PK point lookup (warm)",6010,3.58
"PK point lookup (warm)",6011,3.45
"PK point lookup (warm)",6012,3.55
"PK point lookup (warm)",6013,3.12
"PK point lookup (warm)",6014,3.79
"PK point lookup (warm)",6015,3.26
"PK point lookup (warm)",6016,3.57
"PK point lookup (warm)",6017,3.61
"PK point lookup (warm)",6018,3.75
"PK point lookup (warm)",6019,3.56
"PK point lookup (warm)",6020,4.96
"PK point lookup (warm)",6021,3.59
"PK point lookup (warm)",6022,3.73
"PK point lookup (warm)",6023,3.30
"PK point lookup (warm)",6024,3.35
"PK point lookup (warm)",6025,3.53
"PK point lookup (warm)",6026,3.52
"PK point lookup (warm)",6027,3.21
"PK point lookup (warm)",6028,3.63
"PK point lookup (warm)",6029,3.46
"PK point lookup (warm)",6030,3.28
"PK point lookup (warm)",6031,3.46
"PK point lookup (warm)",6032,3.63
"PK point lookup (warm)",6033,3.35
"PK point lookup (warm)",6034,3.43
"PK point lookup (warm)",6035,3.30
"PK point lookup (warm)",6036,3.51
"PK point lookup (warm)",6037,3.37
"PK point lookup (warm)",6038,2.18
"PK point lookup (warm)",6039,2.23
"PK point lookup (warm)",6040,3.47
"PK point lookup (warm)",6041,3.50
"PK point lookup (warm)",6042,3.58
"PK point lookup (warm)",6043,3.75
"PK point lookup (warm)",6044,9.64
"PK point lookup (warm)",6045,4.84
"PK point lookup (warm)",6046,3.59
"PK point lookup (warm)",6047,3.55
"PK point lookup (warm)",6048,3.43
"PK point lookup (warm)",6049,3.47
"PK point lookup (warm)",6050,3.33
"PK point lookup (warm)",6051,3.71
"PK point lookup (warm)",6052,3.50
"PK point lookup (warm)",6053,3.36
"PK point lookup (warm)",6054,3.75
"PK point lookup (warm)",6055,3.74
"PK point lookup (warm)",6056,3.79
"PK point lookup (warm)",6057,3.55
"PK point lookup (warm)",6058,3.33
"PK point lookup (warm)",6059,2.35
"PK point lookup (warm)",6060,3.44
"PK point lookup (warm)",6061,3.81
"PK point lookup (warm)",6062,3.81
"PK point lookup (warm)",6063,3.27
"PK point lookup (warm)",6064,3.39
"PK point lookup (warm)",6065,3.54
"PK point lookup (warm)",6066,3.44
"PK point lookup (warm)",6067,2.31
"PK point lookup (warm)",6068,3.41
"PK point lookup (warm)",6069,3.40
"PK point lookup (warm)",6070,3.26
"PK point lookup (warm)",6071,3.80
"PK point lookup (warm)",6072,3.84
"PK point lookup (warm)",6073,3.56
"PK point lookup (warm)",6074,3.59
"PK point lookup (warm)",6075,3.50
"PK point lookup (warm)",6076,3.62
"PK point lookup (warm)",6077,3.25
"PK point lookup (warm)",6078,3.68
"PK point lookup (warm)",6079,3.50
"PK point lookup (warm)",6080,3.42
"PK point lookup (warm)",6081,3.77
"PK point lookup (warm)",6082,3.42
"PK point lookup (warm)",6083,3.56
"PK point lookup (warm)",6084,3.38
"PK point lookup (warm)",6085,3.17
"PK point lookup (warm)",6086,3.70
"PK point lookup (warm)",6087,3.53
"PK point lookup (warm)",6088,3.25
"PK point lookup (warm)",6089,3.95
"PK point lookup (warm)",6090,3.56
"PK point lookup (warm)",6091,3.56
"PK point lookup (warm)",6092,3.36
"PK point lookup (warm)",6093,3.67
"PK point lookup (warm)",6094,3.47
"PK point lookup (warm)",6095,3.62
"PK point lookup (warm)",6096,3.78
"PK point lookup (warm)",6097,3.57
"PK point lookup (warm)",6098,3.35
"PK point lookup (warm)",6099,3.67
"PK point lookup (warm)",6100,3.47
"PK point lookup (warm)",6101,3.58
"PK point lookup (warm)",6102,3.69
"PK point lookup (warm)",6103,3.40
"PK point lookup (warm)",6104,3.62
"PK point lookup (warm)",6105,3.24
"PK point lookup (warm)",6106,3.45
"PK point lookup (warm)",6107,24.26
"PK point lookup (warm)",6108,7.61
"PK point lookup (warm)",6109,6.37
"PK point lookup (warm)",6110,5.71
"PK point lookup (warm)",6111,10.15
"PK point lookup (warm)",6112,4.07
"PK point lookup (warm)",6113,3.71
"PK point lookup (warm)",6114,3.79
"PK point lookup (warm)",6115,3.88
"PK point lookup (warm)",6116,4.07
"PK point lookup (warm)",6117,3.61
"PK point lookup (warm)",6118,4.26
"PK point lookup (warm)",6119,3.52
"PK point lookup (warm)",6120,3.37
"PK point lookup (warm)",6121,3.46
"PK point lookup (warm)",6122,3.54
"PK point lookup (warm)",6123,3.31
"PK point lookup (warm)",6124,3.61
"PK point lookup (warm)",6125,3.84
"PK point lookup (warm)",6126,2.45
"PK point lookup (warm)",6127,3.35
"PK point lookup (warm)",6128,3.92
"PK point lookup (warm)",6129,3.62
"PK point lookup (warm)",6130,3.68
"PK point lookup (warm)",6131,3.54
"PK point lookup (warm)",6132,2.31
"PK point lookup (warm)",6133,3.38
"PK point lookup (warm)",6134,3.73
"PK point lookup (warm)",6135,3.78
"PK point lookup (warm)",6136,3.96
"PK point lookup (warm)",6137,3.72
"PK point lookup (warm)",6138,3.55
"PK point lookup (warm)",6139,3.82
"PK point lookup (warm)",6140,3.74
"PK point lookup (warm)",6141,3.44
"PK point lookup (warm)",6142,2.22
"PK point lookup (warm)",6143,3.60
"PK point lookup (warm)",6144,3.29
"PK point lookup (warm)",6145,3.36
"PK point lookup (warm)",6146,3.67
"PK point lookup (warm)",6147,3.74
"PK point lookup (warm)",6148,3.67
"PK point lookup (warm)",6149,4.52
"PK point lookup (warm)",6150,4.76
"PK point lookup (warm)",6151,4.71
"PK point lookup (warm)",6152,4.90
"PK point lookup (warm)",6153,4.92
"PK point lookup (warm)",6154,4.75
"PK point lookup (warm)",6155,4.17
"PK point lookup (warm)",6156,4.83
"PK point lookup (warm)",6157,4.55
"PK point lookup (warm)",6158,4.21
"PK point lookup (warm)",6159,4.55
"PK point lookup (warm)",6160,3.24
"PK point lookup (warm)",6161,4.25
"PK point lookup (warm)",6162,5.23
"PK point lookup (warm)",6163,4.64
"PK point lookup (warm)",6164,4.51
"PK point lookup (warm)",6165,4.29
"PK point lookup (warm)",6166,4.18
"PK point lookup (warm)",6167,3.87
"PK point lookup (warm)",6168,4.24
"PK point lookup (warm)",6169,4.80
"PK point lookup (warm)",6170,4.29
"PK point lookup (warm)",6171,4.92
"PK point lookup (warm)",6172,4.25
"PK point lookup (warm)",6173,4.14
"PK point lookup (warm)",6174,4.95
"PK point lookup (warm)",6175,4.85
"PK point lookup (warm)",6176,4.83
"PK point lookup (warm)",6177,4.55
"PK point lookup (warm)",6178,4.77
"PK point lookup (warm)",6179,4.76
"PK point lookup (warm)",6180,5.29
"PK point lookup (warm)",6181,4.20
"PK point lookup (warm)",6182,3.59
"PK point lookup (warm)",6183,3.66
"PK point lookup (warm)",6184,3.83
"PK point lookup (warm)",6185,3.65
"PK point lookup (warm)",6186,3.60
"PK point lookup (warm)",6187,4.81
"PK point lookup (warm)",6188,3.37
"PK point lookup (warm)",6189,3.85
"PK point lookup (warm)",6190,3.91
"PK point lookup (warm)",6191,3.69
"PK point lookup (warm)",6192,10.08
"PK point lookup (warm)",6193,3.80
"PK point lookup (warm)",6194,3.66
"PK point lookup (warm)",6195,3.54
"PK point lookup (warm)",6196,3.43
"PK point lookup (warm)",6197,3.48
"PK point lookup (warm)",6198,3.53
"PK point lookup (warm)",6199,3.34
"PK point lookup (warm)",6200,3.63
"PK point lookup (warm)",6201,3.44
"PK point lookup (warm)",6202,3.87
"PK point lookup (warm)",6203,3.67
"PK point lookup (warm)",6204,3.56
"PK point lookup (warm)",6205,3.84
"PK point lookup (warm)",6206,3.63
"PK point lookup (warm)",6207,3.39
"PK point lookup (warm)",6208,3.46
"PK point lookup (warm)",6209,3.26
"PK point lookup (warm)",6210,3.69
"PK point lookup (warm)",6211,2.53
"PK point lookup (warm)",6212,3.40
"PK point lookup (warm)",6213,8.48
"PK point lookup (warm)",6214,3.86
"PK point lookup (warm)",6215,3.58
"PK point lookup (warm)",6216,3.86
"PK point lookup (warm)",6217,3.52
"PK point lookup (warm)",6218,3.39
"PK point lookup (warm)",6219,3.52
"PK point lookup (warm)",6220,4.49
"PK point lookup (warm)",6221,3.42
"PK point lookup (warm)",6222,3.82
"PK point lookup (warm)",6223,3.54
"PK point lookup (warm)",6224,4.73
"PK point lookup (warm)",6225,4.90
"PK point lookup (warm)",6226,3.42
"PK point lookup (warm)",6227,4.56
"PK point lookup (warm)",6228,4.62
"PK point lookup (warm)",6229,4.61
"PK point lookup (warm)",6230,4.38
"PK point lookup (warm)",6231,4.42
"PK point lookup (warm)",6232,4.55
"PK point lookup (warm)",6233,4.37
"PK point lookup (warm)",6234,4.89
"PK point lookup (warm)",6235,3.05
"PK point lookup (warm)",6236,4.84
"PK point lookup (warm)",6237,4.76
"PK point lookup (warm)",6238,4.51
"PK point lookup (warm)",6239,4.75
"PK point lookup (warm)",6240,4.59
"PK point lookup (warm)",6241,4.71
"PK point lookup (warm)",6242,5.18
"PK point lookup (warm)",6243,4.87
"PK point lookup (warm)",6244,4.54
"PK point lookup (warm)",6245,4.73
"PK point lookup (warm)",6246,3.86
"PK point lookup (warm)",6247,3.55
"PK point lookup (warm)",6248,3.90
"PK point lookup (warm)",6249,2.18
"PK point lookup (warm)",6250,3.81
"PK point lookup (warm)",6251,3.39
"PK point lookup (warm)",6252,3.59
"PK point lookup (warm)",6253,3.87
"PK point lookup (warm)",6254,3.63
"PK point lookup (warm)",6255,3.40
"PK point lookup (warm)",6256,3.53
"PK point lookup (warm)",6257,3.95
"PK point lookup (warm)",6258,3.44
"PK point lookup (warm)",6259,3.46
"PK point lookup (warm)",6260,3.73
"PK point lookup (warm)",6261,3.45
"PK point lookup (warm)",6262,3.77
"PK point lookup (warm)",6263,3.66
"PK point lookup (warm)",6264,3.56
"PK point lookup (warm)",6265,5.05
"PK point lookup (warm)",6266,3.77
"PK point lookup (warm)",6267,3.69
"PK point lookup (warm)",6268,3.85
"PK point lookup (warm)",6269,3.61
"PK point lookup (warm)",6270,3.56
"PK point lookup (warm)",6271,9.70
"PK point lookup (warm)",6272,3.73
"PK point lookup (warm)",6273,3.68
"PK point lookup (warm)",6274,3.75
"PK point lookup (warm)",6275,3.70
"PK point lookup (warm)",6276,3.80
"PK point lookup (warm)",6277,3.47
"PK point lookup (warm)",6278,3.67
"PK point lookup (warm)",6279,4.53
"PK point lookup (warm)",6280,3.42
"PK point lookup (warm)",6281,3.55
"PK point lookup (warm)",6282,3.74
"PK point lookup (warm)",6283,3.59
"PK point lookup (warm)",6284,3.26
"PK point lookup (warm)",6285,3.67
"PK point lookup (warm)",6286,3.88
"PK point lookup (warm)",6287,3.78
"PK point lookup (warm)",6288,3.82
"PK point lookup (warm)",6289,3.60
"PK point lookup (warm)",6290,3.62
"PK point lookup (warm)",6291,3.44
"PK point lookup (warm)",6292,3.52
"PK point lookup (warm)",6293,3.46
"PK point lookup (warm)",6294,3.29
"PK point lookup (warm)",6295,3.56
"PK point lookup (warm)",6296,3.91
"PK point lookup (warm)",6297,3.52
"PK point lookup (warm)",6298,3.86
"PK point lookup (warm)",6299,3.29
"PK point lookup (warm)",6300,3.97
"PK point lookup (warm)",6301,3.41
"PK point lookup (warm)",6302,3.65
"PK point lookup (warm)",6303,3.81
"PK point lookup (warm)",6304,3.69
"PK point lookup (warm)",6305,3.24
"PK point lookup (warm)",6306,3.79
"PK point lookup (warm)",6307,3.49
"PK point lookup (warm)",6308,3.66
"PK point lookup (warm)",6309,3.52
"PK point lookup (warm)",6310,3.25
"PK point lookup (warm)",6311,3.92
"PK point lookup (warm)",6312,3.73
"PK point lookup (warm)",6313,3.75
"PK point lookup (warm)",6314,3.71
"PK point lookup (warm)",6315,3.87
"PK point lookup (warm)",6316,3.44
"PK point lookup (warm)",6317,3.94
"PK point lookup (warm)",6318,3.33
"PK point lookup (warm)",6319,3.61
"PK point lookup (warm)",6320,3.67
"PK point lookup (warm)",6321,3.68
"PK point lookup (warm)",6322,2.32
"PK point lookup (warm)",6323,3.48
"PK point lookup (warm)",6324,3.74
"PK point lookup (warm)",6325,3.41
"PK point lookup (warm)",6326,3.53
"PK point lookup (warm)",6327,3.59
"PK point lookup (warm)",6328,3.51
"PK point lookup (warm)",6329,3.50
"PK point lookup (warm)",6330,3.62
"PK point lookup (warm)",6331,3.55
"PK point lookup (warm)",6332,3.42
"PK point lookup (warm)",6333,3.77
"PK point lookup (warm)",6334,3.76
"PK point lookup (warm)",6335,3.43
"PK point lookup (warm)",6336,3.83
"PK point lookup (warm)",6337,4.97
"PK point lookup (warm)",6338,4.78
"PK point lookup (warm)",6339,4.58
"PK point lookup (warm)",6340,4.61
"PK point lookup (warm)",6341,4.01
"PK point lookup (warm)",6342,39.76
"PK point lookup (warm)",6343,7.97
"PK point lookup (warm)",6344,5.35
"PK point lookup (warm)",6345,3.92
"PK point lookup (warm)",6346,3.85
"PK point lookup (warm)",6347,3.83
"PK point lookup (warm)",6348,2.67
"PK point lookup (warm)",6349,10.93
"PK point lookup (warm)",6350,3.85
"PK point lookup (warm)",6351,4.03
"PK point lookup (warm)",6352,3.87
"PK point lookup (warm)",6353,3.53
"PK point lookup (warm)",6354,3.67
"PK point lookup (warm)",6355,3.62
"PK point lookup (warm)",6356,2.34
"PK point lookup (warm)",6357,2.23
"PK point lookup (warm)",6358,3.65
"PK point lookup (warm)",6359,3.54
"PK point lookup (warm)",6360,3.95
"PK point lookup (warm)",6361,3.62
"PK point lookup (warm)",6362,3.49
"PK point lookup (warm)",6363,3.57
"PK point lookup (warm)",6364,3.53
"PK point lookup (warm)",6365,3.67
"PK point lookup (warm)",6366,3.65
"PK point lookup (warm)",6367,3.74
"PK point lookup (warm)",6368,3.73
"PK point lookup (warm)",6369,3.23
"PK point lookup (warm)",6370,3.46
"PK point lookup (warm)",6371,3.49
"PK point lookup (warm)",6372,3.66
"PK point lookup (warm)",6373,3.68
"PK point lookup (warm)",6374,2.10
"PK point lookup (warm)",6375,3.54
"PK point lookup (warm)",6376,3.66
"PK point lookup (warm)",6377,3.66
"PK point lookup (warm)",6378,4.02
"PK point lookup (warm)",6379,3.41
"PK point lookup (warm)",6380,3.80
"PK point lookup (warm)",6381,3.47
"PK point lookup (warm)",6382,3.41
"PK point lookup (warm)",6383,4.06
"PK point lookup (warm)",6384,3.71
"PK point lookup (warm)",6385,3.43
"PK point lookup (warm)",6386,3.39
"PK point lookup (warm)",6387,3.39
"PK point lookup (warm)",6388,3.54
"PK point lookup (warm)",6389,3.65
"PK point lookup (warm)",6390,3.32
"PK point lookup (warm)",6391,3.76
"PK point lookup (warm)",6392,3.58
"PK point lookup (warm)",6393,3.45
"PK point lookup (warm)",6394,3.55
"PK point lookup (warm)",6395,3.71
"PK point lookup (warm)",6396,3.62
"PK point lookup (warm)",6397,3.54
"PK point lookup (warm)",6398,3.47
"PK point lookup (warm)",6399,3.74
"PK point lookup (warm)",6400,3.28
"PK point lookup (warm)",6401,4.17
"PK point lookup (warm)",6402,3.38
"PK point lookup (warm)",6403,3.33
"PK point lookup (warm)",6404,3.72
"PK point lookup (warm)",6405,3.27
"PK point lookup (warm)",6406,3.51
"PK point lookup (warm)",6407,3.63
"PK point lookup (warm)",6408,3.53
"PK point lookup (warm)",6409,3.57
"PK point lookup (warm)",6410,3.32
"PK point lookup (warm)",6411,3.68
"PK point lookup (warm)",6412,3.52
"PK point lookup (warm)",6413,3.67
"PK point lookup (warm)",6414,3.56
"PK point lookup (warm)",6415,3.71
"PK point lookup (warm)",6416,3.70
"PK point lookup (warm)",6417,3.58
"PK point lookup (warm)",6418,3.70
"PK point lookup (warm)",6419,3.59
"PK point lookup (warm)",6420,3.76
"PK point lookup (warm)",6421,3.84
"PK point lookup (warm)",6422,3.89
"PK point lookup (warm)",6423,10.32
"PK point lookup (warm)",6424,3.43
"PK point lookup (warm)",6425,3.42
"PK point lookup (warm)",6426,3.75
"PK point lookup (warm)",6427,3.61
"PK point lookup (warm)",6428,3.49
"PK point lookup (warm)",6429,3.49
"PK point lookup (warm)",6430,3.33
"PK point lookup (warm)",6431,3.93
"PK point lookup (warm)",6432,3.46
"PK point lookup (warm)",6433,4.61
"PK point lookup (warm)",6434,3.23
"PK point lookup (warm)",6435,3.71
"PK point lookup (warm)",6436,3.46
"PK point lookup (warm)",6437,3.62
"PK point lookup (warm)",6438,3.33
"PK point lookup (warm)",6439,3.62
"PK point lookup (warm)",6440,3.65
"PK point lookup (warm)",6441,3.48
"PK point lookup (warm)",6442,3.30
"PK point lookup (warm)",6443,3.54
"PK point lookup (warm)",6444,3.65
"PK point lookup (warm)",6445,3.62
"PK point lookup (warm)",6446,3.53
"PK point lookup (warm)",6447,3.39
"PK point lookup (warm)",6448,4.57
"PK point lookup (warm)",6449,3.66
"PK point lookup (warm)",6450,3.90
"PK point lookup (warm)",6451,3.54
"PK point lookup (warm)",6452,3.65
"PK point lookup (warm)",6453,11.34
"PK point lookup (warm)",6454,3.60
"PK point lookup (warm)",6455,3.89
"PK point lookup (warm)",6456,3.35
"PK point lookup (warm)",6457,4.07
"PK point lookup (warm)",6458,4.38
"PK point lookup (warm)",6459,4.78
"PK point lookup (warm)",6460,2.50
"PK point lookup (warm)",6461,4.10
"PK point lookup (warm)",6462,3.61
"PK point lookup (warm)",6463,3.73
"PK point lookup (warm)",6464,3.75
"PK point lookup (warm)",6465,3.76
"PK point lookup (warm)",6466,3.18
"PK point lookup (warm)",6467,3.46
"PK point lookup (warm)",6468,3.31
"PK point lookup (warm)",6469,3.65
"PK point lookup (warm)",6470,3.76
"PK point lookup (warm)",6471,3.33
"PK point lookup (warm)",6472,3.62
"PK point lookup (warm)",6473,3.80
"PK point lookup (warm)",6474,3.71
"PK point lookup (warm)",6475,2.45
"PK point lookup (warm)",6476,3.51
"PK point lookup (warm)",6477,3.57
"PK point lookup (warm)",6478,3.67
"PK point lookup (warm)",6479,3.42
"PK point lookup (warm)",6480,3.60
"PK point lookup (warm)",6481,3.47
"PK point lookup (warm)",6482,3.30
"PK point lookup (warm)",6483,3.66
"PK point lookup (warm)",6484,4.90
"PK point lookup (warm)",6485,3.70
"PK point lookup (warm)",6486,3.54
"PK point lookup (warm)",6487,3.49
"PK point lookup (warm)",6488,3.34
"PK point lookup (warm)",6489,3.65
"PK point lookup (warm)",6490,3.50
"PK point lookup (warm)",6491,3.30
"PK point lookup (warm)",6492,3.69
"PK point lookup (warm)",6493,3.32
"PK point lookup (warm)",6494,3.57
"PK point lookup (warm)",6495,3.22
"PK point lookup (warm)",6496,3.56
"PK point lookup (warm)",6497,3.84
"PK point lookup (warm)",6498,3.46
"PK point lookup (warm)",6499,3.32
"PK point lookup (warm)",6500,3.56
"PK point lookup (warm)",6501,3.62
"PK point lookup (warm)",6502,3.43
"PK point lookup (warm)",6503,3.41
"PK point lookup (warm)",6504,3.70
"PK point lookup (warm)",6505,3.45
"PK point lookup (warm)",6506,5.22
"PK point lookup (warm)",6507,3.71
"PK point lookup (warm)",6508,4.12
"PK point lookup (warm)",6509,3.72
"PK point lookup (warm)",6510,9.71
"PK point lookup (warm)",6511,3.87
"PK point lookup (warm)",6512,3.78
"PK point lookup (warm)",6513,3.67
"PK point lookup (warm)",6514,3.38
"PK point lookup (warm)",6515,3.47
"PK point lookup (warm)",6516,3.55
"PK point lookup (warm)",6517,3.99
"PK point lookup (warm)",6518,3.42
"PK point lookup (warm)",6519,3.49
"PK point lookup (warm)",6520,3.09
"PK point lookup (warm)",6521,3.21
"PK point lookup (warm)",6522,3.65
"PK point lookup (warm)",6523,3.51
"PK point lookup (warm)",6524,3.51
"PK point lookup (warm)",6525,3.58
"PK point lookup (warm)",6526,2.31
"PK point lookup (warm)",6527,3.40
"PK point lookup (warm)",6528,3.58
"PK point lookup (warm)",6529,3.49
"PK point lookup (warm)",6530,3.36
"PK point lookup (warm)",6531,3.41
"PK point lookup (warm)",6532,3.85
"PK point lookup (warm)",6533,3.50
"PK point lookup (warm)",6534,3.44
"PK point lookup (warm)",6535,3.49
"PK point lookup (warm)",6536,3.11
"PK point lookup (warm)",6537,3.24
"PK point lookup (warm)",6538,3.90
"PK point lookup (warm)",6539,3.62
"PK point lookup (warm)",6540,5.01
"PK point lookup (warm)",6541,3.64
"PK point lookup (warm)",6542,3.62
"PK point lookup (warm)",6543,2.16
"PK point lookup (warm)",6544,3.84
"PK point lookup (warm)",6545,3.85
"PK point lookup (warm)",6546,3.69
"PK point lookup (warm)",6547,3.46
"PK point lookup (warm)",6548,3.85
"PK point lookup (warm)",6549,3.57
"PK point lookup (warm)",6550,3.49
"PK point lookup (warm)",6551,3.53
"PK point lookup (warm)",6552,3.72
"PK point lookup (warm)",6553,3.60
"PK point lookup (warm)",6554,3.55
"PK point lookup (warm)",6555,3.50
"PK point lookup (warm)",6556,3.49
"PK point lookup (warm)",6557,3.47
"PK point lookup (warm)",6558,3.50
"PK point lookup (warm)",6559,3.55
"PK point lookup (warm)",6560,3.67
"PK point lookup (warm)",6561,3.69
"PK point lookup (warm)",6562,3.67
"PK point lookup (warm)",6563,3.62
"PK point lookup (warm)",6564,3.60
"PK point lookup (warm)",6565,3.58
"PK point lookup (warm)",6566,3.55
"PK point lookup (warm)",6567,3.55
"PK point lookup (warm)",6568,3.76
"PK point lookup (warm)",6569,3.60
"PK point lookup (warm)",6570,3.44
"PK point lookup (warm)",6571,3.48
"PK point lookup (warm)",6572,3.31
"PK point lookup (warm)",6573,3.43
"PK point lookup (warm)",6574,3.44
"PK point lookup (warm)",6575,3.38
"PK point lookup (warm)",6576,3.53
"PK point lookup (warm)",6577,3.69
"PK point lookup (warm)",6578,2.26
"PK point lookup (warm)",6579,3.42
"PK point lookup (warm)",6580,3.45
"PK point lookup (warm)",6581,3.38
"PK point lookup (warm)",6582,3.52
"PK point lookup (warm)",6583,5.93
"PK point lookup (warm)",6584,5.38
"PK point lookup (warm)",6585,3.79
"PK point lookup (warm)",6586,3.76
"PK point lookup (warm)",6587,2.44
"PK point lookup (warm)",6588,3.45
"PK point lookup (warm)",6589,28.99
"PK point lookup (warm)",6590,6.64
"PK point lookup (warm)",6591,32.43
"PK point lookup (warm)",6592,7.20
"PK point lookup (warm)",6593,4.72
"PK point lookup (warm)",6594,3.73
"PK point lookup (warm)",6595,3.98
"PK point lookup (warm)",6596,9.60
"PK point lookup (warm)",6597,3.87
"PK point lookup (warm)",6598,3.62
"PK point lookup (warm)",6599,3.92
"PK point lookup (warm)",6600,3.57
"PK point lookup (warm)",6601,2.29
"PK point lookup (warm)",6602,3.45
"PK point lookup (warm)",6603,3.48
"PK point lookup (warm)",6604,3.42
"PK point lookup (warm)",6605,3.75
"PK point lookup (warm)",6606,3.07
"PK point lookup (warm)",6607,3.78
"PK point lookup (warm)",6608,3.47
"PK point lookup (warm)",6609,3.89
"PK point lookup (warm)",6610,3.65
"PK point lookup (warm)",6611,3.49
"PK point lookup (warm)",6612,3.91
"PK point lookup (warm)",6613,3.89
"PK point lookup (warm)",6614,3.88
"PK point lookup (warm)",6615,3.56
"PK point lookup (warm)",6616,3.67
"PK point lookup (warm)",6617,3.79
"PK point lookup (warm)",6618,4.73
"PK point lookup (warm)",6619,3.75
"PK point lookup (warm)",6620,3.45
"PK point lookup (warm)",6621,3.56
"PK point lookup (warm)",6622,3.78
"PK point lookup (warm)",6623,3.44
"PK point lookup (warm)",6624,3.73
"PK point lookup (warm)",6625,3.81
"PK point lookup (warm)",6626,3.79
"PK point lookup (warm)",6627,3.41
"PK point lookup (warm)",6628,3.54
"PK point lookup (warm)",6629,3.40
"PK point lookup (warm)",6630,3.55
"PK point lookup (warm)",6631,3.45
"PK point lookup (warm)",6632,3.36
"PK point lookup (warm)",6633,3.80
"PK point lookup (warm)",6634,3.67
"PK point lookup (warm)",6635,3.45
"PK point lookup (warm)",6636,3.55
"PK point lookup (warm)",6637,3.87
"PK point lookup (warm)",6638,3.65
"PK point lookup (warm)",6639,3.98
"PK point lookup (warm)",6640,3.54
"PK point lookup (warm)",6641,3.60
"PK point lookup (warm)",6642,3.39
"PK point lookup (warm)",6643,3.61
"PK point lookup (warm)",6644,3.95
"PK point lookup (warm)",6645,3.42
"PK point lookup (warm)",6646,3.52
"PK point lookup (warm)",6647,3.44
"PK point lookup (warm)",6648,3.56
"PK point lookup (warm)",6649,3.75
"PK point lookup (warm)",6650,4.67
"PK point lookup (warm)",6651,3.57
"PK point lookup (warm)",6652,3.53
"PK point lookup (warm)",6653,3.44
"PK point lookup (warm)",6654,3.58
"PK point lookup (warm)",6655,3.57
"PK point lookup (warm)",6656,3.40
"PK point lookup (warm)",6657,3.59
"PK point lookup (warm)",6658,3.40
"PK point lookup (warm)",6659,3.63
"PK point lookup (warm)",6660,3.45
"PK point lookup (warm)",6661,3.44
"PK point lookup (warm)",6662,3.30
"PK point lookup (warm)",6663,3.62
"PK point lookup (warm)",6664,3.52
"PK point lookup (warm)",6665,3.26
"PK point lookup (warm)",6666,9.64
"PK point lookup (warm)",6667,3.80
"PK point lookup (warm)",6668,3.53
"PK point lookup (warm)",6669,3.67
"PK point lookup (warm)",6670,3.63
"PK point lookup (warm)",6671,3.44
"PK point lookup (warm)",6672,3.47
"PK point lookup (warm)",6673,3.43
"PK point lookup (warm)",6674,3.61
"PK point lookup (warm)",6675,3.62
"PK point lookup (warm)",6676,3.57
"PK point lookup (warm)",6677,3.38
"PK point lookup (warm)",6678,3.42
"PK point lookup (warm)",6679,3.38
"PK point lookup (warm)",6680,3.50
"PK point lookup (warm)",6681,3.84
"PK point lookup (warm)",6682,3.68
"PK point lookup (warm)",6683,3.45
"PK point lookup (warm)",6684,3.32
"PK point lookup (warm)",6685,3.25
"PK point lookup (warm)",6686,3.29
"PK point lookup (warm)",6687,3.77
"PK point lookup (warm)",6688,3.72
"PK point lookup (warm)",6689,3.56
"PK point lookup (warm)",6690,2.58
"PK point lookup (warm)",6691,3.46
"PK point lookup (warm)",6692,3.24
"PK point lookup (warm)",6693,3.65
"PK point lookup (warm)",6694,3.62
"PK point lookup (warm)",6695,9.70
"PK point lookup (warm)",6696,3.85
"PK point lookup (warm)",6697,3.73
"PK point lookup (warm)",6698,3.69
"PK point lookup (warm)",6699,4.06
"PK point lookup (warm)",6700,3.23
"PK point lookup (warm)",6701,3.72
"PK point lookup (warm)",6702,3.60
"PK point lookup (warm)",6703,3.45
"PK point lookup (warm)",6704,3.63
"PK point lookup (warm)",6705,3.60
"PK point lookup (warm)",6706,3.54
"PK point lookup (warm)",6707,3.51
"PK point lookup (warm)",6708,4.29
"PK point lookup (warm)",6709,3.17
"PK point lookup (warm)",6710,3.50
"PK point lookup (warm)",6711,3.41
"PK point lookup (warm)",6712,3.40
"PK point lookup (warm)",6713,3.29
"PK point lookup (warm)",6714,3.47
"PK point lookup (warm)",6715,3.33
"PK point lookup (warm)",6716,3.26
"PK point lookup (warm)",6717,3.87
"PK point lookup (warm)",6718,3.25
"PK point lookup (warm)",6719,3.43
"PK point lookup (warm)",6720,3.84
"PK point lookup (warm)",6721,3.28
"PK point lookup (warm)",6722,2.33
"PK point lookup (warm)",6723,3.63
"PK point lookup (warm)",6724,3.52
"PK point lookup (warm)",6725,3.63
"PK point lookup (warm)",6726,3.26
"PK point lookup (warm)",6727,3.46
"PK point lookup (warm)",6728,3.87
"PK point lookup (warm)",6729,3.46
"PK point lookup (warm)",6730,3.66
"PK point lookup (warm)",6731,3.90
"PK point lookup (warm)",6732,3.42
"PK point lookup (warm)",6733,3.62
"PK point lookup (warm)",6734,3.62
"PK point lookup (warm)",6735,3.44
"PK point lookup (warm)",6736,3.51
"PK point lookup (warm)",6737,3.42
"PK point lookup (warm)",6738,3.60
"PK point lookup (warm)",6739,3.79
"PK point lookup (warm)",6740,3.48
"PK point lookup (warm)",6741,3.56
"PK point lookup (warm)",6742,3.69
"PK point lookup (warm)",6743,2.28
"PK point lookup (warm)",6744,3.46
"PK point lookup (warm)",6745,3.43
"PK point lookup (warm)",6746,3.53
"PK point lookup (warm)",6747,9.27
"PK point lookup (warm)",6748,3.49
"PK point lookup (warm)",6749,3.70
"PK point lookup (warm)",6750,3.52
"PK point lookup (warm)",6751,3.45
"PK point lookup (warm)",6752,4.09
"PK point lookup (warm)",6753,3.52
"PK point lookup (warm)",6754,3.54
"PK point lookup (warm)",6755,3.89
"PK point lookup (warm)",6756,3.84
"PK point lookup (warm)",6757,3.84
"PK point lookup (warm)",6758,3.38
"PK point lookup (warm)",6759,3.95
"PK point lookup (warm)",6760,3.40
"PK point lookup (warm)",6761,3.78
"PK point lookup (warm)",6762,3.81
"PK point lookup (warm)",6763,4.00
"PK point lookup (warm)",6764,3.75
"PK point lookup (warm)",6765,3.62
"PK point lookup (warm)",6766,3.64
"PK point lookup (warm)",6767,3.28
"PK point lookup (warm)",6768,3.64
"PK point lookup (warm)",6769,3.56
"PK point lookup (warm)",6770,3.48
"PK point lookup (warm)",6771,3.59
"PK point lookup (warm)",6772,3.44
"PK point lookup (warm)",6773,3.65
"PK point lookup (warm)",6774,3.71
"PK point lookup (warm)",6775,3.66
"PK point lookup (warm)",6776,3.67
"PK point lookup (warm)",6777,3.43
"PK point lookup (warm)",6778,3.46
"PK point lookup (warm)",6779,4.05
"PK point lookup (warm)",6780,3.21
"PK point lookup (warm)",6781,3.66
"PK point lookup (warm)",6782,3.63
"PK point lookup (warm)",6783,3.48
"PK point lookup (warm)",6784,3.56
"PK point lookup (warm)",6785,3.70
"PK point lookup (warm)",6786,3.70
"PK point lookup (warm)",6787,3.66
"PK point lookup (warm)",6788,3.63
"PK point lookup (warm)",6789,3.82
"PK point lookup (warm)",6790,3.42
"PK point lookup (warm)",6791,3.57
"PK point lookup (warm)",6792,3.57
"PK point lookup (warm)",6793,3.72
"PK point lookup (warm)",6794,2.43
"PK point lookup (warm)",6795,2.02
"PK point lookup (warm)",6796,3.44
"PK point lookup (warm)",6797,3.42
"PK point lookup (warm)",6798,3.56
"PK point lookup (warm)",6799,3.49
"PK point lookup (warm)",6800,3.39
"PK point lookup (warm)",6801,3.37
"PK point lookup (warm)",6802,9.86
"PK point lookup (warm)",6803,3.63
"PK point lookup (warm)",6804,2.28
"PK point lookup (warm)",6805,3.35
"PK point lookup (warm)",6806,3.50
"PK point lookup (warm)",6807,3.61
"PK point lookup (warm)",6808,3.28
"PK point lookup (warm)",6809,3.72
"PK point lookup (warm)",6810,3.61
"PK point lookup (warm)",6811,3.74
"PK point lookup (warm)",6812,3.51
"PK point lookup (warm)",6813,3.52
"PK point lookup (warm)",6814,3.43
"PK point lookup (warm)",6815,3.50
"PK point lookup (warm)",6816,3.52
"PK point lookup (warm)",6817,3.87
"PK point lookup (warm)",6818,3.39
"PK point lookup (warm)",6819,3.88
"PK point lookup (warm)",6820,3.68
"PK point lookup (warm)",6821,3.70
"PK point lookup (warm)",6822,4.82
"PK point lookup (warm)",6823,3.61
"PK point lookup (warm)",6824,3.54
"PK point lookup (warm)",6825,6.83
"PK point lookup (warm)",6826,4.67
"PK point lookup (warm)",6827,3.45
"PK point lookup (warm)",6828,3.56
"PK point lookup (warm)",6829,3.66
"PK point lookup (warm)",6830,25.81
"PK point lookup (warm)",6831,7.62
"PK point lookup (warm)",6832,6.26
"PK point lookup (warm)",6833,3.74
"PK point lookup (warm)",6834,3.45
"PK point lookup (warm)",6835,4.00
"PK point lookup (warm)",6836,3.80
"PK point lookup (warm)",6837,3.66
"PK point lookup (warm)",6838,3.47
"PK point lookup (warm)",6839,3.79
"PK point lookup (warm)",6840,3.60
"PK point lookup (warm)",6841,3.56
"PK point lookup (warm)",6842,3.63
"PK point lookup (warm)",6843,4.11
"PK point lookup (warm)",6844,3.53
"PK point lookup (warm)",6845,3.40
"PK point lookup (warm)",6846,3.69
"PK point lookup (warm)",6847,5.12
"PK point lookup (warm)",6848,3.52
"PK point lookup (warm)",6849,3.60
"PK point lookup (warm)",6850,4.32
"PK point lookup (warm)",6851,3.24
"PK point lookup (warm)",6852,3.56
"PK point lookup (warm)",6853,3.77
"PK point lookup (warm)",6854,3.22
"PK point lookup (warm)",6855,4.01
"PK point lookup (warm)",6856,3.49
"PK point lookup (warm)",6857,3.52
"PK point lookup (warm)",6858,3.48
"PK point lookup (warm)",6859,3.56
"PK point lookup (warm)",6860,3.41
"PK point lookup (warm)",6861,3.56
"PK point lookup (warm)",6862,2.35
"PK point lookup (warm)",6863,3.54
"PK point lookup (warm)",6864,3.53
"PK point lookup (warm)",6865,3.41
"PK point lookup (warm)",6866,3.65
"PK point lookup (warm)",6867,4.08
"PK point lookup (warm)",6868,3.52
"PK point lookup (warm)",6869,3.54
"PK point lookup (warm)",6870,3.49
"PK point lookup (warm)",6871,3.55
"PK point lookup (warm)",6872,3.44
"PK point lookup (warm)",6873,3.32
"PK point lookup (warm)",6874,3.39
"PK point lookup (warm)",6875,3.59
"PK point lookup (warm)",6876,3.60
"PK point lookup (warm)",6877,3.55
"PK point lookup (warm)",6878,3.81
"PK point lookup (warm)",6879,9.04
"PK point lookup (warm)",6880,3.52
"PK point lookup (warm)",6881,3.50
"PK point lookup (warm)",6882,3.51
"PK point lookup (warm)",6883,3.57
"PK point lookup (warm)",6884,3.94
"PK point lookup (warm)",6885,3.94
"PK point lookup (warm)",6886,3.57
"PK point lookup (warm)",6887,3.42
"PK point lookup (warm)",6888,3.38
"PK point lookup (warm)",6889,3.76
"PK point lookup (warm)",6890,2.36
"PK point lookup (warm)",6891,3.42
"PK point lookup (warm)",6892,3.71
"PK point lookup (warm)",6893,3.52
"PK point lookup (warm)",6894,3.88
"PK point lookup (warm)",6895,3.34
"PK point lookup (warm)",6896,3.57
"PK point lookup (warm)",6897,3.50
"PK point lookup (warm)",6898,3.65
"PK point lookup (warm)",6899,3.44
"PK point lookup (warm)",6900,3.44
"PK point lookup (warm)",6901,3.66
"PK point lookup (warm)",6902,3.51
"PK point lookup (warm)",6903,3.23
"PK point lookup (warm)",6904,3.41
"PK point lookup (warm)",6905,3.67
"PK point lookup (warm)",6906,3.52
"PK point lookup (warm)",6907,2.61
"PK point lookup (warm)",6908,5.01
"PK point lookup (warm)",6909,3.79
"PK point lookup (warm)",6910,3.46
"PK point lookup (warm)",6911,2.41
"PK point lookup (warm)",6912,3.46
"PK point lookup (warm)",6913,3.46
"PK point lookup (warm)",6914,3.63
"PK point lookup (warm)",6915,3.45
"PK point lookup (warm)",6916,3.98
"PK point lookup (warm)",6917,3.45
"PK point lookup (warm)",6918,3.39
"PK point lookup (warm)",6919,3.39
"PK point lookup (warm)",6920,3.84
"PK point lookup (warm)",6921,3.30
"PK point lookup (warm)",6922,3.97
"PK point lookup (warm)",6923,3.48
"PK point lookup (warm)",6924,3.51
"PK point lookup (warm)",6925,3.25
"PK point lookup (warm)",6926,3.58
"PK point lookup (warm)",6927,3.29
"PK point lookup (warm)",6928,3.43
"PK point lookup (warm)",6929,3.41
"PK point lookup (warm)",6930,3.23
"PK point lookup (warm)",6931,3.60
"PK point lookup (warm)",6932,3.51
"PK point lookup (warm)",6933,3.60
"PK point lookup (warm)",6934,3.49
"PK point lookup (warm)",6935,3.67
"PK point lookup (warm)",6936,3.87
"PK point lookup (warm)",6937,3.55
"PK point lookup (warm)",6938,3.84
"PK point lookup (warm)",6939,3.66
"PK point lookup (warm)",6940,3.41
"PK point lookup (warm)",6941,4.41
"PK point lookup (warm)",6942,3.57
"PK point lookup (warm)",6943,3.44
"PK point lookup (warm)",6944,3.45
"PK point lookup (warm)",6945,3.33
"PK point lookup (warm)",6946,3.65
"PK point lookup (warm)",6947,3.24
"PK point lookup (warm)",6948,9.17
"PK point lookup (warm)",6949,3.58
"PK point lookup (warm)",6950,3.70
"PK point lookup (warm)",6951,3.39
"PK point lookup (warm)",6952,3.52
"PK point lookup (warm)",6953,3.33
"PK point lookup (warm)",6954,3.63
"PK point lookup (warm)",6955,3.79
"PK point lookup (warm)",6956,3.54
"PK point lookup (warm)",6957,3.39
"PK point lookup (warm)",6958,3.45
"PK point lookup (warm)",6959,3.61
"PK point lookup (warm)",6960,3.50
"PK point lookup (warm)",6961,3.56
"PK point lookup (warm)",6962,3.89
"PK point lookup (warm)",6963,3.30
"PK point lookup (warm)",6964,3.48
"PK point lookup (warm)",6965,3.38
"PK point lookup (warm)",6966,3.39
"PK point lookup (warm)",6967,3.59
"PK point lookup (warm)",6968,3.72
"PK point lookup (warm)",6969,3.52
"PK point lookup (warm)",6970,9.35
"PK point lookup (warm)",6971,3.67
"PK point lookup (warm)",6972,3.74
"PK point lookup (warm)",6973,3.46
"PK point lookup (warm)",6974,3.69
"PK point lookup (warm)",6975,3.98
"PK point lookup (warm)",6976,3.60
"PK point lookup (warm)",6977,3.50
"PK point lookup (warm)",6978,3.39
"PK point lookup (warm)",6979,3.46
"PK point lookup (warm)",6980,3.55
"PK point lookup (warm)",6981,3.57
"PK point lookup (warm)",6982,3.71
"PK point lookup (warm)",6983,3.73
"PK point lookup (warm)",6984,3.44
"PK point lookup (warm)",6985,3.69
"PK point lookup (warm)",6986,2.26
"PK point lookup (warm)",6987,2.28
"PK point lookup (warm)",6988,3.53
"PK point lookup (warm)",6989,3.63
"PK point lookup (warm)",6990,3.66
"PK point lookup (warm)",6991,3.37
"PK point lookup (warm)",6992,3.76
"PK point lookup (warm)",6993,3.51
"PK point lookup (warm)",6994,3.54
"PK point lookup (warm)",6995,3.39
"PK point lookup (warm)",6996,3.56
"PK point lookup (warm)",6997,3.40
"PK point lookup (warm)",6998,3.45
"PK point lookup (warm)",6999,3.71
"PK point lookup (warm)",7000,3.69
"PK point lookup (warm)",7001,3.67
"PK point lookup (warm)",7002,3.47
"PK point lookup (warm)",7003,3.61
"PK point lookup (warm)",7004,3.69
"PK point lookup (warm)",7005,3.57
"PK point lookup (warm)",7006,3.33
"PK point lookup (warm)",7007,3.43
"PK point lookup (warm)",7008,3.44
"PK point lookup (warm)",7009,3.52
"PK point lookup (warm)",7010,3.50
"PK point lookup (warm)",7011,3.37
"PK point lookup (warm)",7012,3.73
"PK point lookup (warm)",7013,3.69
"PK point lookup (warm)",7014,3.76
"PK point lookup (warm)",7015,3.37
"PK point lookup (warm)",7016,3.70
"PK point lookup (warm)",7017,3.33
"PK point lookup (warm)",7018,3.66
"PK point lookup (warm)",7019,3.35
"PK point lookup (warm)",7020,3.33
"PK point lookup (warm)",7021,3.74
"PK point lookup (warm)",7022,3.43
"PK point lookup (warm)",7023,3.47
"PK point lookup (warm)",7024,3.42
"PK point lookup (warm)",7025,3.79
"PK point lookup (warm)",7026,3.74
"PK point lookup (warm)",7027,3.46
"PK point lookup (warm)",7028,3.34
"PK point lookup (warm)",7029,3.30
"PK point lookup (warm)",7030,3.54
"PK point lookup (warm)",7031,3.84
"PK point lookup (warm)",7032,3.77
"PK point lookup (warm)",7033,3.45
"PK point lookup (warm)",7034,3.52
"PK point lookup (warm)",7035,3.70
"PK point lookup (warm)",7036,3.40
"PK point lookup (warm)",7037,3.53
"PK point lookup (warm)",7038,3.25
"PK point lookup (warm)",7039,3.50
"PK point lookup (warm)",7040,3.86
"PK point lookup (warm)",7041,3.97
"PK point lookup (warm)",7042,3.69
"PK point lookup (warm)",7043,3.72
"PK point lookup (warm)",7044,3.50
"PK point lookup (warm)",7045,3.69
"PK point lookup (warm)",7046,3.47
"PK point lookup (warm)",7047,3.44
"PK point lookup (warm)",7048,3.31
"PK point lookup (warm)",7049,3.33
"PK point lookup (warm)",7050,10.41
"PK point lookup (warm)",7051,3.54
"PK point lookup (warm)",7052,3.39
"PK point lookup (warm)",7053,3.29
"PK point lookup (warm)",7054,3.71
"PK point lookup (warm)",7055,3.29
"PK point lookup (warm)",7056,4.09
"PK point lookup (warm)",7057,3.89
"PK point lookup (warm)",7058,3.70
"PK point lookup (warm)",7059,3.47
"PK point lookup (warm)",7060,3.43
"PK point lookup (warm)",7061,5.10
"PK point lookup (warm)",7062,3.79
"PK point lookup (warm)",7063,3.24
"PK point lookup (warm)",7064,3.44
"PK point lookup (warm)",7065,3.84
"PK point lookup (warm)",7066,3.75
"PK point lookup (warm)",7067,3.28
"PK point lookup (warm)",7068,3.65
"PK point lookup (warm)",7069,3.29
"PK point lookup (warm)",7070,3.40
"PK point lookup (warm)",7071,3.57
"PK point lookup (warm)",7072,3.52
"PK point lookup (warm)",7073,3.29
"PK point lookup (warm)",7074,3.64
"PK point lookup (warm)",7075,4.00
"PK point lookup (warm)",7076,3.68
"PK point lookup (warm)",7077,3.69
"PK point lookup (warm)",7078,6.45
"PK point lookup (warm)",7079,4.27
"PK point lookup (warm)",7080,2.38
"PK point lookup (warm)",7081,3.53
"PK point lookup (warm)",7082,3.79
"PK point lookup (warm)",7083,23.62
"PK point lookup (warm)",7084,7.36
"PK point lookup (warm)",7085,5.09
"PK point lookup (warm)",7086,4.72
"PK point lookup (warm)",7087,4.74
"PK point lookup (warm)",7088,3.75
"PK point lookup (warm)",7089,3.88
"PK point lookup (warm)",7090,3.48
"PK point lookup (warm)",7091,4.04
"PK point lookup (warm)",7092,3.88
"PK point lookup (warm)",7093,3.49
"PK point lookup (warm)",7094,3.47
"PK point lookup (warm)",7095,3.37
"PK point lookup (warm)",7096,3.18
"PK point lookup (warm)",7097,3.52
"PK point lookup (warm)",7098,4.15
"PK point lookup (warm)",7099,3.63
"PK point lookup (warm)",7100,4.82
"PK point lookup (warm)",7101,4.79
"PK point lookup (warm)",7102,3.48
"PK point lookup (warm)",7103,3.41
"PK point lookup (warm)",7104,3.47
"PK point lookup (warm)",7105,3.58
"PK point lookup (warm)",7106,3.46
"PK point lookup (warm)",7107,3.77
"PK point lookup (warm)",7108,3.47
"PK point lookup (warm)",7109,3.84
"PK point lookup (warm)",7110,3.27
"PK point lookup (warm)",7111,3.54
"PK point lookup (warm)",7112,9.76
"PK point lookup (warm)",7113,2.58
"PK point lookup (warm)",7114,3.61
"PK point lookup (warm)",7115,3.79
"PK point lookup (warm)",7116,5.06
"PK point lookup (warm)",7117,3.86
"PK point lookup (warm)",7118,3.70
"PK point lookup (warm)",7119,3.37
"PK point lookup (warm)",7120,3.71
"PK point lookup (warm)",7121,3.64
"PK point lookup (warm)",7122,3.36
"PK point lookup (warm)",7123,3.35
"PK point lookup (warm)",7124,3.45
"PK point lookup (warm)",7125,3.56
"PK point lookup (warm)",7126,2.23
"PK point lookup (warm)",7127,3.40
"PK point lookup (warm)",7128,3.45
"PK point lookup (warm)",7129,5.02
"PK point lookup (warm)",7130,3.93
"PK point lookup (warm)",7131,3.68
"PK point lookup (warm)",7132,3.36
"PK point lookup (warm)",7133,3.55
"PK point lookup (warm)",7134,3.65
"PK point lookup (warm)",7135,3.43
"PK point lookup (warm)",7136,3.50
"PK point lookup (warm)",7137,3.43
"PK point lookup (warm)",7138,3.45
"PK point lookup (warm)",7139,3.61
"PK point lookup (warm)",7140,3.47
"PK point lookup (warm)",7141,3.55
"PK point lookup (warm)",7142,3.52
"PK point lookup (warm)",7143,3.59
"PK point lookup (warm)",7144,4.88
"PK point lookup (warm)",7145,3.81
"PK point lookup (warm)",7146,3.79
"PK point lookup (warm)",7147,3.66
"PK point lookup (warm)",7148,3.18
"PK point lookup (warm)",7149,3.53
"PK point lookup (warm)",7150,3.43
"PK point lookup (warm)",7151,4.75
"PK point lookup (warm)",7152,3.59
"PK point lookup (warm)",7153,3.30
"PK point lookup (warm)",7154,3.26
"PK point lookup (warm)",7155,3.73
"PK point lookup (warm)",7156,3.69
"PK point lookup (warm)",7157,3.42
"PK point lookup (warm)",7158,3.54
"PK point lookup (warm)",7159,3.30
"PK point lookup (warm)",7160,3.72
"PK point lookup (warm)",7161,3.58
"PK point lookup (warm)",7162,3.52
"PK point lookup (warm)",7163,3.58
"PK point lookup (warm)",7164,3.70
"PK point lookup (warm)",7165,3.44
"PK point lookup (warm)",7166,3.33
"PK point lookup (warm)",7167,3.24
"PK point lookup (warm)",7168,3.77
"PK point lookup (warm)",7169,4.82
"PK point lookup (warm)",7170,3.28
"PK point lookup (warm)",7171,3.75
"PK point lookup (warm)",7172,3.58
"PK point lookup (warm)",7173,3.37
"PK point lookup (warm)",7174,3.40
"PK point lookup (warm)",7175,3.40
"PK point lookup (warm)",7176,3.95
"PK point lookup (warm)",7177,3.96
"PK point lookup (warm)",7178,3.46
"PK point lookup (warm)",7179,3.51
"PK point lookup (warm)",7180,3.96
"PK point lookup (warm)",7181,3.49
"PK point lookup (warm)",7182,3.59
"PK point lookup (warm)",7183,10.20
"PK point lookup (warm)",7184,3.75
"PK point lookup (warm)",7185,3.54
"PK point lookup (warm)",7186,3.59
"PK point lookup (warm)",7187,3.54
"PK point lookup (warm)",7188,3.76
"PK point lookup (warm)",7189,3.60
"PK point lookup (warm)",7190,3.52
"PK point lookup (warm)",7191,3.48
"PK point lookup (warm)",7192,3.60
"PK point lookup (warm)",7193,3.62
"PK point lookup (warm)",7194,3.67
"PK point lookup (warm)",7195,2.42
"PK point lookup (warm)",7196,4.26
"PK point lookup (warm)",7197,8.94
"PK point lookup (warm)",7198,3.98
"PK point lookup (warm)",7199,3.60
"PK point lookup (warm)",7200,3.46
"PK point lookup (warm)",7201,3.53
"PK point lookup (warm)",7202,3.33
"PK point lookup (warm)",7203,3.74
"PK point lookup (warm)",7204,3.70
"PK point lookup (warm)",7205,3.67
"PK point lookup (warm)",7206,3.75
"PK point lookup (warm)",7207,3.47
"PK point lookup (warm)",7208,3.64
"PK point lookup (warm)",7209,3.66
"PK point lookup (warm)",7210,3.58
"PK point lookup (warm)",7211,3.89
"PK point lookup (warm)",7212,3.72
"PK point lookup (warm)",7213,3.63
"PK point lookup (warm)",7214,3.37
"PK point lookup (warm)",7215,3.90
"PK point lookup (warm)",7216,3.69
"PK point lookup (warm)",7217,2.37
"PK point lookup (warm)",7218,3.89
"PK point lookup (warm)",7219,3.56
"PK point lookup (warm)",7220,3.58
"PK point lookup (warm)",7221,3.26
"PK point lookup (warm)",7222,3.58
"PK point lookup (warm)",7223,3.65
"PK point lookup (warm)",7224,3.39
"PK point lookup (warm)",7225,3.79
"PK point lookup (warm)",7226,3.40
"PK point lookup (warm)",7227,3.47
"PK point lookup (warm)",7228,3.88
"PK point lookup (warm)",7229,3.63
"PK point lookup (warm)",7230,3.97
"PK point lookup (warm)",7231,3.96
"PK point lookup (warm)",7232,3.55
"PK point lookup (warm)",7233,3.56
"PK point lookup (warm)",7234,3.65
"PK point lookup (warm)",7235,3.66
"PK point lookup (warm)",7236,3.63
"PK point lookup (warm)",7237,3.37
"PK point lookup (warm)",7238,3.50
"PK point lookup (warm)",7239,3.54
"PK point lookup (warm)",7240,3.63
"PK point lookup (warm)",7241,3.38
"PK point lookup (warm)",7242,3.83
"PK point lookup (warm)",7243,3.96
"PK point lookup (warm)",7244,3.50
"PK point lookup (warm)",7245,3.66
"PK point lookup (warm)",7246,3.54
"PK point lookup (warm)",7247,3.71
"PK point lookup (warm)",7248,10.16
"PK point lookup (warm)",7249,2.24
"PK point lookup (warm)",7250,3.50
"PK point lookup (warm)",7251,3.33
"PK point lookup (warm)",7252,3.40
"PK point lookup (warm)",7253,3.74
"PK point lookup (warm)",7254,3.27
"PK point lookup (warm)",7255,3.39
"PK point lookup (warm)",7256,3.40
"PK point lookup (warm)",7257,3.39
"PK point lookup (warm)",7258,4.94
"PK point lookup (warm)",7259,3.52
"PK point lookup (warm)",7260,3.62
"PK point lookup (warm)",7261,3.68
"PK point lookup (warm)",7262,2.28
"PK point lookup (warm)",7263,3.44
"PK point lookup (warm)",7264,3.76
"PK point lookup (warm)",7265,3.52
"PK point lookup (warm)",7266,3.46
"PK point lookup (warm)",7267,3.36
"PK point lookup (warm)",7268,3.67
"PK point lookup (warm)",7269,3.49
"PK point lookup (warm)",7270,4.72
"PK point lookup (warm)",7271,4.38
"PK point lookup (warm)",7272,3.55
"PK point lookup (warm)",7273,3.71
"PK point lookup (warm)",7274,3.66
"PK point lookup (warm)",7275,3.64
"PK point lookup (warm)",7276,3.64
"PK point lookup (warm)",7277,3.66
"PK point lookup (warm)",7278,3.40
"PK point lookup (warm)",7279,3.15
"PK point lookup (warm)",7280,3.68
"PK point lookup (warm)",7281,3.48
"PK point lookup (warm)",7282,3.38
"PK point lookup (warm)",7283,3.65
"PK point lookup (warm)",7284,3.51
"PK point lookup (warm)",7285,3.43
"PK point lookup (warm)",7286,3.64
"PK point lookup (warm)",7287,3.45
"PK point lookup (warm)",7288,4.06
"PK point lookup (warm)",7289,2.26
"PK point lookup (warm)",7290,3.56
"PK point lookup (warm)",7291,2.57
"PK point lookup (warm)",7292,3.58
"PK point lookup (warm)",7293,3.77
"PK point lookup (warm)",7294,3.57
"PK point lookup (warm)",7295,3.40
"PK point lookup (warm)",7296,3.76
"PK point lookup (warm)",7297,3.47
"PK point lookup (warm)",7298,3.64
"PK point lookup (warm)",7299,3.50
"PK point lookup (warm)",7300,3.98
"PK point lookup (warm)",7301,3.42
"PK point lookup (warm)",7302,3.39
"PK point lookup (warm)",7303,3.54
"PK point lookup (warm)",7304,3.30
"PK point lookup (warm)",7305,3.42
"PK point lookup (warm)",7306,3.77
"PK point lookup (warm)",7307,3.56
"PK point lookup (warm)",7308,3.60
"PK point lookup (warm)",7309,3.34
"PK point lookup (warm)",7310,3.53
"PK point lookup (warm)",7311,3.76
"PK point lookup (warm)",7312,3.36
"PK point lookup (warm)",7313,3.65
"PK point lookup (warm)",7314,3.48
"PK point lookup (warm)",7315,3.74
"PK point lookup (warm)",7316,3.54
"PK point lookup (warm)",7317,3.44
"PK point lookup (warm)",7318,2.36
"PK point lookup (warm)",7319,3.37
"PK point lookup (warm)",7320,3.63
"PK point lookup (warm)",7321,3.30
"PK point lookup (warm)",7322,3.47
"PK point lookup (warm)",7323,3.62
"PK point lookup (warm)",7324,3.54
"PK point lookup (warm)",7325,3.77
"PK point lookup (warm)",7326,8.94
"PK point lookup (warm)",7327,5.58
"PK point lookup (warm)",7328,5.35
"PK point lookup (warm)",7329,3.83
"PK point lookup (warm)",7330,3.77
"PK point lookup (warm)",7331,3.79
"PK point lookup (warm)",7332,3.58
"PK point lookup (warm)",7333,26.55
"PK point lookup (warm)",7334,6.51
"PK point lookup (warm)",7335,4.59
"PK point lookup (warm)",7336,3.79
"PK point lookup (warm)",7337,3.56
"PK point lookup (warm)",7338,2.20
"PK point lookup (warm)",7339,3.43
"PK point lookup (warm)",7340,3.63
"PK point lookup (warm)",7341,3.49
"PK point lookup (warm)",7342,3.73
"PK point lookup (warm)",7343,2.75
"PK point lookup (warm)",7344,3.29
"PK point lookup (warm)",7345,3.91
"PK point lookup (warm)",7346,3.52
"PK point lookup (warm)",7347,3.57
"PK point lookup (warm)",7348,3.68
"PK point lookup (warm)",7349,3.55
"PK point lookup (warm)",7350,3.56
"PK point lookup (warm)",7351,3.34
"PK point lookup (warm)",7352,3.36
"PK point lookup (warm)",7353,3.69
"PK point lookup (warm)",7354,3.47
"PK point lookup (warm)",7355,3.96
"PK point lookup (warm)",7356,3.81
"PK point lookup (warm)",7357,4.12
"PK point lookup (warm)",7358,3.26
"PK point lookup (warm)",7359,3.62
"PK point lookup (warm)",7360,3.31
"PK point lookup (warm)",7361,3.37
"PK point lookup (warm)",7362,3.36
"PK point lookup (warm)",7363,3.50
"PK point lookup (warm)",7364,3.61
"PK point lookup (warm)",7365,3.88
"PK point lookup (warm)",7366,3.58
"PK point lookup (warm)",7367,3.36
"PK point lookup (warm)",7368,3.60
"PK point lookup (warm)",7369,3.71
"PK point lookup (warm)",7370,3.64
"PK point lookup (warm)",7371,3.54
"PK point lookup (warm)",7372,3.54
"PK point lookup (warm)",7373,3.52
"PK point lookup (warm)",7374,3.30
"PK point lookup (warm)",7375,3.31
"PK point lookup (warm)",7376,3.75
"PK point lookup (warm)",7377,3.60
"PK point lookup (warm)",7378,3.50
"PK point lookup (warm)",7379,3.56
"PK point lookup (warm)",7380,3.35
"PK point lookup (warm)",7381,3.27
"PK point lookup (warm)",7382,3.36
"PK point lookup (warm)",7383,3.58
"PK point lookup (warm)",7384,3.24
"PK point lookup (warm)",7385,3.25
"PK point lookup (warm)",7386,3.81
"PK point lookup (warm)",7387,3.76
"PK point lookup (warm)",7388,3.90
"PK point lookup (warm)",7389,3.46
"PK point lookup (warm)",7390,3.84
"PK point lookup (warm)",7391,3.78
"PK point lookup (warm)",7392,4.00
"PK point lookup (warm)",7393,3.54
"PK point lookup (warm)",7394,3.61
"PK point lookup (warm)",7395,3.78
"PK point lookup (warm)",7396,4.70
"PK point lookup (warm)",7397,3.16
"PK point lookup (warm)",7398,3.54
"PK point lookup (warm)",7399,3.33
"PK point lookup (warm)",7400,3.47
"PK point lookup (warm)",7401,3.27
"PK point lookup (warm)",7402,3.18
"PK point lookup (warm)",7403,3.56
"PK point lookup (warm)",7404,3.07
"PK point lookup (warm)",7405,3.71
"PK point lookup (warm)",7406,3.58
"PK point lookup (warm)",7407,3.67
"PK point lookup (warm)",7408,3.40
"PK point lookup (warm)",7409,3.59
"PK point lookup (warm)",7410,3.26
"PK point lookup (warm)",7411,9.89
"PK point lookup (warm)",7412,3.62
"PK point lookup (warm)",7413,3.67
"PK point lookup (warm)",7414,3.49
"PK point lookup (warm)",7415,3.44
"PK point lookup (warm)",7416,3.67
"PK point lookup (warm)",7417,3.61
"PK point lookup (warm)",7418,3.62
"PK point lookup (warm)",7419,3.58
"PK point lookup (warm)",7420,3.76
"PK point lookup (warm)",7421,3.49
"PK point lookup (warm)",7422,3.26
"PK point lookup (warm)",7423,3.34
"PK point lookup (warm)",7424,3.66
"PK point lookup (warm)",7425,3.63
"PK point lookup (warm)",7426,3.54
"PK point lookup (warm)",7427,3.48
"PK point lookup (warm)",7428,3.35
"PK point lookup (warm)",7429,3.72
"PK point lookup (warm)",7430,3.33
"PK point lookup (warm)",7431,3.62
"PK point lookup (warm)",7432,3.58
"PK point lookup (warm)",7433,3.81
"PK point lookup (warm)",7434,2.42
"PK point lookup (warm)",7435,3.21
"PK point lookup (warm)",7436,3.53
"PK point lookup (warm)",7437,3.77
"PK point lookup (warm)",7438,3.63
"PK point lookup (warm)",7439,3.61
"PK point lookup (warm)",7440,3.24
"PK point lookup (warm)",7441,3.30
"PK point lookup (warm)",7442,3.61
"PK point lookup (warm)",7443,2.40
"PK point lookup (warm)",7444,3.36
"PK point lookup (warm)",7445,3.64
"PK point lookup (warm)",7446,3.68
"PK point lookup (warm)",7447,3.37
"PK point lookup (warm)",7448,3.41
"PK point lookup (warm)",7449,3.36
"PK point lookup (warm)",7450,3.46
"PK point lookup (warm)",7451,3.60
"PK point lookup (warm)",7452,9.80
"PK point lookup (warm)",7453,4.03
"PK point lookup (warm)",7454,3.35
"PK point lookup (warm)",7455,3.61
"PK point lookup (warm)",7456,3.63
"PK point lookup (warm)",7457,4.59
"PK point lookup (warm)",7458,3.56
"PK point lookup (warm)",7459,3.34
"PK point lookup (warm)",7460,3.85
"PK point lookup (warm)",7461,3.56
"PK point lookup (warm)",7462,3.46
"PK point lookup (warm)",7463,3.36
"PK point lookup (warm)",7464,3.55
"PK point lookup (warm)",7465,3.53
"PK point lookup (warm)",7466,3.62
"PK point lookup (warm)",7467,3.30
"PK point lookup (warm)",7468,3.53
"PK point lookup (warm)",7469,3.61
"PK point lookup (warm)",7470,4.09
"PK point lookup (warm)",7471,3.99
"PK point lookup (warm)",7472,3.67
"PK point lookup (warm)",7473,2.28
"PK point lookup (warm)",7474,3.42
"PK point lookup (warm)",7475,3.43
"PK point lookup (warm)",7476,3.53
"PK point lookup (warm)",7477,3.56
"PK point lookup (warm)",7478,3.27
"PK point lookup (warm)",7479,3.37
"PK point lookup (warm)",7480,9.11
"PK point lookup (warm)",7481,3.85
"PK point lookup (warm)",7482,3.75
"PK point lookup (warm)",7483,3.43
"PK point lookup (warm)",7484,3.71
"PK point lookup (warm)",7485,3.38
"PK point lookup (warm)",7486,3.59
"PK point lookup (warm)",7487,3.68
"PK point lookup (warm)",7488,3.63
"PK point lookup (warm)",7489,4.10
"PK point lookup (warm)",7490,3.27
"PK point lookup (warm)",7491,3.40
"PK point lookup (warm)",7492,3.27
"PK point lookup (warm)",7493,3.57
"PK point lookup (warm)",7494,3.62
"PK point lookup (warm)",7495,3.34
"PK point lookup (warm)",7496,3.20
"PK point lookup (warm)",7497,3.54
"PK point lookup (warm)",7498,3.26
"PK point lookup (warm)",7499,3.62
"PK point lookup (warm)",7500,3.51
"PK point lookup (warm)",7501,3.66
"PK point lookup (warm)",7502,3.43
"PK point lookup (warm)",7503,3.66
"PK point lookup (warm)",7504,3.40
"PK point lookup (warm)",7505,2.38
"PK point lookup (warm)",7506,3.50
"PK point lookup (warm)",7507,3.37
"PK point lookup (warm)",7508,3.60
"PK point lookup (warm)",7509,3.74
"PK point lookup (warm)",7510,3.75
"PK point lookup (warm)",7511,3.58
"PK point lookup (warm)",7512,3.44
"PK point lookup (warm)",7513,3.48
"PK point lookup (warm)",7514,3.42
"PK point lookup (warm)",7515,3.58
"PK point lookup (warm)",7516,3.41
"PK point lookup (warm)",7517,3.47
"PK point lookup (warm)",7518,3.58
"PK point lookup (warm)",7519,3.60
"PK point lookup (warm)",7520,3.69
"PK point lookup (warm)",7521,3.54
"PK point lookup (warm)",7522,2.29
"PK point lookup (warm)",7523,3.42
"PK point lookup (warm)",7524,3.13
"PK point lookup (warm)",7525,3.23
"PK point lookup (warm)",7526,3.60
"PK point lookup (warm)",7527,3.98
"PK point lookup (warm)",7528,3.33
"PK point lookup (warm)",7529,3.69
"PK point lookup (warm)",7530,3.62
"PK point lookup (warm)",7531,3.67
"PK point lookup (warm)",7532,3.49
"PK point lookup (warm)",7533,3.66
"PK point lookup (warm)",7534,3.62
"PK point lookup (warm)",7535,3.54
"PK point lookup (warm)",7536,3.60
"PK point lookup (warm)",7537,3.60
"PK point lookup (warm)",7538,3.50
"PK point lookup (warm)",7539,3.74
"PK point lookup (warm)",7540,3.57
"PK point lookup (warm)",7541,3.46
"PK point lookup (warm)",7542,3.52
"PK point lookup (warm)",7543,3.51
"PK point lookup (warm)",7544,3.62
"PK point lookup (warm)",7545,3.70
"PK point lookup (warm)",7546,3.40
"PK point lookup (warm)",7547,3.25
"PK point lookup (warm)",7548,3.66
"PK point lookup (warm)",7549,3.67
"PK point lookup (warm)",7550,3.52
"PK point lookup (warm)",7551,3.46
"PK point lookup (warm)",7552,3.73
"PK point lookup (warm)",7553,3.53
"PK point lookup (warm)",7554,3.74
"PK point lookup (warm)",7555,3.48
"PK point lookup (warm)",7556,3.48
"PK point lookup (warm)",7557,3.30
"PK point lookup (warm)",7558,3.55
"PK point lookup (warm)",7559,3.69
"PK point lookup (warm)",7560,3.62
"PK point lookup (warm)",7561,3.73
"PK point lookup (warm)",7562,3.62
"PK point lookup (warm)",7563,3.39
"PK point lookup (warm)",7564,4.01
"PK point lookup (warm)",7565,3.23
"PK point lookup (warm)",7566,9.20
"PK point lookup (warm)",7567,4.88
"PK point lookup (warm)",7568,3.33
"PK point lookup (warm)",7569,3.71
"PK point lookup (warm)",7570,3.62
"PK point lookup (warm)",7571,3.50
"PK point lookup (warm)",7572,3.48
"PK point lookup (warm)",7573,3.57
"PK point lookup (warm)",7574,3.32
"PK point lookup (warm)",7575,3.60
"PK point lookup (warm)",7576,3.88
"PK point lookup (warm)",7577,3.52
"PK point lookup (warm)",7578,3.62
"PK point lookup (warm)",7579,3.66
"PK point lookup (warm)",7580,3.76
"PK point lookup (warm)",7581,20.93
"PK point lookup (warm)",7582,4.46
"PK point lookup (warm)",7583,3.55
"PK point lookup (warm)",7584,25.49
"PK point lookup (warm)",7585,6.80
"PK point lookup (warm)",7586,6.28
"PK point lookup (warm)",7587,29.09
"PK point lookup (warm)",7588,6.72
"PK point lookup (warm)",7589,5.19
"PK point lookup (warm)",7590,4.69
"PK point lookup (warm)",7591,3.75
"PK point lookup (warm)",7592,3.91
"PK point lookup (warm)",7593,3.82
"PK point lookup (warm)",7594,3.65
"PK point lookup (warm)",7595,3.82
"PK point lookup (warm)",7596,3.64
"PK point lookup (warm)",7597,2.78
"PK point lookup (warm)",7598,3.60
"PK point lookup (warm)",7599,3.48
"PK point lookup (warm)",7600,3.34
"PK point lookup (warm)",7601,3.56
"PK point lookup (warm)",7602,2.48
"PK point lookup (warm)",7603,3.61
"PK point lookup (warm)",7604,3.49
"PK point lookup (warm)",7605,3.65
"PK point lookup (warm)",7606,3.87
"PK point lookup (warm)",7607,3.49
"PK point lookup (warm)",7608,3.80
"PK point lookup (warm)",7609,3.54
"PK point lookup (warm)",7610,3.83
"PK point lookup (warm)",7611,4.20
"PK point lookup (warm)",7612,4.18
"PK point lookup (warm)",7613,3.92
"PK point lookup (warm)",7614,3.74
"PK point lookup (warm)",7615,3.61
"PK point lookup (warm)",7616,3.64
"PK point lookup (warm)",7617,3.52
"PK point lookup (warm)",7618,3.39
"PK point lookup (warm)",7619,3.35
"PK point lookup (warm)",7620,3.60
"PK point lookup (warm)",7621,3.95
"PK point lookup (warm)",7622,4.69
"PK point lookup (warm)",7623,3.76
"PK point lookup (warm)",7624,3.58
"PK point lookup (warm)",7625,3.69
"PK point lookup (warm)",7626,3.89
"PK point lookup (warm)",7627,3.55
"PK point lookup (warm)",7628,3.97
"PK point lookup (warm)",7629,4.46
"PK point lookup (warm)",7630,5.03
"PK point lookup (warm)",7631,3.55
"PK point lookup (warm)",7632,3.50
"PK point lookup (warm)",7633,3.56
"PK point lookup (warm)",7634,3.45
"PK point lookup (warm)",7635,3.25
"PK point lookup (warm)",7636,3.55
"PK point lookup (warm)",7637,3.45
"PK point lookup (warm)",7638,3.32
"PK point lookup (warm)",7639,3.56
"PK point lookup (warm)",7640,3.62
"PK point lookup (warm)",7641,3.53
"PK point lookup (warm)",7642,3.82
"PK point lookup (warm)",7643,3.71
"PK point lookup (warm)",7644,3.27
"PK point lookup (warm)",7645,3.74
"PK point lookup (warm)",7646,3.81
"PK point lookup (warm)",7647,3.38
"PK point lookup (warm)",7648,3.65
"PK point lookup (warm)",7649,3.56
"PK point lookup (warm)",7650,3.62
"PK point lookup (warm)",7651,10.90
"PK point lookup (warm)",7652,3.61
"PK point lookup (warm)",7653,3.81
"PK point lookup (warm)",7654,3.38
"PK point lookup (warm)",7655,3.58
"PK point lookup (warm)",7656,3.80
"PK point lookup (warm)",7657,4.01
"PK point lookup (warm)",7658,3.64
"PK point lookup (warm)",7659,3.23
"PK point lookup (warm)",7660,3.75
"PK point lookup (warm)",7661,3.39
"PK point lookup (warm)",7662,3.53
"PK point lookup (warm)",7663,3.38
"PK point lookup (warm)",7664,3.55
"PK point lookup (warm)",7665,3.61
"PK point lookup (warm)",7666,3.48
"PK point lookup (warm)",7667,3.77
"PK point lookup (warm)",7668,3.61
"PK point lookup (warm)",7669,3.51
"PK point lookup (warm)",7670,3.55
"PK point lookup (warm)",7671,3.81
"PK point lookup (warm)",7672,4.01
"PK point lookup (warm)",7673,3.40
"PK point lookup (warm)",7674,3.70
"PK point lookup (warm)",7675,3.48
"PK point lookup (warm)",7676,3.52
"PK point lookup (warm)",7677,3.80
"PK point lookup (warm)",7678,3.12
"PK point lookup (warm)",7679,3.56
"PK point lookup (warm)",7680,3.42
"PK point lookup (warm)",7681,3.88
"PK point lookup (warm)",7682,3.48
"PK point lookup (warm)",7683,3.45
"PK point lookup (warm)",7684,3.80
"PK point lookup (warm)",7685,3.66
"PK point lookup (warm)",7686,2.48
"PK point lookup (warm)",7687,3.68
"PK point lookup (warm)",7688,3.70
"PK point lookup (warm)",7689,3.81
"PK point lookup (warm)",7690,3.67
"PK point lookup (warm)",7691,11.07
"PK point lookup (warm)",7692,4.00
"PK point lookup (warm)",7693,3.85
"PK point lookup (warm)",7694,3.46
"PK point lookup (warm)",7695,3.47
"PK point lookup (warm)",7696,3.98
"PK point lookup (warm)",7697,3.60
"PK point lookup (warm)",7698,3.40
"PK point lookup (warm)",7699,3.70
"PK point lookup (warm)",7700,4.35
"PK point lookup (warm)",7701,4.41
"PK point lookup (warm)",7702,3.68
"PK point lookup (warm)",7703,3.38
"PK point lookup (warm)",7704,2.38
"PK point lookup (warm)",7705,3.51
"PK point lookup (warm)",7706,3.18
"PK point lookup (warm)",7707,3.54
"PK point lookup (warm)",7708,3.28
"PK point lookup (warm)",7709,3.78
"PK point lookup (warm)",7710,3.45
"PK point lookup (warm)",7711,3.47
"PK point lookup (warm)",7712,3.49
"PK point lookup (warm)",7713,3.27
"PK point lookup (warm)",7714,3.34
"PK point lookup (warm)",7715,5.05
"PK point lookup (warm)",7716,3.59
"PK point lookup (warm)",7717,3.63
"PK point lookup (warm)",7718,3.71
"PK point lookup (warm)",7719,3.81
"PK point lookup (warm)",7720,3.68
"PK point lookup (warm)",7721,3.45
"PK point lookup (warm)",7722,3.62
"PK point lookup (warm)",7723,3.43
"PK point lookup (warm)",7724,3.50
"PK point lookup (warm)",7725,3.70
"PK point lookup (warm)",7726,3.32
"PK point lookup (warm)",7727,3.60
"PK point lookup (warm)",7728,3.50
"PK point lookup (warm)",7729,3.49
"PK point lookup (warm)",7730,3.33
"PK point lookup (warm)",7731,3.38
"PK point lookup (warm)",7732,3.66
"PK point lookup (warm)",7733,3.78
"PK point lookup (warm)",7734,3.24
"PK point lookup (warm)",7735,3.58
"PK point lookup (warm)",7736,9.15
"PK point lookup (warm)",7737,3.68
"PK point lookup (warm)",7738,3.52
"PK point lookup (warm)",7739,3.62
"PK point lookup (warm)",7740,3.90
"PK point lookup (warm)",7741,3.86
"PK point lookup (warm)",7742,3.68
"PK point lookup (warm)",7743,3.60
"PK point lookup (warm)",7744,3.47
"PK point lookup (warm)",7745,3.66
"PK point lookup (warm)",7746,3.44
"PK point lookup (warm)",7747,3.63
"PK point lookup (warm)",7748,3.65
"PK point lookup (warm)",7749,3.65
"PK point lookup (warm)",7750,3.54
"PK point lookup (warm)",7751,3.38
"PK point lookup (warm)",7752,3.50
"PK point lookup (warm)",7753,3.30
"PK point lookup (warm)",7754,3.93
"PK point lookup (warm)",7755,3.41
"PK point lookup (warm)",7756,3.52
"PK point lookup (warm)",7757,2.06
"PK point lookup (warm)",7758,3.84
"PK point lookup (warm)",7759,3.40
"PK point lookup (warm)",7760,3.55
"PK point lookup (warm)",7761,4.01
"PK point lookup (warm)",7762,3.61
"PK point lookup (warm)",7763,3.62
"PK point lookup (warm)",7764,3.38
"PK point lookup (warm)",7765,3.78
"PK point lookup (warm)",7766,3.96
"PK point lookup (warm)",7767,3.36
"PK point lookup (warm)",7768,2.41
"PK point lookup (warm)",7769,3.24
"PK point lookup (warm)",7770,3.46
"PK point lookup (warm)",7771,3.33
"PK point lookup (warm)",7772,3.39
"PK point lookup (warm)",7773,3.39
"PK point lookup (warm)",7774,3.52
"PK point lookup (warm)",7775,3.90
"PK point lookup (warm)",7776,3.66
"PK point lookup (warm)",7777,3.66
"PK point lookup (warm)",7778,3.55
"PK point lookup (warm)",7779,3.38
"PK point lookup (warm)",7780,4.83
"PK point lookup (warm)",7781,3.38
"PK point lookup (warm)",7782,3.52
"PK point lookup (warm)",7783,3.36
"PK point lookup (warm)",7784,3.63
"PK point lookup (warm)",7785,3.63
"PK point lookup (warm)",7786,3.71
"PK point lookup (warm)",7787,3.49
"PK point lookup (warm)",7788,3.38
"PK point lookup (warm)",7789,3.25
"PK point lookup (warm)",7790,3.17
"PK point lookup (warm)",7791,3.42
"PK point lookup (warm)",7792,3.18
"PK point lookup (warm)",7793,3.57
"PK point lookup (warm)",7794,3.47
"PK point lookup (warm)",7795,2.33
"PK point lookup (warm)",7796,3.71
"PK point lookup (warm)",7797,3.30
"PK point lookup (warm)",7798,3.68
"PK point lookup (warm)",7799,3.40
"PK point lookup (warm)",7800,3.45
"PK point lookup (warm)",7801,3.45
"PK point lookup (warm)",7802,3.20
"PK point lookup (warm)",7803,3.45
"PK point lookup (warm)",7804,3.57
"PK point lookup (warm)",7805,3.73
"PK point lookup (warm)",7806,3.54
"PK point lookup (warm)",7807,9.46
"PK point lookup (warm)",7808,3.81
"PK point lookup (warm)",7809,3.40
"PK point lookup (warm)",7810,3.49
"PK point lookup (warm)",7811,3.79
"PK point lookup (warm)",7812,3.63
"PK point lookup (warm)",7813,3.52
"PK point lookup (warm)",7814,3.61
"PK point lookup (warm)",7815,3.58
"PK point lookup (warm)",7816,3.79
"PK point lookup (warm)",7817,3.36
"PK point lookup (warm)",7818,5.03
"PK point lookup (warm)",7819,3.64
"PK point lookup (warm)",7820,3.84
"PK point lookup (warm)",7821,3.64
"PK point lookup (warm)",7822,3.83
"PK point lookup (warm)",7823,3.13
"PK point lookup (warm)",7824,3.63
"PK point lookup (warm)",7825,3.63
"PK point lookup (warm)",7826,3.15
"PK point lookup (warm)",7827,27.18
"PK point lookup (warm)",7828,6.39
"PK point lookup (warm)",7829,5.40
"PK point lookup (warm)",7830,3.76
"PK point lookup (warm)",7831,3.70
"PK point lookup (warm)",7832,3.68
"PK point lookup (warm)",7833,3.78
"PK point lookup (warm)",7834,3.64
"PK point lookup (warm)",7835,4.24
"PK point lookup (warm)",7836,3.44
"PK point lookup (warm)",7837,3.47
"PK point lookup (warm)",7838,3.84
"PK point lookup (warm)",7839,4.72
"PK point lookup (warm)",7840,3.48
"PK point lookup (warm)",7841,3.69
"PK point lookup (warm)",7842,3.54
"PK point lookup (warm)",7843,3.62
"PK point lookup (warm)",7844,3.46
"PK point lookup (warm)",7845,3.58
"PK point lookup (warm)",7846,3.61
"PK point lookup (warm)",7847,3.24
"PK point lookup (warm)",7848,3.77
"PK point lookup (warm)",7849,3.53
"PK point lookup (warm)",7850,3.80
"PK point lookup (warm)",7851,3.83
"PK point lookup (warm)",7852,3.57
"PK point lookup (warm)",7853,3.63
"PK point lookup (warm)",7854,3.80
"PK point lookup (warm)",7855,3.42
"PK point lookup (warm)",7856,3.52
"PK point lookup (warm)",7857,3.71
"PK point lookup (warm)",7858,3.41
"PK point lookup (warm)",7859,3.76
"PK point lookup (warm)",7860,3.61
"PK point lookup (warm)",7861,3.42
"PK point lookup (warm)",7862,3.53
"PK point lookup (warm)",7863,3.56
"PK point lookup (warm)",7864,3.11
"PK point lookup (warm)",7865,3.52
"PK point lookup (warm)",7866,3.74
"PK point lookup (warm)",7867,3.41
"PK point lookup (warm)",7868,3.64
"PK point lookup (warm)",7869,3.94
"PK point lookup (warm)",7870,3.76
"PK point lookup (warm)",7871,3.73
"PK point lookup (warm)",7872,3.46
"PK point lookup (warm)",7873,4.07
"PK point lookup (warm)",7874,3.57
"PK point lookup (warm)",7875,3.38
"PK point lookup (warm)",7876,3.52
"PK point lookup (warm)",7877,9.19
"PK point lookup (warm)",7878,3.88
"PK point lookup (warm)",7879,3.57
"PK point lookup (warm)",7880,3.38
"PK point lookup (warm)",7881,3.59
"PK point lookup (warm)",7882,3.97
"PK point lookup (warm)",7883,3.56
"PK point lookup (warm)",7884,3.71
"PK point lookup (warm)",7885,3.23
"PK point lookup (warm)",7886,5.16
"PK point lookup (warm)",7887,3.43
"PK point lookup (warm)",7888,3.68
"PK point lookup (warm)",7889,3.71
"PK point lookup (warm)",7890,3.62
"PK point lookup (warm)",7891,3.62
"PK point lookup (warm)",7892,3.46
"PK point lookup (warm)",7893,3.82
"PK point lookup (warm)",7894,3.38
"PK point lookup (warm)",7895,3.17
"PK point lookup (warm)",7896,3.41
"PK point lookup (warm)",7897,3.52
"PK point lookup (warm)",7898,3.49
"PK point lookup (warm)",7899,3.66
"PK point lookup (warm)",7900,3.65
"PK point lookup (warm)",7901,5.17
"PK point lookup (warm)",7902,3.60
"PK point lookup (warm)",7903,2.36
"PK point lookup (warm)",7904,5.92
"PK point lookup (warm)",7905,4.02
"PK point lookup (warm)",7906,3.57
"PK point lookup (warm)",7907,4.10
"PK point lookup (warm)",7908,3.59
"PK point lookup (warm)",7909,3.57
"PK point lookup (warm)",7910,3.45
"PK point lookup (warm)",7911,3.56
"PK point lookup (warm)",7912,3.71
"PK point lookup (warm)",7913,3.53
"PK point lookup (warm)",7914,3.20
"PK point lookup (warm)",7915,3.50
"PK point lookup (warm)",7916,3.96
"PK point lookup (warm)",7917,3.79
"PK point lookup (warm)",7918,3.50
"PK point lookup (warm)",7919,3.64
"PK point lookup (warm)",7920,3.98
"PK point lookup (warm)",7921,3.72
"PK point lookup (warm)",7922,3.44
"PK point lookup (warm)",7923,3.79
"PK point lookup (warm)",7924,3.41
"PK point lookup (warm)",7925,3.56
"PK point lookup (warm)",7926,3.84
"PK point lookup (warm)",7927,3.69
"PK point lookup (warm)",7928,3.37
"PK point lookup (warm)",7929,3.89
"PK point lookup (warm)",7930,3.38
"PK point lookup (warm)",7931,3.54
"PK point lookup (warm)",7932,3.41
"PK point lookup (warm)",7933,5.03
"PK point lookup (warm)",7934,3.44
"PK point lookup (warm)",7935,2.27
"PK point lookup (warm)",7936,3.50
"PK point lookup (warm)",7937,3.44
"PK point lookup (warm)",7938,4.97
"PK point lookup (warm)",7939,3.46
"PK point lookup (warm)",7940,3.67
"PK point lookup (warm)",7941,10.15
"PK point lookup (warm)",7942,3.73
"PK point lookup (warm)",7943,3.58
"PK point lookup (warm)",7944,3.29
"PK point lookup (warm)",7945,3.42
"PK point lookup (warm)",7946,3.35
"PK point lookup (warm)",7947,3.49
"PK point lookup (warm)",7948,3.64
"PK point lookup (warm)",7949,3.48
"PK point lookup (warm)",7950,3.62
"PK point lookup (warm)",7951,9.65
"PK point lookup (warm)",7952,3.78
"PK point lookup (warm)",7953,3.57
"PK point lookup (warm)",7954,3.71
"PK point lookup (warm)",7955,3.52
"PK point lookup (warm)",7956,3.55
"PK point lookup (warm)",7957,3.33
"PK point lookup (warm)",7958,3.62
"PK point lookup (warm)",7959,3.71
"PK point lookup (warm)",7960,3.53
"PK point lookup (warm)",7961,3.50
"PK point lookup (warm)",7962,3.46
"PK point lookup (warm)",7963,3.33
"PK point lookup (warm)",7964,3.55
"PK point lookup (warm)",7965,3.50
"PK point lookup (warm)",7966,3.63
"PK point lookup (warm)",7967,3.67
"PK point lookup (warm)",7968,3.56
"PK point lookup (warm)",7969,3.59
"PK point lookup (warm)",7970,3.62
"PK point lookup (warm)",7971,3.37
"PK point lookup (warm)",7972,3.57
"PK point lookup (warm)",7973,3.47
"PK point lookup (warm)",7974,3.48
"PK point lookup (warm)",7975,3.54
"PK point lookup (warm)",7976,3.40
"PK point lookup (warm)",7977,3.53
"PK point lookup (warm)",7978,3.34
"PK point lookup (warm)",7979,3.62
"PK point lookup (warm)",7980,2.47
"PK point lookup (warm)",7981,3.50
"PK point lookup (warm)",7982,3.54
"PK point lookup (warm)",7983,3.32
"PK point lookup (warm)",7984,3.40
"PK point lookup (warm)",7985,3.68
"PK point lookup (warm)",7986,3.51
"PK point lookup (warm)",7987,3.31
"PK point lookup (warm)",7988,3.37
"PK point lookup (warm)",7989,3.48
"PK point lookup (warm)",7990,3.35
"PK point lookup (warm)",7991,3.73
"PK point lookup (warm)",7992,3.62
"PK point lookup (warm)",7993,3.58
"PK point lookup (warm)",7994,3.50
"PK point lookup (warm)",7995,3.47
"PK point lookup (warm)",7996,3.38
"PK point lookup (warm)",7997,3.28
"PK point lookup (warm)",7998,3.86
"PK point lookup (warm)",7999,3.68
"PK point lookup (warm)",8000,3.65
"PK point lookup (warm)",8001,3.42
"PK point lookup (warm)",8002,3.79
"PK point lookup (warm)",8003,3.58
"PK point lookup (warm)",8004,3.92
"PK point lookup (warm)",8005,2.42
"PK point lookup (warm)",8006,3.46
"PK point lookup (warm)",8007,3.79
"PK point lookup (warm)",8008,4.20
"PK point lookup (warm)",8009,3.34
"PK point lookup (warm)",8010,3.43
"PK point lookup (warm)",8011,3.76
"PK point lookup (warm)",8012,3.81
"PK point lookup (warm)",8013,3.47
"PK point lookup (warm)",8014,3.58
"PK point lookup (warm)",8015,3.64
"PK point lookup (warm)",8016,3.33
"PK point lookup (warm)",8017,3.47
"PK point lookup (warm)",8018,2.65
"PK point lookup (warm)",8019,3.44
"PK point lookup (warm)",8020,3.70
"PK point lookup (warm)",8021,3.64
"PK point lookup (warm)",8022,3.44
"PK point lookup (warm)",8023,3.41
"PK point lookup (warm)",8024,3.56
"PK point lookup (warm)",8025,3.56
"PK point lookup (warm)",8026,3.49
"PK point lookup (warm)",8027,3.37
"PK point lookup (warm)",8028,3.25
"PK point lookup (warm)",8029,3.68
"PK point lookup (warm)",8030,9.74
"PK point lookup (warm)",8031,2.52
"PK point lookup (warm)",8032,3.31
"PK point lookup (warm)",8033,2.19
"PK point lookup (warm)",8034,4.48
"PK point lookup (warm)",8035,3.50
"PK point lookup (warm)",8036,3.48
"PK point lookup (warm)",8037,3.39
"PK point lookup (warm)",8038,3.79
"PK point lookup (warm)",8039,2.42
"PK point lookup (warm)",8040,3.68
"PK point lookup (warm)",8041,3.52
"PK point lookup (warm)",8042,3.30
"PK point lookup (warm)",8043,3.79
"PK point lookup (warm)",8044,3.46
"PK point lookup (warm)",8045,3.70
"PK point lookup (warm)",8046,3.56
"PK point lookup (warm)",8047,3.14
"PK point lookup (warm)",8048,3.34
"PK point lookup (warm)",8049,3.72
"PK point lookup (warm)",8050,3.25
"PK point lookup (warm)",8051,3.73
"PK point lookup (warm)",8052,3.40
"PK point lookup (warm)",8053,3.46
"PK point lookup (warm)",8054,3.73
"PK point lookup (warm)",8055,3.65
"PK point lookup (warm)",8056,3.50
"PK point lookup (warm)",8057,3.48
"PK point lookup (warm)",8058,3.56
"PK point lookup (warm)",8059,3.64
"PK point lookup (warm)",8060,2.42
"PK point lookup (warm)",8061,3.96
"PK point lookup (warm)",8062,3.57
"PK point lookup (warm)",8063,3.78
"PK point lookup (warm)",8064,3.08
"PK point lookup (warm)",8065,3.49
"PK point lookup (warm)",8066,3.34
"PK point lookup (warm)",8067,3.69
"PK point lookup (warm)",8068,3.53
"PK point lookup (warm)",8069,3.80
"PK point lookup (warm)",8070,3.53
"PK point lookup (warm)",8071,3.15
"PK point lookup (warm)",8072,3.29
"PK point lookup (warm)",8073,3.62
"PK point lookup (warm)",8074,3.47
"PK point lookup (warm)",8075,3.46
"PK point lookup (warm)",8076,3.57
"PK point lookup (warm)",8077,3.36
"PK point lookup (warm)",8078,3.63
"PK point lookup (warm)",8079,26.34
"PK point lookup (warm)",8080,7.75
"PK point lookup (warm)",8081,6.02
"PK point lookup (warm)",8082,3.55
"PK point lookup (warm)",8083,2.95
"PK point lookup (warm)",8084,3.79
"PK point lookup (warm)",8085,3.59
"PK point lookup (warm)",8086,3.96
"PK point lookup (warm)",8087,3.75
"PK point lookup (warm)",8088,3.89
"PK point lookup (warm)",8089,3.86
"PK point lookup (warm)",8090,3.69
"PK point lookup (warm)",8091,4.02
"PK point lookup (warm)",8092,5.61
"PK point lookup (warm)",8093,3.97
"PK point lookup (warm)",8094,3.90
"PK point lookup (warm)",8095,3.62
"PK point lookup (warm)",8096,3.68
"PK point lookup (warm)",8097,3.79
"PK point lookup (warm)",8098,3.49
"PK point lookup (warm)",8099,3.34
"PK point lookup (warm)",8100,3.28
"PK point lookup (warm)",8101,3.83
"PK point lookup (warm)",8102,3.89
"PK point lookup (warm)",8103,3.50
"PK point lookup (warm)",8104,3.49
"PK point lookup (warm)",8105,3.40
"PK point lookup (warm)",8106,3.39
"PK point lookup (warm)",8107,3.56
"PK point lookup (warm)",8108,3.60
"PK point lookup (warm)",8109,3.66
"PK point lookup (warm)",8110,3.58
"PK point lookup (warm)",8111,3.79
"PK point lookup (warm)",8112,3.62
"PK point lookup (warm)",8113,3.49
"PK point lookup (warm)",8114,3.38
"PK point lookup (warm)",8115,3.54
"PK point lookup (warm)",8116,3.39
"PK point lookup (warm)",8117,3.48
"PK point lookup (warm)",8118,3.67
"PK point lookup (warm)",8119,3.64
"PK point lookup (warm)",8120,3.27
"PK point lookup (warm)",8121,9.72
"PK point lookup (warm)",8122,3.79
"PK point lookup (warm)",8123,3.72
"PK point lookup (warm)",8124,3.41
"PK point lookup (warm)",8125,3.87
"PK point lookup (warm)",8126,3.45
"PK point lookup (warm)",8127,3.56
"PK point lookup (warm)",8128,3.19
"PK point lookup (warm)",8129,3.81
"PK point lookup (warm)",8130,3.23
"PK point lookup (warm)",8131,3.69
"PK point lookup (warm)",8132,3.81
"PK point lookup (warm)",8133,3.53
"PK point lookup (warm)",8134,3.50
"PK point lookup (warm)",8135,3.57
"PK point lookup (warm)",8136,3.52
"PK point lookup (warm)",8137,3.62
"PK point lookup (warm)",8138,3.89
"PK point lookup (warm)",8139,3.38
"PK point lookup (warm)",8140,3.92
"PK point lookup (warm)",8141,2.56
"PK point lookup (warm)",8142,3.62
"PK point lookup (warm)",8143,3.51
"PK point lookup (warm)",8144,3.62
"PK point lookup (warm)",8145,3.62
"PK point lookup (warm)",8146,3.68
"PK point lookup (warm)",8147,3.33
"PK point lookup (warm)",8148,3.53
"PK point lookup (warm)",8149,3.37
"PK point lookup (warm)",8150,3.81
"PK point lookup (warm)",8151,3.42
"PK point lookup (warm)",8152,3.69
"PK point lookup (warm)",8153,3.28
"PK point lookup (warm)",8154,3.72
"PK point lookup (warm)",8155,3.25
"PK point lookup (warm)",8156,3.42
"PK point lookup (warm)",8157,3.38
"PK point lookup (warm)",8158,3.23
"PK point lookup (warm)",8159,3.56
"PK point lookup (warm)",8160,3.67
"PK point lookup (warm)",8161,3.60
"PK point lookup (warm)",8162,4.04
"PK point lookup (warm)",8163,4.50
"PK point lookup (warm)",8164,3.62
"PK point lookup (warm)",8165,3.29
"PK point lookup (warm)",8166,3.86
"PK point lookup (warm)",8167,3.34
"PK point lookup (warm)",8168,3.40
"PK point lookup (warm)",8169,4.68
"PK point lookup (warm)",8170,3.52
"PK point lookup (warm)",8171,3.31
"PK point lookup (warm)",8172,3.62
"PK point lookup (warm)",8173,3.52
"PK point lookup (warm)",8174,3.50
"PK point lookup (warm)",8175,3.60
"PK point lookup (warm)",8176,3.38
"PK point lookup (warm)",8177,3.50
"PK point lookup (warm)",8178,3.51
"PK point lookup (warm)",8179,4.24
"PK point lookup (warm)",8180,3.40
"PK point lookup (warm)",8181,3.29
"PK point lookup (warm)",8182,3.40
"PK point lookup (warm)",8183,3.73
"PK point lookup (warm)",8184,3.31
"PK point lookup (warm)",8185,3.46
"PK point lookup (warm)",8186,3.25
"PK point lookup (warm)",8187,3.41
"PK point lookup (warm)",8188,3.63
"PK point lookup (warm)",8189,3.68
"PK point lookup (warm)",8190,3.56
"PK point lookup (warm)",8191,3.71
"PK point lookup (warm)",8192,3.67
"PK point lookup (warm)",8193,10.18
"PK point lookup (warm)",8194,3.74
"PK point lookup (warm)",8195,3.33
"PK point lookup (warm)",8196,3.36
"PK point lookup (warm)",8197,3.45
"PK point lookup (warm)",8198,3.71
"PK point lookup (warm)",8199,3.32
"PK point lookup (warm)",8200,3.29
"PK point lookup (warm)",8201,3.91
"PK point lookup (warm)",8202,3.50
"PK point lookup (warm)",8203,3.50
"PK point lookup (warm)",8204,3.77
"PK point lookup (warm)",8205,3.38
"PK point lookup (warm)",8206,4.11
"PK point lookup (warm)",8207,3.33
"PK point lookup (warm)",8208,3.46
"PK point lookup (warm)",8209,3.23
"PK point lookup (warm)",8210,9.21
"PK point lookup (warm)",8211,3.75
"PK point lookup (warm)",8212,2.54
"PK point lookup (warm)",8213,3.44
"PK point lookup (warm)",8214,3.66
"PK point lookup (warm)",8215,3.53
"PK point lookup (warm)",8216,3.66
"PK point lookup (warm)",8217,3.59
"PK point lookup (warm)",8218,3.52
"PK point lookup (warm)",8219,3.45
"PK point lookup (warm)",8220,3.61
"PK point lookup (warm)",8221,3.90
"PK point lookup (warm)",8222,3.42
"PK point lookup (warm)",8223,3.51
"PK point lookup (warm)",8224,3.48
"PK point lookup (warm)",8225,3.72
"PK point lookup (warm)",8226,3.53
"PK point lookup (warm)",8227,3.49
"PK point lookup (warm)",8228,4.67
"PK point lookup (warm)",8229,3.43
"PK point lookup (warm)",8230,3.48
"PK point lookup (warm)",8231,3.71
"PK point lookup (warm)",8232,3.31
"PK point lookup (warm)",8233,3.65
"PK point lookup (warm)",8234,3.71
"PK point lookup (warm)",8235,3.63
"PK point lookup (warm)",8236,3.50
"PK point lookup (warm)",8237,3.81
"PK point lookup (warm)",8238,3.47
"PK point lookup (warm)",8239,4.94
"PK point lookup (warm)",8240,3.92
"PK point lookup (warm)",8241,3.42
"PK point lookup (warm)",8242,3.73
"PK point lookup (warm)",8243,3.55
"PK point lookup (warm)",8244,3.73
"PK point lookup (warm)",8245,3.66
"PK point lookup (warm)",8246,3.54
"PK point lookup (warm)",8247,3.65
"PK point lookup (warm)",8248,3.78
"PK point lookup (warm)",8249,3.37
"PK point lookup (warm)",8250,3.47
"PK point lookup (warm)",8251,3.60
"PK point lookup (warm)",8252,3.41
"PK point lookup (warm)",8253,3.49
"PK point lookup (warm)",8254,3.33
"PK point lookup (warm)",8255,3.59
"PK point lookup (warm)",8256,3.58
"PK point lookup (warm)",8257,3.48
"PK point lookup (warm)",8258,3.68
"PK point lookup (warm)",8259,3.59
"PK point lookup (warm)",8260,3.52
"PK point lookup (warm)",8261,3.43
"PK point lookup (warm)",8262,3.55
"PK point lookup (warm)",8263,9.46
"PK point lookup (warm)",8264,3.76
"PK point lookup (warm)",8265,3.54
"PK point lookup (warm)",8266,2.31
"PK point lookup (warm)",8267,3.52
"PK point lookup (warm)",8268,3.47
"PK point lookup (warm)",8269,3.44
"PK point lookup (warm)",8270,2.47
"PK point lookup (warm)",8271,3.31
"PK point lookup (warm)",8272,3.23
"PK point lookup (warm)",8273,2.56
"PK point lookup (warm)",8274,3.37
"PK point lookup (warm)",8275,3.14
"PK point lookup (warm)",8276,4.78
"PK point lookup (warm)",8277,3.63
"PK point lookup (warm)",8278,2.26
"PK point lookup (warm)",8279,3.42
"PK point lookup (warm)",8280,3.78
"PK point lookup (warm)",8281,3.72
"PK point lookup (warm)",8282,3.40
"PK point lookup (warm)",8283,3.66
"PK point lookup (warm)",8284,3.46
"PK point lookup (warm)",8285,3.82
"PK point lookup (warm)",8286,3.59
"PK point lookup (warm)",8287,4.36
"PK point lookup (warm)",8288,4.65
"PK point lookup (warm)",8289,3.64
"PK point lookup (warm)",8290,3.42
"PK point lookup (warm)",8291,3.06
"PK point lookup (warm)",8292,3.44
"PK point lookup (warm)",8293,3.60
"PK point lookup (warm)",8294,3.33
"PK point lookup (warm)",8295,3.32
"PK point lookup (warm)",8296,3.39
"PK point lookup (warm)",8297,3.45
"PK point lookup (warm)",8298,3.81
"PK point lookup (warm)",8299,3.53
"PK point lookup (warm)",8300,3.92
"PK point lookup (warm)",8301,3.82
"PK point lookup (warm)",8302,3.75
"PK point lookup (warm)",8303,3.13
"PK point lookup (warm)",8304,3.48
"PK point lookup (warm)",8305,3.19
"PK point lookup (warm)",8306,2.35
"PK point lookup (warm)",8307,3.33
"PK point lookup (warm)",8308,3.53
"PK point lookup (warm)",8309,2.39
"PK point lookup (warm)",8310,3.45
"PK point lookup (warm)",8311,3.77
"PK point lookup (warm)",8312,3.47
"PK point lookup (warm)",8313,3.66
"PK point lookup (warm)",8314,3.55
"PK point lookup (warm)",8315,2.24
"PK point lookup (warm)",8316,3.29
"PK point lookup (warm)",8317,3.43
"PK point lookup (warm)",8318,3.77
"PK point lookup (warm)",8319,3.59
"PK point lookup (warm)",8320,3.71
"PK point lookup (warm)",8321,3.72
"PK point lookup (warm)",8322,3.76
"PK point lookup (warm)",8323,3.73
"PK point lookup (warm)",8324,3.81
"PK point lookup (warm)",8325,3.55
"PK point lookup (warm)",8326,3.54
"PK point lookup (warm)",8327,3.54
"PK point lookup (warm)",8328,3.74
"PK point lookup (warm)",8329,3.76
"PK point lookup (warm)",8330,23.54
"PK point lookup (warm)",8331,7.55
"PK point lookup (warm)",8332,6.43
"PK point lookup (warm)",8333,5.45
"PK point lookup (warm)",8334,4.25
"PK point lookup (warm)",8335,3.54
"PK point lookup (warm)",8336,3.40
"PK point lookup (warm)",8337,10.10
"PK point lookup (warm)",8338,3.01
"PK point lookup (warm)",8339,5.46
"PK point lookup (warm)",8340,3.72
"PK point lookup (warm)",8341,3.48
"PK point lookup (warm)",8342,2.48
"PK point lookup (warm)",8343,3.42
"PK point lookup (warm)",8344,3.53
"PK point lookup (warm)",8345,4.01
"PK point lookup (warm)",8346,3.47
"PK point lookup (warm)",8347,3.89
"PK point lookup (warm)",8348,3.75
"PK point lookup (warm)",8349,3.35
"PK point lookup (warm)",8350,3.38
"PK point lookup (warm)",8351,3.70
"PK point lookup (warm)",8352,3.71
"PK point lookup (warm)",8353,5.83
"PK point lookup (warm)",8354,3.90
"PK point lookup (warm)",8355,3.37
"PK point lookup (warm)",8356,3.60
"PK point lookup (warm)",8357,3.33
"PK point lookup (warm)",8358,3.95
"PK point lookup (warm)",8359,3.48
"PK point lookup (warm)",8360,3.67
"PK point lookup (warm)",8361,3.80
"PK point lookup (warm)",8362,3.22
"PK point lookup (warm)",8363,3.93
"PK point lookup (warm)",8364,3.31
"PK point lookup (warm)",8365,3.30
"PK point lookup (warm)",8366,3.93
"PK point lookup (warm)",8367,3.38
"PK point lookup (warm)",8368,3.58
"PK point lookup (warm)",8369,3.52
"PK point lookup (warm)",8370,3.65
"PK point lookup (warm)",8371,3.51
"PK point lookup (warm)",8372,3.45
"PK point lookup (warm)",8373,3.61
"PK point lookup (warm)",8374,4.91
"PK point lookup (warm)",8375,3.71
"PK point lookup (warm)",8376,5.02
"PK point lookup (warm)",8377,3.53
"PK point lookup (warm)",8378,3.37
"PK point lookup (warm)",8379,3.73
"PK point lookup (warm)",8380,3.63
"PK point lookup (warm)",8381,3.39
"PK point lookup (warm)",8382,3.61
"PK point lookup (warm)",8383,3.33
"PK point lookup (warm)",8384,3.77
"PK point lookup (warm)",8385,3.51
"PK point lookup (warm)",8386,3.61
"PK point lookup (warm)",8387,3.00
"PK point lookup (warm)",8388,3.51
"PK point lookup (warm)",8389,3.57
"PK point lookup (warm)",8390,3.95
"PK point lookup (warm)",8391,3.56
"PK point lookup (warm)",8392,3.74
"PK point lookup (warm)",8393,3.57
"PK point lookup (warm)",8394,3.33
"PK point lookup (warm)",8395,3.71
"PK point lookup (warm)",8396,3.61
"PK point lookup (warm)",8397,2.33
"PK point lookup (warm)",8398,3.44
"PK point lookup (warm)",8399,3.68
"PK point lookup (warm)",8400,3.54
"PK point lookup (warm)",8401,9.91
"PK point lookup (warm)",8402,3.83
"PK point lookup (warm)",8403,3.56
"PK point lookup (warm)",8404,3.78
"PK point lookup (warm)",8405,3.43
"PK point lookup (warm)",8406,3.73
"PK point lookup (warm)",8407,3.55
"PK point lookup (warm)",8408,3.58
"PK point lookup (warm)",8409,3.40
"PK point lookup (warm)",8410,3.68
"PK point lookup (warm)",8411,3.44
"PK point lookup (warm)",8412,3.56
"PK point lookup (warm)",8413,3.68
"PK point lookup (warm)",8414,3.40
"PK point lookup (warm)",8415,3.37
"PK point lookup (warm)",8416,3.21
"PK point lookup (warm)",8417,3.58
"PK point lookup (warm)",8418,2.46
"PK point lookup (warm)",8419,2.34
"PK point lookup (warm)",8420,3.50
"PK point lookup (warm)",8421,3.67
"PK point lookup (warm)",8422,4.06
"PK point lookup (warm)",8423,3.33
"PK point lookup (warm)",8424,3.33
"PK point lookup (warm)",8425,3.68
"PK point lookup (warm)",8426,3.50
"PK point lookup (warm)",8427,3.38
"PK point lookup (warm)",8428,3.98
"PK point lookup (warm)",8429,3.84
"PK point lookup (warm)",8430,3.58
"PK point lookup (warm)",8431,3.61
"PK point lookup (warm)",8432,3.67
"PK point lookup (warm)",8433,3.59
"PK point lookup (warm)",8434,3.32
"PK point lookup (warm)",8435,3.59
"PK point lookup (warm)",8436,3.60
"PK point lookup (warm)",8437,3.49
"PK point lookup (warm)",8438,3.64
"PK point lookup (warm)",8439,3.79
"PK point lookup (warm)",8440,3.45
"PK point lookup (warm)",8441,3.59
"PK point lookup (warm)",8442,3.67
"PK point lookup (warm)",8443,3.56
"PK point lookup (warm)",8444,3.69
"PK point lookup (warm)",8445,9.91
"PK point lookup (warm)",8446,3.69
"PK point lookup (warm)",8447,3.40
"PK point lookup (warm)",8448,4.01
"PK point lookup (warm)",8449,3.30
"PK point lookup (warm)",8450,3.46
"PK point lookup (warm)",8451,3.57
"PK point lookup (warm)",8452,3.72
"PK point lookup (warm)",8453,3.63
"PK point lookup (warm)",8454,3.47
"PK point lookup (warm)",8455,3.33
"PK point lookup (warm)",8456,3.45
"PK point lookup (warm)",8457,3.32
"PK point lookup (warm)",8458,3.67
"PK point lookup (warm)",8459,3.57
"PK point lookup (warm)",8460,3.38
"PK point lookup (warm)",8461,3.57
"PK point lookup (warm)",8462,3.45
"PK point lookup (warm)",8463,3.33
"PK point lookup (warm)",8464,5.05
"PK point lookup (warm)",8465,4.00
"PK point lookup (warm)",8466,3.80
"PK point lookup (warm)",8467,5.17
"PK point lookup (warm)",8468,3.43
"PK point lookup (warm)",8469,3.45
"PK point lookup (warm)",8470,3.73
"PK point lookup (warm)",8471,3.58
"PK point lookup (warm)",8472,3.60
"PK point lookup (warm)",8473,3.49
"PK point lookup (warm)",8474,3.56
"PK point lookup (warm)",8475,3.54
"PK point lookup (warm)",8476,3.62
"PK point lookup (warm)",8477,3.78
"PK point lookup (warm)",8478,3.27
"PK point lookup (warm)",8479,3.40
"PK point lookup (warm)",8480,3.66
"PK point lookup (warm)",8481,3.74
"PK point lookup (warm)",8482,3.82
"PK point lookup (warm)",8483,9.54
"PK point lookup (warm)",8484,3.79
"PK point lookup (warm)",8485,3.57
"PK point lookup (warm)",8486,3.80
"PK point lookup (warm)",8487,3.85
"PK point lookup (warm)",8488,3.65
"PK point lookup (warm)",8489,3.72
"PK point lookup (warm)",8490,3.41
"PK point lookup (warm)",8491,3.57
"PK point lookup (warm)",8492,3.75
"PK point lookup (warm)",8493,3.50
"PK point lookup (warm)",8494,3.38
"PK point lookup (warm)",8495,3.43
"PK point lookup (warm)",8496,3.98
"PK point lookup (warm)",8497,3.50
"PK point lookup (warm)",8498,3.77
"PK point lookup (warm)",8499,3.80
"PK point lookup (warm)",8500,3.96
"PK point lookup (warm)",8501,3.63
"PK point lookup (warm)",8502,3.67
"PK point lookup (warm)",8503,3.75
"PK point lookup (warm)",8504,3.77
"PK point lookup (warm)",8505,4.08
"PK point lookup (warm)",8506,3.68
"PK point lookup (warm)",8507,3.22
"PK point lookup (warm)",8508,3.73
"PK point lookup (warm)",8509,3.35
"PK point lookup (warm)",8510,3.39
"PK point lookup (warm)",8511,3.48
"PK point lookup (warm)",8512,3.75
"PK point lookup (warm)",8513,3.57
"PK point lookup (warm)",8514,3.69
"PK point lookup (warm)",8515,3.39
"PK point lookup (warm)",8516,3.52
"PK point lookup (warm)",8517,3.58
"PK point lookup (warm)",8518,3.61
"PK point lookup (warm)",8519,3.54
"PK point lookup (warm)",8520,3.53
"PK point lookup (warm)",8521,3.58
"PK point lookup (warm)",8522,3.45
"PK point lookup (warm)",8523,3.43
"PK point lookup (warm)",8524,3.48
"PK point lookup (warm)",8525,3.58
"PK point lookup (warm)",8526,3.35
"PK point lookup (warm)",8527,3.44
"PK point lookup (warm)",8528,3.85
"PK point lookup (warm)",8529,4.67
"PK point lookup (warm)",8530,3.66
"PK point lookup (warm)",8531,3.73
"PK point lookup (warm)",8532,3.54
"PK point lookup (warm)",8533,3.46
"PK point lookup (warm)",8534,3.56
"PK point lookup (warm)",8535,3.47
"PK point lookup (warm)",8536,3.68
"PK point lookup (warm)",8537,3.57
"PK point lookup (warm)",8538,3.62
"PK point lookup (warm)",8539,3.78
"PK point lookup (warm)",8540,3.74
"PK point lookup (warm)",8541,3.35
"PK point lookup (warm)",8542,3.23
"PK point lookup (warm)",8543,3.61
"PK point lookup (warm)",8544,3.53
"PK point lookup (warm)",8545,3.40
"PK point lookup (warm)",8546,3.64
"PK point lookup (warm)",8547,3.49
"PK point lookup (warm)",8548,3.02
"PK point lookup (warm)",8549,3.45
"PK point lookup (warm)",8550,3.38
"PK point lookup (warm)",8551,3.69
"PK point lookup (warm)",8552,3.44
"PK point lookup (warm)",8553,3.50
"PK point lookup (warm)",8554,3.66
"PK point lookup (warm)",8555,2.27
"PK point lookup (warm)",8556,3.39
"PK point lookup (warm)",8557,3.95
"PK point lookup (warm)",8558,3.47
"PK point lookup (warm)",8559,3.33
"PK point lookup (warm)",8560,3.41
"PK point lookup (warm)",8561,2.37
"PK point lookup (warm)",8562,3.36
"PK point lookup (warm)",8563,10.19
"PK point lookup (warm)",8564,3.64
"PK point lookup (warm)",8565,4.44
"PK point lookup (warm)",8566,3.66
"PK point lookup (warm)",8567,3.34
"PK point lookup (warm)",8568,3.64
"PK point lookup (warm)",8569,4.71
"PK point lookup (warm)",8570,3.72
"PK point lookup (warm)",8571,3.64
"PK point lookup (warm)",8572,3.57
"PK point lookup (warm)",8573,3.47
"PK point lookup (warm)",8574,3.56
"PK point lookup (warm)",8575,3.32
"PK point lookup (warm)",8576,3.82
"PK point lookup (warm)",8577,3.56
"PK point lookup (warm)",8578,3.88
"PK point lookup (warm)",8579,23.94
"PK point lookup (warm)",8580,7.46
"PK point lookup (warm)",8581,5.86
"PK point lookup (warm)",8582,38.01
"PK point lookup (warm)",8583,7.12
"PK point lookup (warm)",8584,5.55
"PK point lookup (warm)",8585,4.81
"PK point lookup (warm)",8586,5.02
"PK point lookup (warm)",8587,3.69
"PK point lookup (warm)",8588,3.79
"PK point lookup (warm)",8589,3.58
"PK point lookup (warm)",8590,3.53
"PK point lookup (warm)",8591,3.48
"PK point lookup (warm)",8592,3.62
"PK point lookup (warm)",8593,2.50
"PK point lookup (warm)",8594,3.76
"PK point lookup (warm)",8595,2.29
"PK point lookup (warm)",8596,3.37
"PK point lookup (warm)",8597,3.71
"PK point lookup (warm)",8598,3.34
"PK point lookup (warm)",8599,3.69
"PK point lookup (warm)",8600,3.46
"PK point lookup (warm)",8601,3.71
"PK point lookup (warm)",8602,3.93
"PK point lookup (warm)",8603,3.51
"PK point lookup (warm)",8604,2.21
"PK point lookup (warm)",8605,3.71
"PK point lookup (warm)",8606,3.51
"PK point lookup (warm)",8607,3.80
"PK point lookup (warm)",8608,3.71
"PK point lookup (warm)",8609,3.41
"PK point lookup (warm)",8610,3.31
"PK point lookup (warm)",8611,3.79
"PK point lookup (warm)",8612,3.46
"PK point lookup (warm)",8613,3.43
"PK point lookup (warm)",8614,3.71
"PK point lookup (warm)",8615,4.05
"PK point lookup (warm)",8616,3.55
"PK point lookup (warm)",8617,3.51
"PK point lookup (warm)",8618,3.50
"PK point lookup (warm)",8619,3.59
"PK point lookup (warm)",8620,3.54
"PK point lookup (warm)",8621,3.46
"PK point lookup (warm)",8622,3.24
"PK point lookup (warm)",8623,3.70
"PK point lookup (warm)",8624,2.22
"PK point lookup (warm)",8625,3.96
"PK point lookup (warm)",8626,3.13
"PK point lookup (warm)",8627,3.34
"PK point lookup (warm)",8628,3.33
"PK point lookup (warm)",8629,9.70
"PK point lookup (warm)",8630,3.53
"PK point lookup (warm)",8631,3.58
"PK point lookup (warm)",8632,3.88
"PK point lookup (warm)",8633,3.97
"PK point lookup (warm)",8634,3.76
"PK point lookup (warm)",8635,3.21
"PK point lookup (warm)",8636,3.37
"PK point lookup (warm)",8637,3.76
"PK point lookup (warm)",8638,3.44
"PK point lookup (warm)",8639,3.60
"PK point lookup (warm)",8640,3.40
"PK point lookup (warm)",8641,3.54
"PK point lookup (warm)",8642,3.34
"PK point lookup (warm)",8643,4.63
"PK point lookup (warm)",8644,3.44
"PK point lookup (warm)",8645,3.58
"PK point lookup (warm)",8646,3.40
"PK point lookup (warm)",8647,3.48
"PK point lookup (warm)",8648,3.22
"PK point lookup (warm)",8649,3.65
"PK point lookup (warm)",8650,3.50
"PK point lookup (warm)",8651,3.92
"PK point lookup (warm)",8652,3.63
"PK point lookup (warm)",8653,3.26
"PK point lookup (warm)",8654,3.46
"PK point lookup (warm)",8655,3.70
"PK point lookup (warm)",8656,3.38
"PK point lookup (warm)",8657,3.79
"PK point lookup (warm)",8658,3.42
"PK point lookup (warm)",8659,3.76
"PK point lookup (warm)",8660,3.68
"PK point lookup (warm)",8661,3.64
"PK point lookup (warm)",8662,3.80
"PK point lookup (warm)",8663,3.45
"PK point lookup (warm)",8664,3.14
"PK point lookup (warm)",8665,3.53
"PK point lookup (warm)",8666,3.91
"PK point lookup (warm)",8667,3.57
"PK point lookup (warm)",8668,3.59
"PK point lookup (warm)",8669,3.76
"PK point lookup (warm)",8670,3.29
"PK point lookup (warm)",8671,3.49
"PK point lookup (warm)",8672,3.35
"PK point lookup (warm)",8673,3.38
"PK point lookup (warm)",8674,3.84
"PK point lookup (warm)",8675,3.53
"PK point lookup (warm)",8676,3.64
"PK point lookup (warm)",8677,3.54
"PK point lookup (warm)",8678,3.42
"PK point lookup (warm)",8679,3.69
"PK point lookup (warm)",8680,3.57
"PK point lookup (warm)",8681,3.45
"PK point lookup (warm)",8682,3.56
"PK point lookup (warm)",8683,3.38
"PK point lookup (warm)",8684,3.48
"PK point lookup (warm)",8685,3.68
"PK point lookup (warm)",8686,3.37
"PK point lookup (warm)",8687,9.65
"PK point lookup (warm)",8688,3.40
"PK point lookup (warm)",8689,3.15
"PK point lookup (warm)",8690,3.27
"PK point lookup (warm)",8691,3.48
"PK point lookup (warm)",8692,3.60
"PK point lookup (warm)",8693,2.13
"PK point lookup (warm)",8694,3.47
"PK point lookup (warm)",8695,3.95
"PK point lookup (warm)",8696,3.52
"PK point lookup (warm)",8697,3.53
"PK point lookup (warm)",8698,3.45
"PK point lookup (warm)",8699,3.61
"PK point lookup (warm)",8700,3.39
"PK point lookup (warm)",8701,3.65
"PK point lookup (warm)",8702,3.36
"PK point lookup (warm)",8703,3.55
"PK point lookup (warm)",8704,3.56
"PK point lookup (warm)",8705,3.80
"PK point lookup (warm)",8706,3.41
"PK point lookup (warm)",8707,3.82
"PK point lookup (warm)",8708,3.20
"PK point lookup (warm)",8709,3.26
"PK point lookup (warm)",8710,3.64
"PK point lookup (warm)",8711,3.38
"PK point lookup (warm)",8712,3.27
"PK point lookup (warm)",8713,3.44
"PK point lookup (warm)",8714,3.50
"PK point lookup (warm)",8715,3.72
"PK point lookup (warm)",8716,3.66
"PK point lookup (warm)",8717,3.47
"PK point lookup (warm)",8718,4.41
"PK point lookup (warm)",8719,3.59
"PK point lookup (warm)",8720,3.31
"PK point lookup (warm)",8721,3.56
"PK point lookup (warm)",8722,3.40
"PK point lookup (warm)",8723,3.30
"PK point lookup (warm)",8724,3.46
"PK point lookup (warm)",8725,3.26
"PK point lookup (warm)",8726,3.45
"PK point lookup (warm)",8727,3.09
"PK point lookup (warm)",8728,3.58
"PK point lookup (warm)",8729,3.36
"PK point lookup (warm)",8730,3.45
"PK point lookup (warm)",8731,3.16
"PK point lookup (warm)",8732,3.62
"PK point lookup (warm)",8733,3.14
"PK point lookup (warm)",8734,3.62
"PK point lookup (warm)",8735,3.41
"PK point lookup (warm)",8736,3.41
"PK point lookup (warm)",8737,3.31
"PK point lookup (warm)",8738,3.67
"PK point lookup (warm)",8739,3.39
"PK point lookup (warm)",8740,3.39
"PK point lookup (warm)",8741,3.05
"PK point lookup (warm)",8742,9.55
"PK point lookup (warm)",8743,3.64
"PK point lookup (warm)",8744,3.56
"PK point lookup (warm)",8745,3.60
"PK point lookup (warm)",8746,3.87
"PK point lookup (warm)",8747,3.21
"PK point lookup (warm)",8748,3.26
"PK point lookup (warm)",8749,3.52
"PK point lookup (warm)",8750,4.53
"PK point lookup (warm)",8751,3.46
"PK point lookup (warm)",8752,3.63
"PK point lookup (warm)",8753,3.19
"PK point lookup (warm)",8754,3.28
"PK point lookup (warm)",8755,3.15
"PK point lookup (warm)",8756,3.27
"PK point lookup (warm)",8757,3.61
"PK point lookup (warm)",8758,3.38
"PK point lookup (warm)",8759,3.16
"PK point lookup (warm)",8760,3.23
"PK point lookup (warm)",8761,3.36
"PK point lookup (warm)",8762,3.50
"PK point lookup (warm)",8763,3.59
"PK point lookup (warm)",8764,3.36
"PK point lookup (warm)",8765,5.25
"PK point lookup (warm)",8766,4.96
"PK point lookup (warm)",8767,3.38
"PK point lookup (warm)",8768,3.35
"PK point lookup (warm)",8769,3.37
"PK point lookup (warm)",8770,3.48
"PK point lookup (warm)",8771,3.48
"PK point lookup (warm)",8772,3.58
"PK point lookup (warm)",8773,3.32
"PK point lookup (warm)",8774,3.36
"PK point lookup (warm)",8775,3.65
"PK point lookup (warm)",8776,2.10
"PK point lookup (warm)",8777,3.49
"PK point lookup (warm)",8778,3.40
"PK point lookup (warm)",8779,3.48
"PK point lookup (warm)",8780,3.52
"PK point lookup (warm)",8781,3.43
"PK point lookup (warm)",8782,3.18
"PK point lookup (warm)",8783,3.33
"PK point lookup (warm)",8784,3.40
"PK point lookup (warm)",8785,3.39
"PK point lookup (warm)",8786,3.53
"PK point lookup (warm)",8787,3.62
"PK point lookup (warm)",8788,3.39
"PK point lookup (warm)",8789,3.47
"PK point lookup (warm)",8790,2.99
"PK point lookup (warm)",8791,3.41
"PK point lookup (warm)",8792,3.56
"PK point lookup (warm)",8793,3.50
"PK point lookup (warm)",8794,3.42
"PK point lookup (warm)",8795,3.74
"PK point lookup (warm)",8796,3.26
"PK point lookup (warm)",8797,3.43
"PK point lookup (warm)",8798,2.17
"PK point lookup (warm)",8799,2.16
"PK point lookup (warm)",8800,3.47
"PK point lookup (warm)",8801,3.56
"PK point lookup (warm)",8802,3.24
"PK point lookup (warm)",8803,3.69
"PK point lookup (warm)",8804,3.41
"PK point lookup (warm)",8805,3.14
"PK point lookup (warm)",8806,3.62
"PK point lookup (warm)",8807,3.29
"PK point lookup (warm)",8808,3.69
"PK point lookup (warm)",8809,3.30
"PK point lookup (warm)",8810,3.61
"PK point lookup (warm)",8811,3.55
"PK point lookup (warm)",8812,3.41
"PK point lookup (warm)",8813,3.62
"PK point lookup (warm)",8814,3.52
"PK point lookup (warm)",8815,3.61
"PK point lookup (warm)",8816,3.55
"PK point lookup (warm)",8817,3.50
"PK point lookup (warm)",8818,3.45
"PK point lookup (warm)",8819,3.53
"PK point lookup (warm)",8820,3.66
"PK point lookup (warm)",8821,3.46
"PK point lookup (warm)",8822,3.13
"PK point lookup (warm)",8823,9.02
"PK point lookup (warm)",8824,3.28
"PK point lookup (warm)",8825,3.71
"PK point lookup (warm)",8826,3.56
"PK point lookup (warm)",8827,25.17
"PK point lookup (warm)",8828,7.47
"PK point lookup (warm)",8829,5.71
"PK point lookup (warm)",8830,4.08
"PK point lookup (warm)",8831,3.92
"PK point lookup (warm)",8832,3.79
"PK point lookup (warm)",8833,3.70
"PK point lookup (warm)",8834,5.13
"PK point lookup (warm)",8835,3.69
"PK point lookup (warm)",8836,3.42
"PK point lookup (warm)",8837,4.06
"PK point lookup (warm)",8838,5.26
"PK point lookup (warm)",8839,3.78
"PK point lookup (warm)",8840,3.85
"PK point lookup (warm)",8841,3.62
"PK point lookup (warm)",8842,3.19
"PK point lookup (warm)",8843,3.49
"PK point lookup (warm)",8844,4.72
"PK point lookup (warm)",8845,3.72
"PK point lookup (warm)",8846,3.87
"PK point lookup (warm)",8847,3.74
"PK point lookup (warm)",8848,3.85
"PK point lookup (warm)",8849,3.51
"PK point lookup (warm)",8850,3.48
"PK point lookup (warm)",8851,3.64
"PK point lookup (warm)",8852,3.66
"PK point lookup (warm)",8853,3.45
"PK point lookup (warm)",8854,3.46
"PK point lookup (warm)",8855,3.64
"PK point lookup (warm)",8856,3.58
"PK point lookup (warm)",8857,3.23
"PK point lookup (warm)",8858,3.71
"PK point lookup (warm)",8859,3.96
"PK point lookup (warm)",8860,3.31
"PK point lookup (warm)",8861,3.50
"PK point lookup (warm)",8862,3.62
"PK point lookup (warm)",8863,3.18
"PK point lookup (warm)",8864,3.91
"PK point lookup (warm)",8865,3.55
"PK point lookup (warm)",8866,3.60
"PK point lookup (warm)",8867,3.62
"PK point lookup (warm)",8868,3.18
"PK point lookup (warm)",8869,3.67
"PK point lookup (warm)",8870,3.61
"PK point lookup (warm)",8871,3.15
"PK point lookup (warm)",8872,3.03
"PK point lookup (warm)",8873,3.23
"PK point lookup (warm)",8874,3.07
"PK point lookup (warm)",8875,3.57
"PK point lookup (warm)",8876,3.42
"PK point lookup (warm)",8877,3.30
"PK point lookup (warm)",8878,3.54
"PK point lookup (warm)",8879,3.82
"PK point lookup (warm)",8880,3.54
"PK point lookup (warm)",8881,3.52
"PK point lookup (warm)",8882,3.49
"PK point lookup (warm)",8883,3.72
"PK point lookup (warm)",8884,2.39
"PK point lookup (warm)",8885,3.59
"PK point lookup (warm)",8886,3.39
"PK point lookup (warm)",8887,3.66
"PK point lookup (warm)",8888,3.79
"PK point lookup (warm)",8889,3.54
"PK point lookup (warm)",8890,3.44
"PK point lookup (warm)",8891,3.60
"PK point lookup (warm)",8892,3.56
"PK point lookup (warm)",8893,3.67
"PK point lookup (warm)",8894,3.33
"PK point lookup (warm)",8895,3.76
"PK point lookup (warm)",8896,3.67
"PK point lookup (warm)",8897,9.70
"PK point lookup (warm)",8898,3.33
"PK point lookup (warm)",8899,3.55
"PK point lookup (warm)",8900,3.59
"PK point lookup (warm)",8901,3.56
"PK point lookup (warm)",8902,3.38
"PK point lookup (warm)",8903,3.60
"PK point lookup (warm)",8904,3.57
"PK point lookup (warm)",8905,3.65
"PK point lookup (warm)",8906,3.44
"PK point lookup (warm)",8907,3.47
"PK point lookup (warm)",8908,3.50
"PK point lookup (warm)",8909,3.44
"PK point lookup (warm)",8910,3.54
"PK point lookup (warm)",8911,3.43
"PK point lookup (warm)",8912,3.60
"PK point lookup (warm)",8913,3.53
"PK point lookup (warm)",8914,3.54
"PK point lookup (warm)",8915,3.91
"PK point lookup (warm)",8916,3.67
"PK point lookup (warm)",8917,3.17
"PK point lookup (warm)",8918,3.58
"PK point lookup (warm)",8919,3.26
"PK point lookup (warm)",8920,3.79
"PK point lookup (warm)",8921,3.30
"PK point lookup (warm)",8922,3.35
"PK point lookup (warm)",8923,3.53
"PK point lookup (warm)",8924,3.48
"PK point lookup (warm)",8925,3.54
"PK point lookup (warm)",8926,3.28
"PK point lookup (warm)",8927,3.63
"PK point lookup (warm)",8928,3.22
"PK point lookup (warm)",8929,3.31
"PK point lookup (warm)",8930,2.24
"PK point lookup (warm)",8931,3.53
"PK point lookup (warm)",8932,3.56
"PK point lookup (warm)",8933,3.56
"PK point lookup (warm)",8934,3.54
"PK point lookup (warm)",8935,3.52
"PK point lookup (warm)",8936,3.36
"PK point lookup (warm)",8937,3.46
"PK point lookup (warm)",8938,3.66
"PK point lookup (warm)",8939,3.55
"PK point lookup (warm)",8940,3.50
"PK point lookup (warm)",8941,3.50
"PK point lookup (warm)",8942,3.36
"PK point lookup (warm)",8943,3.65
"PK point lookup (warm)",8944,3.22
"PK point lookup (warm)",8945,10.12
"PK point lookup (warm)",8946,3.63
"PK point lookup (warm)",8947,3.72
"PK point lookup (warm)",8948,4.05
"PK point lookup (warm)",8949,3.74
"PK point lookup (warm)",8950,3.66
"PK point lookup (warm)",8951,3.48
"PK point lookup (warm)",8952,3.51
"PK point lookup (warm)",8953,3.35
"PK point lookup (warm)",8954,3.48
"PK point lookup (warm)",8955,3.71
"PK point lookup (warm)",8956,2.20
"PK point lookup (warm)",8957,3.52
"PK point lookup (warm)",8958,4.20
"PK point lookup (warm)",8959,3.77
"PK point lookup (warm)",8960,3.95
"PK point lookup (warm)",8961,3.68
"PK point lookup (warm)",8962,3.69
"PK point lookup (warm)",8963,2.36
"PK point lookup (warm)",8964,5.18
"PK point lookup (warm)",8965,4.18
"PK point lookup (warm)",8966,3.80
"PK point lookup (warm)",8967,3.46
"PK point lookup (warm)",8968,3.41
"PK point lookup (warm)",8969,3.35
"PK point lookup (warm)",8970,3.33
"PK point lookup (warm)",8971,3.53
"PK point lookup (warm)",8972,3.51
"PK point lookup (warm)",8973,2.31
"PK point lookup (warm)",8974,3.47
"PK point lookup (warm)",8975,3.60
"PK point lookup (warm)",8976,3.72
"PK point lookup (warm)",8977,3.77
"PK point lookup (warm)",8978,3.41
"PK point lookup (warm)",8979,3.73
"PK point lookup (warm)",8980,3.56
"PK point lookup (warm)",8981,3.51
"PK point lookup (warm)",8982,3.52
"PK point lookup (warm)",8983,3.37
"PK point lookup (warm)",8984,3.44
"PK point lookup (warm)",8985,3.57
"PK point lookup (warm)",8986,3.23
"PK point lookup (warm)",8987,3.30
"PK point lookup (warm)",8988,9.95
"PK point lookup (warm)",8989,3.54
"PK point lookup (warm)",8990,3.63
"PK point lookup (warm)",8991,3.54
"PK point lookup (warm)",8992,3.62
"PK point lookup (warm)",8993,3.65
"PK point lookup (warm)",8994,3.72
"PK point lookup (warm)",8995,3.59
"PK point lookup (warm)",8996,3.62
"PK point lookup (warm)",8997,3.33
"PK point lookup (warm)",8998,3.03
"PK point lookup (warm)",8999,3.37
"PK point lookup (warm)",9000,3.43
"PK point lookup (warm)",9001,3.29
"PK point lookup (warm)",9002,3.59
"PK point lookup (warm)",9003,3.95
"PK point lookup (warm)",9004,3.46
"PK point lookup (warm)",9005,3.64
"PK point lookup (warm)",9006,3.37
"PK point lookup (warm)",9007,3.52
"PK point lookup (warm)",9008,3.46
"PK point lookup (warm)",9009,3.54
"PK point lookup (warm)",9010,3.69
"PK point lookup (warm)",9011,3.57
"PK point lookup (warm)",9012,3.53
"PK point lookup (warm)",9013,3.64
"PK point lookup (warm)",9014,3.40
"PK point lookup (warm)",9015,3.64
"PK point lookup (warm)",9016,3.34
"PK point lookup (warm)",9017,3.18
"PK point lookup (warm)",9018,3.70
"PK point lookup (warm)",9019,3.35
"PK point lookup (warm)",9020,3.64
"PK point lookup (warm)",9021,3.63
"PK point lookup (warm)",9022,3.31
"PK point lookup (warm)",9023,3.68
"PK point lookup (warm)",9024,5.38
"PK point lookup (warm)",9025,3.70
"PK point lookup (warm)",9026,3.37
"PK point lookup (warm)",9027,3.49
"PK point lookup (warm)",9028,3.31
"PK point lookup (warm)",9029,3.52
"PK point lookup (warm)",9030,3.14
"PK point lookup (warm)",9031,3.33
"PK point lookup (warm)",9032,3.39
"PK point lookup (warm)",9033,3.33
"PK point lookup (warm)",9034,3.73
"PK point lookup (warm)",9035,3.38
"PK point lookup (warm)",9036,3.52
"PK point lookup (warm)",9037,3.45
"PK point lookup (warm)",9038,3.57
"PK point lookup (warm)",9039,4.38
"PK point lookup (warm)",9040,3.55
"PK point lookup (warm)",9041,3.58
"PK point lookup (warm)",9042,3.52
"PK point lookup (warm)",9043,3.62
"PK point lookup (warm)",9044,3.49
"PK point lookup (warm)",9045,3.85
"PK point lookup (warm)",9046,3.40
"PK point lookup (warm)",9047,3.39
"PK point lookup (warm)",9048,3.35
"PK point lookup (warm)",9049,3.66
"PK point lookup (warm)",9050,2.31
"PK point lookup (warm)",9051,3.41
"PK point lookup (warm)",9052,3.75
"PK point lookup (warm)",9053,3.35
"PK point lookup (warm)",9054,3.39
"PK point lookup (warm)",9055,3.58
"PK point lookup (warm)",9056,3.23
"PK point lookup (warm)",9057,3.15
"PK point lookup (warm)",9058,2.37
"PK point lookup (warm)",9059,3.08
"PK point lookup (warm)",9060,3.79
"PK point lookup (warm)",9061,3.57
"PK point lookup (warm)",9062,3.62
"PK point lookup (warm)",9063,3.32
"PK point lookup (warm)",9064,3.34
"PK point lookup (warm)",9065,3.64
"PK point lookup (warm)",9066,3.21
"PK point lookup (warm)",9067,3.41
"PK point lookup (warm)",9068,3.60
"PK point lookup (warm)",9069,3.35
"PK point lookup (warm)",9070,3.28
"PK point lookup (warm)",9071,3.58
"PK point lookup (warm)",9072,3.61
"PK point lookup (warm)",9073,3.85
"PK point lookup (warm)",9074,3.35
"PK point lookup (warm)",9075,3.88
"PK point lookup (warm)",9076,3.42
"PK point lookup (warm)",9077,3.45
"PK point lookup (warm)",9078,3.73
"PK point lookup (warm)",9079,10.27
"PK point lookup (warm)",9080,2.63
"PK point lookup (warm)",9081,3.44
"PK point lookup (warm)",9082,25.78
"PK point lookup (warm)",9083,7.18
"PK point lookup (warm)",9084,5.03
"PK point lookup (warm)",9085,4.49
"PK point lookup (warm)",9086,3.69
"PK point lookup (warm)",9087,3.81
"PK point lookup (warm)",9088,3.85
"PK point lookup (warm)",9089,3.54
"PK point lookup (warm)",9090,3.72
"PK point lookup (warm)",9091,3.41
"PK point lookup (warm)",9092,3.29
"PK point lookup (warm)",9093,3.42
"PK point lookup (warm)",9094,3.57
"PK point lookup (warm)",9095,3.35
"PK point lookup (warm)",9096,3.50
"PK point lookup (warm)",9097,3.46
"PK point lookup (warm)",9098,4.04
"PK point lookup (warm)",9099,3.48
"PK point lookup (warm)",9100,3.37
"PK point lookup (warm)",9101,3.26
"PK point lookup (warm)",9102,3.56
"PK point lookup (warm)",9103,3.31
"PK point lookup (warm)",9104,3.56
"PK point lookup (warm)",9105,4.05
"PK point lookup (warm)",9106,3.63
"PK point lookup (warm)",9107,3.52
"PK point lookup (warm)",9108,3.73
"PK point lookup (warm)",9109,3.63
"PK point lookup (warm)",9110,2.31
"PK point lookup (warm)",9111,2.46
"PK point lookup (warm)",9112,3.58
"PK point lookup (warm)",9113,3.57
"PK point lookup (warm)",9114,3.31
"PK point lookup (warm)",9115,3.71
"PK point lookup (warm)",9116,3.76
"PK point lookup (warm)",9117,3.48
"PK point lookup (warm)",9118,3.58
"PK point lookup (warm)",9119,3.53
"PK point lookup (warm)",9120,3.44
"PK point lookup (warm)",9121,3.50
"PK point lookup (warm)",9122,3.35
"PK point lookup (warm)",9123,2.37
"PK point lookup (warm)",9124,3.69
"PK point lookup (warm)",9125,3.55
"PK point lookup (warm)",9126,3.56
"PK point lookup (warm)",9127,3.46
"PK point lookup (warm)",9128,3.38
"PK point lookup (warm)",9129,3.48
"PK point lookup (warm)",9130,2.26
"PK point lookup (warm)",9131,2.10
"PK point lookup (warm)",9132,3.60
"PK point lookup (warm)",9133,3.43
"PK point lookup (warm)",9134,3.53
"PK point lookup (warm)",9135,3.89
"PK point lookup (warm)",9136,3.77
"PK point lookup (warm)",9137,3.28
"PK point lookup (warm)",9138,3.66
"PK point lookup (warm)",9139,3.45
"PK point lookup (warm)",9140,3.54
"PK point lookup (warm)",9141,4.27
"PK point lookup (warm)",9142,3.59
"PK point lookup (warm)",9143,3.45
"PK point lookup (warm)",9144,4.85
"PK point lookup (warm)",9145,3.57
"PK point lookup (warm)",9146,3.29
"PK point lookup (warm)",9147,3.49
"PK point lookup (warm)",9148,3.58
"PK point lookup (warm)",9149,3.46
"PK point lookup (warm)",9150,3.34
"PK point lookup (warm)",9151,3.29
"PK point lookup (warm)",9152,3.60
"PK point lookup (warm)",9153,3.45
"PK point lookup (warm)",9154,3.42
"PK point lookup (warm)",9155,3.82
"PK point lookup (warm)",9156,3.46
"PK point lookup (warm)",9157,3.51
"PK point lookup (warm)",9158,3.28
"PK point lookup (warm)",9159,3.35
"PK point lookup (warm)",9160,9.10
"PK point lookup (warm)",9161,3.76
"PK point lookup (warm)",9162,3.80
"PK point lookup (warm)",9163,3.47
"PK point lookup (warm)",9164,3.07
"PK point lookup (warm)",9165,3.45
"PK point lookup (warm)",9166,3.61
"PK point lookup (warm)",9167,3.51
"PK point lookup (warm)",9168,3.57
"PK point lookup (warm)",9169,4.51
"PK point lookup (warm)",9170,3.27
"PK point lookup (warm)",9171,3.42
"PK point lookup (warm)",9172,3.54
"PK point lookup (warm)",9173,3.77
"PK point lookup (warm)",9174,3.52
"PK point lookup (warm)",9175,3.61
"PK point lookup (warm)",9176,3.41
"PK point lookup (warm)",9177,3.56
"PK point lookup (warm)",9178,3.50
"PK point lookup (warm)",9179,3.81
"PK point lookup (warm)",9180,3.44
"PK point lookup (warm)",9181,3.44
"PK point lookup (warm)",9182,2.38
"PK point lookup (warm)",9183,3.33
"PK point lookup (warm)",9184,3.51
"PK point lookup (warm)",9185,5.53
"PK point lookup (warm)",9186,3.56
"PK point lookup (warm)",9187,3.32
"PK point lookup (warm)",9188,3.23
"PK point lookup (warm)",9189,3.38
"PK point lookup (warm)",9190,3.44
"PK point lookup (warm)",9191,3.37
"PK point lookup (warm)",9192,3.69
"PK point lookup (warm)",9193,3.30
"PK point lookup (warm)",9194,3.28
"PK point lookup (warm)",9195,4.01
"PK point lookup (warm)",9196,4.26
"PK point lookup (warm)",9197,3.29
"PK point lookup (warm)",9198,3.21
"PK point lookup (warm)",9199,2.22
"PK point lookup (warm)",9200,3.36
"PK point lookup (warm)",9201,3.40
"PK point lookup (warm)",9202,8.96
"PK point lookup (warm)",9203,4.45
"PK point lookup (warm)",9204,3.54
"PK point lookup (warm)",9205,3.25
"PK point lookup (warm)",9206,3.46
"PK point lookup (warm)",9207,3.61
"PK point lookup (warm)",9208,4.88
"PK point lookup (warm)",9209,3.69
"PK point lookup (warm)",9210,3.50
"PK point lookup (warm)",9211,3.95
"PK point lookup (warm)",9212,3.59
"PK point lookup (warm)",9213,3.54
"PK point lookup (warm)",9214,3.80
"PK point lookup (warm)",9215,3.77
"PK point lookup (warm)",9216,3.47
"PK point lookup (warm)",9217,3.83
"PK point lookup (warm)",9218,3.59
"PK point lookup (warm)",9219,3.67
"PK point lookup (warm)",9220,3.58
"PK point lookup (warm)",9221,3.45
"PK point lookup (warm)",9222,3.36
"PK point lookup (warm)",9223,3.32
"PK point lookup (warm)",9224,3.72
"PK point lookup (warm)",9225,3.38
"PK point lookup (warm)",9226,3.47
"PK point lookup (warm)",9227,3.60
"PK point lookup (warm)",9228,3.89
"PK point lookup (warm)",9229,3.66
"PK point lookup (warm)",9230,3.47
"PK point lookup (warm)",9231,3.50
"PK point lookup (warm)",9232,3.42
"PK point lookup (warm)",9233,3.42
"PK point lookup (warm)",9234,2.21
"PK point lookup (warm)",9235,3.29
"PK point lookup (warm)",9236,3.46
"PK point lookup (warm)",9237,2.31
"PK point lookup (warm)",9238,3.46
"PK point lookup (warm)",9239,3.35
"PK point lookup (warm)",9240,3.48
"PK point lookup (warm)",9241,3.60
"PK point lookup (warm)",9242,3.65
"PK point lookup (warm)",9243,3.62
"PK point lookup (warm)",9244,3.87
"PK point lookup (warm)",9245,3.28
"PK point lookup (warm)",9246,3.20
"PK point lookup (warm)",9247,2.38
"PK point lookup (warm)",9248,3.41
"PK point lookup (warm)",9249,9.45
"PK point lookup (warm)",9250,3.75
"PK point lookup (warm)",9251,3.64
"PK point lookup (warm)",9252,3.86
"PK point lookup (warm)",9253,3.74
"PK point lookup (warm)",9254,3.64
"PK point lookup (warm)",9255,3.65
"PK point lookup (warm)",9256,3.48
"PK point lookup (warm)",9257,3.35
"PK point lookup (warm)",9258,3.67
"PK point lookup (warm)",9259,3.40
"PK point lookup (warm)",9260,3.69
"PK point lookup (warm)",9261,3.53
"PK point lookup (warm)",9262,3.66
"PK point lookup (warm)",9263,3.61
"PK point lookup (warm)",9264,3.50
"PK point lookup (warm)",9265,3.38
"PK point lookup (warm)",9266,3.32
"PK point lookup (warm)",9267,2.27
"PK point lookup (warm)",9268,3.49
"PK point lookup (warm)",9269,3.65
"PK point lookup (warm)",9270,3.29
"PK point lookup (warm)",9271,2.18
"PK point lookup (warm)",9272,2.39
"PK point lookup (warm)",9273,3.27
"PK point lookup (warm)",9274,5.19
"PK point lookup (warm)",9275,3.53
"PK point lookup (warm)",9276,3.37
"PK point lookup (warm)",9277,3.58
"PK point lookup (warm)",9278,3.72
"PK point lookup (warm)",9279,3.34
"PK point lookup (warm)",9280,3.35
"PK point lookup (warm)",9281,3.71
"PK point lookup (warm)",9282,3.51
"PK point lookup (warm)",9283,5.28
"PK point lookup (warm)",9284,5.00
"PK point lookup (warm)",9285,3.65
"PK point lookup (warm)",9286,3.48
"PK point lookup (warm)",9287,3.26
"PK point lookup (warm)",9288,3.05
"PK point lookup (warm)",9289,3.25
"PK point lookup (warm)",9290,3.76
"PK point lookup (warm)",9291,4.50
"PK point lookup (warm)",9292,2.35
"PK point lookup (warm)",9293,3.47
"PK point lookup (warm)",9294,3.59
"PK point lookup (warm)",9295,3.61
"PK point lookup (warm)",9296,3.38
"PK point lookup (warm)",9297,3.37
"PK point lookup (warm)",9298,3.50
"PK point lookup (warm)",9299,3.72
"PK point lookup (warm)",9300,3.69
"PK point lookup (warm)",9301,3.41
"PK point lookup (warm)",9302,3.40
"PK point lookup (warm)",9303,3.47
"PK point lookup (warm)",9304,3.50
"PK point lookup (warm)",9305,3.16
"PK point lookup (warm)",9306,3.70
"PK point lookup (warm)",9307,3.43
"PK point lookup (warm)",9308,3.24
"PK point lookup (warm)",9309,3.49
"PK point lookup (warm)",9310,3.61
"PK point lookup (warm)",9311,3.52
"PK point lookup (warm)",9312,3.66
"PK point lookup (warm)",9313,3.85
"PK point lookup (warm)",9314,3.56
"PK point lookup (warm)",9315,3.87
"PK point lookup (warm)",9316,3.58
"PK point lookup (warm)",9317,3.28
"PK point lookup (warm)",9318,3.65
"PK point lookup (warm)",9319,3.80
"PK point lookup (warm)",9320,3.32
"PK point lookup (warm)",9321,3.53
"PK point lookup (warm)",9322,3.33
"PK point lookup (warm)",9323,3.23
"PK point lookup (warm)",9324,3.01
"PK point lookup (warm)",9325,3.08
"PK point lookup (warm)",9326,2.46
"PK point lookup (warm)",9327,3.17
"PK point lookup (warm)",9328,2.28
"PK point lookup (warm)",9329,3.66
"PK point lookup (warm)",9330,3.22
"PK point lookup (warm)",9331,3.36
"PK point lookup (warm)",9332,3.27
"PK point lookup (warm)",9333,3.32
"PK point lookup (warm)",9334,3.58
"PK point lookup (warm)",9335,3.90
"PK point lookup (warm)",9336,3.31
"PK point lookup (warm)",9337,3.56
"PK point lookup (warm)",9338,3.41
"PK point lookup (warm)",9339,10.38
"PK point lookup (warm)",9340,3.50
"PK point lookup (warm)",9341,26.36
"PK point lookup (warm)",9342,8.20
"PK point lookup (warm)",9343,4.29
"PK point lookup (warm)",9344,3.82
"PK point lookup (warm)",9345,3.56
"PK point lookup (warm)",9346,3.42
"PK point lookup (warm)",9347,3.61
"PK point lookup (warm)",9348,3.51
"PK point lookup (warm)",9349,3.74
"PK point lookup (warm)",9350,3.51
"PK point lookup (warm)",9351,3.58
"PK point lookup (warm)",9352,4.96
"PK point lookup (warm)",9353,4.03
"PK point lookup (warm)",9354,3.41
"PK point lookup (warm)",9355,3.48
"PK point lookup (warm)",9356,3.41
"PK point lookup (warm)",9357,3.90
"PK point lookup (warm)",9358,3.28
"PK point lookup (warm)",9359,3.40
"PK point lookup (warm)",9360,3.73
"PK point lookup (warm)",9361,3.73
"PK point lookup (warm)",9362,3.56
"PK point lookup (warm)",9363,3.50
"PK point lookup (warm)",9364,3.89
"PK point lookup (warm)",9365,3.68
"PK point lookup (warm)",9366,3.47
"PK point lookup (warm)",9367,3.38
"PK point lookup (warm)",9368,3.42
"PK point lookup (warm)",9369,3.51
"PK point lookup (warm)",9370,3.70
"PK point lookup (warm)",9371,3.62
"PK point lookup (warm)",9372,3.61
"PK point lookup (warm)",9373,3.35
"PK point lookup (warm)",9374,3.62
"PK point lookup (warm)",9375,3.57
"PK point lookup (warm)",9376,3.54
"PK point lookup (warm)",9377,3.72
"PK point lookup (warm)",9378,3.52
"PK point lookup (warm)",9379,3.16
"PK point lookup (warm)",9380,3.56
"PK point lookup (warm)",9381,2.34
"PK point lookup (warm)",9382,3.35
"PK point lookup (warm)",9383,3.57
"PK point lookup (warm)",9384,3.67
"PK point lookup (warm)",9385,3.38
"PK point lookup (warm)",9386,3.71
"PK point lookup (warm)",9387,3.40
"PK point lookup (warm)",9388,3.33
"PK point lookup (warm)",9389,3.59
"PK point lookup (warm)",9390,3.25
"PK point lookup (warm)",9391,3.21
"PK point lookup (warm)",9392,3.39
"PK point lookup (warm)",9393,3.40
"PK point lookup (warm)",9394,3.52
"PK point lookup (warm)",9395,3.33
"PK point lookup (warm)",9396,3.57
"PK point lookup (warm)",9397,3.46
"PK point lookup (warm)",9398,3.61
"PK point lookup (warm)",9399,2.23
"PK point lookup (warm)",9400,3.41
"PK point lookup (warm)",9401,3.51
"PK point lookup (warm)",9402,3.81
"PK point lookup (warm)",9403,3.91
"PK point lookup (warm)",9404,3.39
"PK point lookup (warm)",9405,3.38
"PK point lookup (warm)",9406,3.48
"PK point lookup (warm)",9407,3.68
"PK point lookup (warm)",9408,3.56
"PK point lookup (warm)",9409,2.36
"PK point lookup (warm)",9410,3.48
"PK point lookup (warm)",9411,3.38
"PK point lookup (warm)",9412,3.45
"PK point lookup (warm)",9413,3.47
"PK point lookup (warm)",9414,3.54
"PK point lookup (warm)",9415,3.63
"PK point lookup (warm)",9416,3.62
"PK point lookup (warm)",9417,3.33
"PK point lookup (warm)",9418,3.59
"PK point lookup (warm)",9419,3.56
"PK point lookup (warm)",9420,3.49
"PK point lookup (warm)",9421,4.74
"PK point lookup (warm)",9422,3.27
"PK point lookup (warm)",9423,3.56
"PK point lookup (warm)",9424,3.46
"PK point lookup (warm)",9425,3.50
"PK point lookup (warm)",9426,3.40
"PK point lookup (warm)",9427,3.54
"PK point lookup (warm)",9428,3.27
"PK point lookup (warm)",9429,4.71
"PK point lookup (warm)",9430,10.55
"PK point lookup (warm)",9431,3.84
"PK point lookup (warm)",9432,3.45
"PK point lookup (warm)",9433,3.73
"PK point lookup (warm)",9434,3.20
"PK point lookup (warm)",9435,3.66
"PK point lookup (warm)",9436,3.59
"PK point lookup (warm)",9437,3.74
"PK point lookup (warm)",9438,3.40
"PK point lookup (warm)",9439,2.36
"PK point lookup (warm)",9440,3.37
"PK point lookup (warm)",9441,3.70
"PK point lookup (warm)",9442,3.55
"PK point lookup (warm)",9443,3.69
"PK point lookup (warm)",9444,3.51
"PK point lookup (warm)",9445,3.26
"PK point lookup (warm)",9446,3.60
"PK point lookup (warm)",9447,3.45
"PK point lookup (warm)",9448,3.49
"PK point lookup (warm)",9449,3.50
"PK point lookup (warm)",9450,3.67
"PK point lookup (warm)",9451,3.49
"PK point lookup (warm)",9452,3.72
"PK point lookup (warm)",9453,3.50
"PK point lookup (warm)",9454,3.55
"PK point lookup (warm)",9455,3.62
"PK point lookup (warm)",9456,3.29
"PK point lookup (warm)",9457,3.15
"PK point lookup (warm)",9458,3.51
"PK point lookup (warm)",9459,3.74
"PK point lookup (warm)",9460,10.17
"PK point lookup (warm)",9461,3.90
"PK point lookup (warm)",9462,5.71
"PK point lookup (warm)",9463,4.63
"PK point lookup (warm)",9464,3.41
"PK point lookup (warm)",9465,3.48
"PK point lookup (warm)",9466,3.69
"PK point lookup (warm)",9467,3.71
"PK point lookup (warm)",9468,3.39
"PK point lookup (warm)",9469,3.75
"PK point lookup (warm)",9470,3.92
"PK point lookup (warm)",9471,3.35
"PK point lookup (warm)",9472,3.30
"PK point lookup (warm)",9473,3.52
"PK point lookup (warm)",9474,3.38
"PK point lookup (warm)",9475,3.26
"PK point lookup (warm)",9476,3.89
"PK point lookup (warm)",9477,3.45
"PK point lookup (warm)",9478,3.59
"PK point lookup (warm)",9479,3.38
"PK point lookup (warm)",9480,3.61
"PK point lookup (warm)",9481,3.56
"PK point lookup (warm)",9482,3.73
"PK point lookup (warm)",9483,3.33
"PK point lookup (warm)",9484,3.88
"PK point lookup (warm)",9485,3.31
"PK point lookup (warm)",9486,3.33
"PK point lookup (warm)",9487,3.54
"PK point lookup (warm)",9488,3.48
"PK point lookup (warm)",9489,3.56
"PK point lookup (warm)",9490,3.47
"PK point lookup (warm)",9491,3.72
"PK point lookup (warm)",9492,3.61
"PK point lookup (warm)",9493,3.66
"PK point lookup (warm)",9494,3.80
"PK point lookup (warm)",9495,3.46
"PK point lookup (warm)",9496,3.60
"PK point lookup (warm)",9497,2.28
"PK point lookup (warm)",9498,3.81
"PK point lookup (warm)",9499,3.63
"PK point lookup (warm)",9500,3.51
"PK point lookup (warm)",9501,3.48
"PK point lookup (warm)",9502,3.69
"PK point lookup (warm)",9503,3.61
"PK point lookup (warm)",9504,3.41
"PK point lookup (warm)",9505,9.22
"PK point lookup (warm)",9506,3.67
"PK point lookup (warm)",9507,3.87
"PK point lookup (warm)",9508,3.34
"PK point lookup (warm)",9509,3.56
"PK point lookup (warm)",9510,3.45
"PK point lookup (warm)",9511,3.70
"PK point lookup (warm)",9512,5.00
"PK point lookup (warm)",9513,3.88
"PK point lookup (warm)",9514,3.99
"PK point lookup (warm)",9515,3.69
"PK point lookup (warm)",9516,3.57
"PK point lookup (warm)",9517,3.29
"PK point lookup (warm)",9518,3.59
"PK point lookup (warm)",9519,3.39
"PK point lookup (warm)",9520,3.18
"PK point lookup (warm)",9521,3.33
"PK point lookup (warm)",9522,2.30
"PK point lookup (warm)",9523,3.40
"PK point lookup (warm)",9524,3.52
"PK point lookup (warm)",9525,3.32
"PK point lookup (warm)",9526,3.56
"PK point lookup (warm)",9527,3.52
"PK point lookup (warm)",9528,3.48
"PK point lookup (warm)",9529,3.33
"PK point lookup (warm)",9530,3.34
"PK point lookup (warm)",9531,3.41
"PK point lookup (warm)",9532,3.54
"PK point lookup (warm)",9533,3.56
"PK point lookup (warm)",9534,3.31
"PK point lookup (warm)",9535,3.24
"PK point lookup (warm)",9536,3.76
"PK point lookup (warm)",9537,3.40
"PK point lookup (warm)",9538,3.35
"PK point lookup (warm)",9539,3.43
"PK point lookup (warm)",9540,3.42
"PK point lookup (warm)",9541,3.67
"PK point lookup (warm)",9542,3.74
"PK point lookup (warm)",9543,3.40
"PK point lookup (warm)",9544,3.57
"PK point lookup (warm)",9545,3.54
"PK point lookup (warm)",9546,3.37
"PK point lookup (warm)",9547,3.78
"PK point lookup (warm)",9548,3.50
"PK point lookup (warm)",9549,3.96
"PK point lookup (warm)",9550,4.54
"PK point lookup (warm)",9551,3.59
"PK point lookup (warm)",9552,3.60
"PK point lookup (warm)",9553,3.56
"PK point lookup (warm)",9554,3.21
"PK point lookup (warm)",9555,3.75
"PK point lookup (warm)",9556,3.36
"PK point lookup (warm)",9557,9.64
"PK point lookup (warm)",9558,3.64
"PK point lookup (warm)",9559,3.61
"PK point lookup (warm)",9560,2.21
"PK point lookup (warm)",9561,3.54
"PK point lookup (warm)",9562,3.72
"PK point lookup (warm)",9563,3.60
"PK point lookup (warm)",9564,3.60
"PK point lookup (warm)",9565,4.90
"PK point lookup (warm)",9566,3.61
"PK point lookup (warm)",9567,3.44
"PK point lookup (warm)",9568,3.50
"PK point lookup (warm)",9569,3.51
"PK point lookup (warm)",9570,3.62
"PK point lookup (warm)",9571,3.67
"PK point lookup (warm)",9572,3.59
"PK point lookup (warm)",9573,3.53
"PK point lookup (warm)",9574,3.63
"PK point lookup (warm)",9575,3.46
"PK point lookup (warm)",9576,3.76
"PK point lookup (warm)",9577,3.56
"PK point lookup (warm)",9578,3.53
"PK point lookup (warm)",9579,3.60
"PK point lookup (warm)",9580,3.41
"PK point lookup (warm)",9581,3.79
"PK point lookup (warm)",9582,3.52
"PK point lookup (warm)",9583,3.35
"PK point lookup (warm)",9584,3.63
"PK point lookup (warm)",9585,3.54
"PK point lookup (warm)",9586,3.51
"PK point lookup (warm)",9587,3.13
"PK point lookup (warm)",9588,3.58
"PK point lookup (warm)",9589,2.16
"PK point lookup (warm)",9590,3.27
"PK point lookup (warm)",9591,3.54
"PK point lookup (warm)",9592,3.47
"PK point lookup (warm)",9593,3.69
"PK point lookup (warm)",9594,98.39
"PK point lookup (warm)",9595,7.40
"PK point lookup (warm)",9596,7.09
"PK point lookup (warm)",9597,5.82
"PK point lookup (warm)",9598,4.40
"PK point lookup (warm)",9599,3.54
"PK point lookup (warm)",9600,3.90
"PK point lookup (warm)",9601,3.43
"PK point lookup (warm)",9602,3.26
"PK point lookup (warm)",9603,3.47
"PK point lookup (warm)",9604,3.78
"PK point lookup (warm)",9605,2.44
"PK point lookup (warm)",9606,3.46
"PK point lookup (warm)",9607,2.63
"PK point lookup (warm)",9608,3.53
"PK point lookup (warm)",9609,3.82
"PK point lookup (warm)",9610,3.56
"PK point lookup (warm)",9611,3.91
"PK point lookup (warm)",9612,3.64
"PK point lookup (warm)",9613,3.40
"PK point lookup (warm)",9614,3.50
"PK point lookup (warm)",9615,3.83
"PK point lookup (warm)",9616,3.63
"PK point lookup (warm)",9617,3.56
"PK point lookup (warm)",9618,3.79
"PK point lookup (warm)",9619,3.42
"PK point lookup (warm)",9620,2.56
"PK point lookup (warm)",9621,3.54
"PK point lookup (warm)",9622,3.82
"PK point lookup (warm)",9623,3.33
"PK point lookup (warm)",9624,3.45
"PK point lookup (warm)",9625,3.52
"PK point lookup (warm)",9626,3.58
"PK point lookup (warm)",9627,3.43
"PK point lookup (warm)",9628,3.45
"PK point lookup (warm)",9629,3.56
"PK point lookup (warm)",9630,3.71
"PK point lookup (warm)",9631,3.64
"PK point lookup (warm)",9632,2.22
"PK point lookup (warm)",9633,2.26
"PK point lookup (warm)",9634,3.38
"PK point lookup (warm)",9635,3.59
"PK point lookup (warm)",9636,3.45
"PK point lookup (warm)",9637,3.12
"PK point lookup (warm)",9638,3.85
"PK point lookup (warm)",9639,3.50
"PK point lookup (warm)",9640,3.58
"PK point lookup (warm)",9641,3.39
"PK point lookup (warm)",9642,2.57
"PK point lookup (warm)",9643,3.83
"PK point lookup (warm)",9644,8.81
"PK point lookup (warm)",9645,3.85
"PK point lookup (warm)",9646,3.74
"PK point lookup (warm)",9647,3.62
"PK point lookup (warm)",9648,3.80
"PK point lookup (warm)",9649,3.75
"PK point lookup (warm)",9650,3.50
"PK point lookup (warm)",9651,3.26
"PK point lookup (warm)",9652,3.88
"PK point lookup (warm)",9653,4.11
"PK point lookup (warm)",9654,3.34
"PK point lookup (warm)",9655,3.40
"PK point lookup (warm)",9656,3.57
"PK point lookup (warm)",9657,3.40
"PK point lookup (warm)",9658,3.61
"PK point lookup (warm)",9659,3.56
"PK point lookup (warm)",9660,3.70
"PK point lookup (warm)",9661,3.06
"PK point lookup (warm)",9662,3.44
"PK point lookup (warm)",9663,3.82
"PK point lookup (warm)",9664,3.75
"PK point lookup (warm)",9665,3.44
"PK point lookup (warm)",9666,3.51
"PK point lookup (warm)",9667,3.72
"PK point lookup (warm)",9668,3.52
"PK point lookup (warm)",9669,3.50
"PK point lookup (warm)",9670,3.26
"PK point lookup (warm)",9671,3.62
"PK point lookup (warm)",9672,3.27
"PK point lookup (warm)",9673,2.42
"PK point lookup (warm)",9674,3.04
"PK point lookup (warm)",9675,3.59
"PK point lookup (warm)",9676,3.58
"PK point lookup (warm)",9677,3.38
"PK point lookup (warm)",9678,3.66
"PK point lookup (warm)",9679,2.45
"PK point lookup (warm)",9680,3.54
"PK point lookup (warm)",9681,3.53
"PK point lookup (warm)",9682,2.72
"PK point lookup (warm)",9683,3.12
"PK point lookup (warm)",9684,3.29
"PK point lookup (warm)",9685,3.83
"PK point lookup (warm)",9686,3.57
"PK point lookup (warm)",9687,3.72
"PK point lookup (warm)",9688,3.64
"PK point lookup (warm)",9689,3.63
"PK point lookup (warm)",9690,3.36
"PK point lookup (warm)",9691,3.66
"PK point lookup (warm)",9692,3.64
"PK point lookup (warm)",9693,3.62
"PK point lookup (warm)",9694,3.46
"PK point lookup (warm)",9695,3.76
"PK point lookup (warm)",9696,10.25
"PK point lookup (warm)",9697,3.65
"PK point lookup (warm)",9698,3.90
"PK point lookup (warm)",9699,3.60
"PK point lookup (warm)",9700,3.82
"PK point lookup (warm)",9701,3.46
"PK point lookup (warm)",9702,3.30
"PK point lookup (warm)",9703,3.96
"PK point lookup (warm)",9704,3.29
"PK point lookup (warm)",9705,3.54
"PK point lookup (warm)",9706,3.88
"PK point lookup (warm)",9707,3.95
"PK point lookup (warm)",9708,3.50
"PK point lookup (warm)",9709,3.53
"PK point lookup (warm)",9710,3.79
"PK point lookup (warm)",9711,3.47
"PK point lookup (warm)",9712,3.65
"PK point lookup (warm)",9713,3.67
"PK point lookup (warm)",9714,3.47
"PK point lookup (warm)",9715,3.72
"PK point lookup (warm)",9716,3.75
"PK point lookup (warm)",9717,2.53
"PK point lookup (warm)",9718,9.74
"PK point lookup (warm)",9719,3.91
"PK point lookup (warm)",9720,3.73
"PK point lookup (warm)",9721,4.69
"PK point lookup (warm)",9722,3.79
"PK point lookup (warm)",9723,4.02
"PK point lookup (warm)",9724,3.37
"PK point lookup (warm)",9725,3.51
"PK point lookup (warm)",9726,4.93
"PK point lookup (warm)",9727,3.51
"PK point lookup (warm)",9728,3.71
"PK point lookup (warm)",9729,3.59
"PK point lookup (warm)",9730,3.51
"PK point lookup (warm)",9731,3.82
"PK point lookup (warm)",9732,3.75
"PK point lookup (warm)",9733,3.65
"PK point lookup (warm)",9734,3.67
"PK point lookup (warm)",9735,3.41
"PK point lookup (warm)",9736,3.47
"PK point lookup (warm)",9737,3.35
"PK point lookup (warm)",9738,3.53
"PK point lookup (warm)",9739,3.59
"PK point lookup (warm)",9740,3.80
"PK point lookup (warm)",9741,3.35
"PK point lookup (warm)",9742,3.35
"PK point lookup (warm)",9743,3.52
"PK point lookup (warm)",9744,2.27
"PK point lookup (warm)",9745,3.53
"PK point lookup (warm)",9746,3.52
"PK point lookup (warm)",9747,3.47
"PK point lookup (warm)",9748,3.42
"PK point lookup (warm)",9749,3.73
"PK point lookup (warm)",9750,3.54
"PK point lookup (warm)",9751,3.35
"PK point lookup (warm)",9752,3.70
"PK point lookup (warm)",9753,3.73
"PK point lookup (warm)",9754,3.55
"PK point lookup (warm)",9755,3.82
"PK point lookup (warm)",9756,3.43
"PK point lookup (warm)",9757,3.56
"PK point lookup (warm)",9758,3.29
"PK point lookup (warm)",9759,3.81
"PK point lookup (warm)",9760,3.55
"PK point lookup (warm)",9761,3.54
"PK point lookup (warm)",9762,3.58
"PK point lookup (warm)",9763,3.35
"PK point lookup (warm)",9764,3.50
"PK point lookup (warm)",9765,3.35
"PK point lookup (warm)",9766,3.79
"PK point lookup (warm)",9767,3.76
"PK point lookup (warm)",9768,3.35
"PK point lookup (warm)",9769,3.29
"PK point lookup (warm)",9770,3.15
"PK point lookup (warm)",9771,3.56
"PK point lookup (warm)",9772,3.71
"PK point lookup (warm)",9773,2.59
"PK point lookup (warm)",9774,3.43
"PK point lookup (warm)",9775,3.38
"PK point lookup (warm)",9776,2.62
"PK point lookup (warm)",9777,3.62
"PK point lookup (warm)",9778,3.68
"PK point lookup (warm)",9779,3.38
"PK point lookup (warm)",9780,3.56
"PK point lookup (warm)",9781,3.54
"PK point lookup (warm)",9782,3.51
"PK point lookup (warm)",9783,3.48
"PK point lookup (warm)",9784,3.35
"PK point lookup (warm)",9785,3.47
"PK point lookup (warm)",9786,3.20
"PK point lookup (warm)",9787,3.39
"PK point lookup (warm)",9788,3.78
"PK point lookup (warm)",9789,3.66
"PK point lookup (warm)",9790,3.48
"PK point lookup (warm)",9791,3.85
"PK point lookup (warm)",9792,3.57
"PK point lookup (warm)",9793,9.29
"PK point lookup (warm)",9794,3.62
"PK point lookup (warm)",9795,3.69
"PK point lookup (warm)",9796,3.61
"PK point lookup (warm)",9797,3.57
"PK point lookup (warm)",9798,3.27
"PK point lookup (warm)",9799,3.75
"PK point lookup (warm)",9800,3.83
"PK point lookup (warm)",9801,3.72
"PK point lookup (warm)",9802,3.42
"PK point lookup (warm)",9803,3.43
"PK point lookup (warm)",9804,3.22
"PK point lookup (warm)",9805,3.61
"PK point lookup (warm)",9806,3.87
"PK point lookup (warm)",9807,3.59
"PK point lookup (warm)",9808,3.49
"PK point lookup (warm)",9809,3.73
"PK point lookup (warm)",9810,3.45
"PK point lookup (warm)",9811,3.62
"PK point lookup (warm)",9812,3.50
"PK point lookup (warm)",9813,3.53
"PK point lookup (warm)",9814,3.31
"PK point lookup (warm)",9815,3.27
"PK point lookup (warm)",9816,3.42
"PK point lookup (warm)",9817,3.37
"PK point lookup (warm)",9818,3.36
"PK point lookup (warm)",9819,3.65
"PK point lookup (warm)",9820,4.60
"PK point lookup (warm)",9821,3.59
"PK point lookup (warm)",9822,3.34
"PK point lookup (warm)",9823,4.61
"PK point lookup (warm)",9824,3.62
"PK point lookup (warm)",9825,3.60
"PK point lookup (warm)",9826,3.56
"PK point lookup (warm)",9827,3.73
"PK point lookup (warm)",9828,3.65
"PK point lookup (warm)",9829,3.45
"PK point lookup (warm)",9830,3.65
"PK point lookup (warm)",9831,24.24
"PK point lookup (warm)",9832,7.22
"PK point lookup (warm)",9833,5.85
"PK point lookup (warm)",9834,3.85
"PK point lookup (warm)",9835,3.19
"PK point lookup (warm)",9836,4.23
"PK point lookup (warm)",9837,3.71
"PK point lookup (warm)",9838,3.49
"PK point lookup (warm)",9839,2.55
"PK point lookup (warm)",9840,3.54
"PK point lookup (warm)",9841,3.88
"PK point lookup (warm)",9842,3.64
"PK point lookup (warm)",9843,3.49
"PK point lookup (warm)",9844,3.15
"PK point lookup (warm)",9845,3.12
"PK point lookup (warm)",9846,3.54
"PK point lookup (warm)",9847,3.51
"PK point lookup (warm)",9848,3.85
"PK point lookup (warm)",9849,3.76
"PK point lookup (warm)",9850,3.46
"PK point lookup (warm)",9851,3.74
"PK point lookup (warm)",9852,3.41
"PK point lookup (warm)",9853,3.76
"PK point lookup (warm)",9854,3.38
"PK point lookup (warm)",9855,3.61
"PK point lookup (warm)",9856,3.59
"PK point lookup (warm)",9857,2.26
"PK point lookup (warm)",9858,3.31
"PK point lookup (warm)",9859,2.47
"PK point lookup (warm)",9860,3.63
"PK point lookup (warm)",9861,3.56
"PK point lookup (warm)",9862,3.65
"PK point lookup (warm)",9863,3.45
"PK point lookup (warm)",9864,3.56
"PK point lookup (warm)",9865,3.98
"PK point lookup (warm)",9866,3.79
"PK point lookup (warm)",9867,3.44
"PK point lookup (warm)",9868,3.47
"PK point lookup (warm)",9869,8.77
"PK point lookup (warm)",9870,3.80
"PK point lookup (warm)",9871,3.56
"PK point lookup (warm)",9872,3.73
"PK point lookup (warm)",9873,3.81
"PK point lookup (warm)",9874,3.50
"PK point lookup (warm)",9875,3.75
"PK point lookup (warm)",9876,3.47
"PK point lookup (warm)",9877,3.48
"PK point lookup (warm)",9878,3.39
"PK point lookup (warm)",9879,3.70
"PK point lookup (warm)",9880,3.35
"PK point lookup (warm)",9881,3.30
"PK point lookup (warm)",9882,3.35
"PK point lookup (warm)",9883,3.71
"PK point lookup (warm)",9884,3.69
"PK point lookup (warm)",9885,3.35
"PK point lookup (warm)",9886,3.82
"PK point lookup (warm)",9887,3.52
"PK point lookup (warm)",9888,3.57
"PK point lookup (warm)",9889,3.76
"PK point lookup (warm)",9890,3.70
"PK point lookup (warm)",9891,3.37
"PK point lookup (warm)",9892,3.54
"PK point lookup (warm)",9893,3.71
"PK point lookup (warm)",9894,3.64
"PK point lookup (warm)",9895,3.70
"PK point lookup (warm)",9896,3.62
"PK point lookup (warm)",9897,3.91
"PK point lookup (warm)",9898,3.58
"PK point lookup (warm)",9899,3.56
"PK point lookup (warm)",9900,3.46
"PK point lookup (warm)",9901,3.45
"PK point lookup (warm)",9902,3.42
"PK point lookup (warm)",9903,3.74
"PK point lookup (warm)",9904,3.24
"PK point lookup (warm)",9905,3.39
"PK point lookup (warm)",9906,3.76
"PK point lookup (warm)",9907,2.54
"PK point lookup (warm)",9908,3.62
"PK point lookup (warm)",9909,3.52
"PK point lookup (warm)",9910,3.38
"PK point lookup (warm)",9911,3.75
"PK point lookup (warm)",9912,3.68
"PK point lookup (warm)",9913,3.42
"PK point lookup (warm)",9914,3.28
"PK point lookup (warm)",9915,3.07
"PK point lookup (warm)",9916,3.75
"PK point lookup (warm)",9917,3.35
"PK point lookup (warm)",9918,3.83
"PK point lookup (warm)",9919,3.48
"PK point lookup (warm)",9920,2.14
"PK point lookup (warm)",9921,3.35
"PK point lookup (warm)",9922,3.63
"PK point lookup (warm)",9923,3.27
"PK point lookup (warm)",9924,3.57
"PK point lookup (warm)",9925,3.71
"PK point lookup (warm)",9926,3.51
"PK point lookup (warm)",9927,3.67
"PK point lookup (warm)",9928,3.65
"PK point lookup (warm)",9929,3.39
"PK point lookup (warm)",9930,2.25
"PK point lookup (warm)",9931,3.41
"PK point lookup (warm)",9932,3.27
"PK point lookup (warm)",9933,3.34
"PK point lookup (warm)",9934,3.73
"PK point lookup (warm)",9935,3.45
"PK point lookup (warm)",9936,3.90
"PK point lookup (warm)",9937,2.05
"PK point lookup (warm)",9938,3.46
"PK point lookup (warm)",9939,3.55
"PK point lookup (warm)",9940,3.77
"PK point lookup (warm)",9941,2.19
"PK point lookup (warm)",9942,5.11
"PK point lookup (warm)",9943,3.79
"PK point lookup (warm)",9944,3.63
"PK point lookup (warm)",9945,9.06
"PK point lookup (warm)",9946,3.54
"PK point lookup (warm)",9947,3.60
"PK point lookup (warm)",9948,3.44
"PK point lookup (warm)",9949,3.56
"PK point lookup (warm)",9950,9.31
"PK point lookup (warm)",9951,4.07
"PK point lookup (warm)",9952,3.52
"PK point lookup (warm)",9953,3.77
"PK point lookup (warm)",9954,3.66
"PK point lookup (warm)",9955,3.54
"PK point lookup (warm)",9956,3.38
"PK point lookup (warm)",9957,3.57
"PK point lookup (warm)",9958,2.36
"PK point lookup (warm)",9959,3.54
"PK point lookup (warm)",9960,3.81
"PK point lookup (warm)",9961,3.28
"PK point lookup (warm)",9962,3.81
"PK point lookup (warm)",9963,3.75
"PK point lookup (warm)",9964,3.91
"PK point lookup (warm)",9965,5.71
"PK point lookup (warm)",9966,5.82
"PK point lookup (warm)",9967,3.71
"PK point lookup (warm)",9968,3.52
"PK point lookup (warm)",9969,3.40
"PK point lookup (warm)",9970,3.55
"PK point lookup (warm)",9971,3.42
"PK point lookup (warm)",9972,3.46
"PK point lookup (warm)",9973,3.73
"PK point lookup (warm)",9974,3.52
"PK point lookup (warm)",9975,2.30
"PK point lookup (warm)",9976,3.34
"PK point lookup (warm)",9977,3.38
"PK point lookup (warm)",9978,3.59
"PK point lookup (warm)",9979,2.08
"PK point lookup (warm)",9980,3.51
"PK point lookup (warm)",9981,3.33
"PK point lookup (warm)",9982,3.60
"PK point lookup (warm)",9983,3.49
"PK point lookup (warm)",9984,3.67
"PK point lookup (warm)",9985,3.81
"PK point lookup (warm)",9986,3.55
"PK point lookup (warm)",9987,3.69
"PK point lookup (warm)",9988,3.58
"PK point lookup (warm)",9989,2.23
"PK point lookup (warm)",9990,3.34
"PK point lookup (warm)",9991,3.77
"PK point lookup (warm)",9992,3.65
"PK point lookup (warm)",9993,3.72
"PK point lookup (warm)",9994,3.26
"PK point lookup (warm)",9995,3.49
"PK point lookup (warm)",9996,3.52
"PK point lookup (warm)",9997,3.65
"PK point lookup (warm)",9998,3.50
"PK point lookup (warm)",9999,3.33
"PK range scan, 100 rows (warm)",0,30.15
"PK range scan, 100 rows (warm)",1,25.32
"PK range scan, 100 rows (warm)",2,24.06
"PK range scan, 100 rows (warm)",3,22.49
"PK range scan, 100 rows (warm)",4,23.28
"PK range scan, 100 rows (warm)",5,23.63
"PK range scan, 100 rows (warm)",6,28.52
"PK range scan, 100 rows (warm)",7,21.74
"PK range scan, 100 rows (warm)",8,21.61
"PK range scan, 100 rows (warm)",9,22.00
"PK range scan, 100 rows (warm)",10,21.06
"PK range scan, 100 rows (warm)",11,30.45
"PK range scan, 100 rows (warm)",12,27.71
"PK range scan, 100 rows (warm)",13,24.41
"PK range scan, 100 rows (warm)",14,24.98
"PK range scan, 100 rows (warm)",15,22.80
"PK range scan, 100 rows (warm)",16,22.00
"PK range scan, 100 rows (warm)",17,22.67
"PK range scan, 100 rows (warm)",18,22.06
"PK range scan, 100 rows (warm)",19,23.18
"PK range scan, 100 rows (warm)",20,22.16
"PK range scan, 100 rows (warm)",21,22.46
"PK range scan, 100 rows (warm)",22,22.37
"PK range scan, 100 rows (warm)",23,21.85
"PK range scan, 100 rows (warm)",24,22.63
"PK range scan, 100 rows (warm)",25,25.39
"PK range scan, 100 rows (warm)",26,22.69
"PK range scan, 100 rows (warm)",27,22.38
"PK range scan, 100 rows (warm)",28,22.28
"PK range scan, 100 rows (warm)",29,26.75
"PK range scan, 100 rows (warm)",30,22.60
"PK range scan, 100 rows (warm)",31,21.73
"PK range scan, 100 rows (warm)",32,21.59
"PK range scan, 100 rows (warm)",33,21.89
"PK range scan, 100 rows (warm)",34,22.22
"PK range scan, 100 rows (warm)",35,21.99
"PK range scan, 100 rows (warm)",36,22.39
"PK range scan, 100 rows (warm)",37,26.27
"PK range scan, 100 rows (warm)",38,22.38
"PK range scan, 100 rows (warm)",39,22.14
"PK range scan, 100 rows (warm)",40,22.50
"PK range scan, 100 rows (warm)",41,21.82
"PK range scan, 100 rows (warm)",42,21.68
"PK range scan, 100 rows (warm)",43,22.26
"PK range scan, 100 rows (warm)",44,23.64
"PK range scan, 100 rows (warm)",45,23.22
"PK range scan, 100 rows (warm)",46,22.91
"PK range scan, 100 rows (warm)",47,22.60
"PK range scan, 100 rows (warm)",48,22.14
"PK range scan, 100 rows (warm)",49,38.53
"PK range scan, 100 rows (warm)",50,27.62
"PK range scan, 100 rows (warm)",51,24.26
"PK range scan, 100 rows (warm)",52,21.04
"PK range scan, 100 rows (warm)",53,23.29
"PK range scan, 100 rows (warm)",54,24.80
"PK range scan, 100 rows (warm)",55,21.80
"PK range scan, 100 rows (warm)",56,22.38
"PK range scan, 100 rows (warm)",57,21.62
"PK range scan, 100 rows (warm)",58,23.77
"PK range scan, 100 rows (warm)",59,22.13
"PK range scan, 100 rows (warm)",60,28.79
"PK range scan, 100 rows (warm)",61,19.31
"PK range scan, 100 rows (warm)",62,22.38
"PK range scan, 100 rows (warm)",63,22.36
"PK range scan, 100 rows (warm)",64,21.48
"PK range scan, 100 rows (warm)",65,21.54
"PK range scan, 100 rows (warm)",66,22.24
"PK range scan, 100 rows (warm)",67,27.07
"PK range scan, 100 rows (warm)",68,22.31
"PK range scan, 100 rows (warm)",69,21.47
"PK range scan, 100 rows (warm)",70,22.10
"PK range scan, 100 rows (warm)",71,22.43
"PK range scan, 100 rows (warm)",72,22.07
"PK range scan, 100 rows (warm)",73,23.14
"PK range scan, 100 rows (warm)",74,22.21
"PK range scan, 100 rows (warm)",75,18.71
"PK range scan, 100 rows (warm)",76,22.21
"PK range scan, 100 rows (warm)",77,21.71
"PK range scan, 100 rows (warm)",78,21.59
"PK range scan, 100 rows (warm)",79,21.63
"PK range scan, 100 rows (warm)",80,21.98
"PK range scan, 100 rows (warm)",81,24.18
"PK range scan, 100 rows (warm)",82,25.08
"PK range scan, 100 rows (warm)",83,22.73
"PK range scan, 100 rows (warm)",84,22.78
"PK range scan, 100 rows (warm)",85,21.49
"PK range scan, 100 rows (warm)",86,28.28
"PK range scan, 100 rows (warm)",87,43.24
"PK range scan, 100 rows (warm)",88,69.64
"PK range scan, 100 rows (warm)",89,25.86
"PK range scan, 100 rows (warm)",90,22.50
"PK range scan, 100 rows (warm)",91,22.56
"PK range scan, 100 rows (warm)",92,23.18
"PK range scan, 100 rows (warm)",93,21.97
"PK range scan, 100 rows (warm)",94,20.51
"PK range scan, 100 rows (warm)",95,21.86
"PK range scan, 100 rows (warm)",96,21.72
"PK range scan, 100 rows (warm)",97,22.11
"PK range scan, 100 rows (warm)",98,22.24
"PK range scan, 100 rows (warm)",99,22.18
"PK range scan, 100 rows (warm)",100,21.35
"PK range scan, 100 rows (warm)",101,21.34
"PK range scan, 100 rows (warm)",102,21.90
"PK range scan, 100 rows (warm)",103,29.25
"PK range scan, 100 rows (warm)",104,24.45
"PK range scan, 100 rows (warm)",105,20.51
"PK range scan, 100 rows (warm)",106,21.64
"PK range scan, 100 rows (warm)",107,21.64
"PK range scan, 100 rows (warm)",108,21.65
"PK range scan, 100 rows (warm)",109,21.55
"PK range scan, 100 rows (warm)",110,22.02
"PK range scan, 100 rows (warm)",111,22.23
"PK range scan, 100 rows (warm)",112,26.84
"PK range scan, 100 rows (warm)",113,20.93
"PK range scan, 100 rows (warm)",114,21.50
"PK range scan, 100 rows (warm)",115,21.56
"PK range scan, 100 rows (warm)",116,21.25
"PK range scan, 100 rows (warm)",117,21.52
"PK range scan, 100 rows (warm)",118,23.14
"PK range scan, 100 rows (warm)",119,22.09
"PK range scan, 100 rows (warm)",120,22.51
"PK range scan, 100 rows (warm)",121,22.50
"PK range scan, 100 rows (warm)",122,23.97
"PK range scan, 100 rows (warm)",123,22.90
"PK range scan, 100 rows (warm)",124,41.84
"PK range scan, 100 rows (warm)",125,25.04
"PK range scan, 100 rows (warm)",126,23.67
"PK range scan, 100 rows (warm)",127,21.97
"PK range scan, 100 rows (warm)",128,22.44
"PK range scan, 100 rows (warm)",129,20.44
"PK range scan, 100 rows (warm)",130,22.05
"PK range scan, 100 rows (warm)",131,21.57
"PK range scan, 100 rows (warm)",132,22.19
"PK range scan, 100 rows (warm)",133,20.55
"PK range scan, 100 rows (warm)",134,26.51
"PK range scan, 100 rows (warm)",135,22.71
"PK range scan, 100 rows (warm)",136,22.19
"PK range scan, 100 rows (warm)",137,23.15
"PK range scan, 100 rows (warm)",138,21.77
"PK range scan, 100 rows (warm)",139,24.02
"PK range scan, 100 rows (warm)",140,22.47
"PK range scan, 100 rows (warm)",141,25.96
"PK range scan, 100 rows (warm)",142,19.95
"PK range scan, 100 rows (warm)",143,21.44
"PK range scan, 100 rows (warm)",144,22.70
"PK range scan, 100 rows (warm)",145,22.29
"PK range scan, 100 rows (warm)",146,23.69
"PK range scan, 100 rows (warm)",147,22.65
"PK range scan, 100 rows (warm)",148,22.11
"PK range scan, 100 rows (warm)",149,21.91
"PK range scan, 100 rows (warm)",150,21.36
"PK range scan, 100 rows (warm)",151,21.41
"PK range scan, 100 rows (warm)",152,20.51
"PK range scan, 100 rows (warm)",153,22.49
"PK range scan, 100 rows (warm)",154,21.93
"PK range scan, 100 rows (warm)",155,22.21
"PK range scan, 100 rows (warm)",156,26.50
"PK range scan, 100 rows (warm)",157,22.36
"PK range scan, 100 rows (warm)",158,22.56
"PK range scan, 100 rows (warm)",159,20.62
"PK range scan, 100 rows (warm)",160,21.42
"PK range scan, 100 rows (warm)",161,21.87
"PK range scan, 100 rows (warm)",162,37.24
"PK range scan, 100 rows (warm)",163,26.28
"PK range scan, 100 rows (warm)",164,23.20
"PK range scan, 100 rows (warm)",165,21.59
"PK range scan, 100 rows (warm)",166,22.18
"PK range scan, 100 rows (warm)",167,23.05
"PK range scan, 100 rows (warm)",168,20.75
"PK range scan, 100 rows (warm)",169,22.00
"PK range scan, 100 rows (warm)",170,21.12
"PK range scan, 100 rows (warm)",171,18.20
"PK range scan, 100 rows (warm)",172,19.91
"PK range scan, 100 rows (warm)",173,21.95
"PK range scan, 100 rows (warm)",174,22.24
"PK range scan, 100 rows (warm)",175,21.66
"PK range scan, 100 rows (warm)",176,22.09
"PK range scan, 100 rows (warm)",177,20.89
"PK range scan, 100 rows (warm)",178,21.13
"PK range scan, 100 rows (warm)",179,21.08
"PK range scan, 100 rows (warm)",180,26.77
"PK range scan, 100 rows (warm)",181,22.11
"PK range scan, 100 rows (warm)",182,21.40
"PK range scan, 100 rows (warm)",183,23.23
"PK range scan, 100 rows (warm)",184,22.07
"PK range scan, 100 rows (warm)",185,21.66
"PK range scan, 100 rows (warm)",186,20.63
"PK range scan, 100 rows (warm)",187,21.17
"PK range scan, 100 rows (warm)",188,21.69
"PK range scan, 100 rows (warm)",189,21.28
"PK range scan, 100 rows (warm)",190,21.25
"PK range scan, 100 rows (warm)",191,20.78
"PK range scan, 100 rows (warm)",192,21.41
"PK range scan, 100 rows (warm)",193,21.57
"PK range scan, 100 rows (warm)",194,22.64
"PK range scan, 100 rows (warm)",195,39.17
"PK range scan, 100 rows (warm)",196,25.88
"PK range scan, 100 rows (warm)",197,26.91
"PK range scan, 100 rows (warm)",198,22.77
"PK range scan, 100 rows (warm)",199,21.84
"PK range scan, 100 rows (warm)",200,36.82
"PK range scan, 100 rows (warm)",201,24.95
"PK range scan, 100 rows (warm)",202,21.21
"PK range scan, 100 rows (warm)",203,23.39
"PK range scan, 100 rows (warm)",204,22.18
"PK range scan, 100 rows (warm)",205,21.18
"PK range scan, 100 rows (warm)",206,20.57
"PK range scan, 100 rows (warm)",207,21.50
"PK range scan, 100 rows (warm)",208,17.94
"PK range scan, 100 rows (warm)",209,25.03
"PK range scan, 100 rows (warm)",210,21.99
"PK range scan, 100 rows (warm)",211,21.61
"PK range scan, 100 rows (warm)",212,22.38
"PK range scan, 100 rows (warm)",213,21.57
"PK range scan, 100 rows (warm)",214,21.29
"PK range scan, 100 rows (warm)",215,21.57
"PK range scan, 100 rows (warm)",216,21.66
"PK range scan, 100 rows (warm)",217,21.42
"PK range scan, 100 rows (warm)",218,22.41
"PK range scan, 100 rows (warm)",219,22.63
"PK range scan, 100 rows (warm)",220,21.80
"PK range scan, 100 rows (warm)",221,22.36
"PK range scan, 100 rows (warm)",222,20.30
"PK range scan, 100 rows (warm)",223,21.60
"PK range scan, 100 rows (warm)",224,22.04
"PK range scan, 100 rows (warm)",225,21.43
"PK range scan, 100 rows (warm)",226,35.47
"PK range scan, 100 rows (warm)",227,25.50
"PK range scan, 100 rows (warm)",228,19.86
"PK range scan, 100 rows (warm)",229,21.47
"PK range scan, 100 rows (warm)",230,22.25
"PK range scan, 100 rows (warm)",231,20.56
"PK range scan, 100 rows (warm)",232,21.81
"PK range scan, 100 rows (warm)",233,20.58
"PK range scan, 100 rows (warm)",234,21.68
"PK range scan, 100 rows (warm)",235,26.37
"PK range scan, 100 rows (warm)",236,22.92
"PK range scan, 100 rows (warm)",237,21.18
"PK range scan, 100 rows (warm)",238,50.72
"PK range scan, 100 rows (warm)",239,53.31
"PK range scan, 100 rows (warm)",240,24.06
"PK range scan, 100 rows (warm)",241,40.90
"PK range scan, 100 rows (warm)",242,23.67
"PK range scan, 100 rows (warm)",243,22.32
"PK range scan, 100 rows (warm)",244,20.77
"PK range scan, 100 rows (warm)",245,34.00
"PK range scan, 100 rows (warm)",246,25.71
"PK range scan, 100 rows (warm)",247,29.96
"PK range scan, 100 rows (warm)",248,36.10
"PK range scan, 100 rows (warm)",249,37.43
"PK range scan, 100 rows (warm)",250,27.41
"PK range scan, 100 rows (warm)",251,26.16
"PK range scan, 100 rows (warm)",252,22.20
"PK range scan, 100 rows (warm)",253,19.91
"PK range scan, 100 rows (warm)",254,21.79
"PK range scan, 100 rows (warm)",255,21.74
"PK range scan, 100 rows (warm)",256,21.34
"PK range scan, 100 rows (warm)",257,21.74
"PK range scan, 100 rows (warm)",258,21.49
"PK range scan, 100 rows (warm)",259,20.90
"PK range scan, 100 rows (warm)",260,22.62
"PK range scan, 100 rows (warm)",261,22.27
"PK range scan, 100 rows (warm)",262,29.59
"PK range scan, 100 rows (warm)",263,29.40
"PK range scan, 100 rows (warm)",264,39.99
"PK range scan, 100 rows (warm)",265,23.28
"PK range scan, 100 rows (warm)",266,23.38
"PK range scan, 100 rows (warm)",267,23.77
"PK range scan, 100 rows (warm)",268,22.02
"PK range scan, 100 rows (warm)",269,28.41
"PK range scan, 100 rows (warm)",270,38.83
"PK range scan, 100 rows (warm)",271,28.00
"PK range scan, 100 rows (warm)",272,19.79
"PK range scan, 100 rows (warm)",273,36.45
"PK range scan, 100 rows (warm)",274,27.65
"PK range scan, 100 rows (warm)",275,24.79
"PK range scan, 100 rows (warm)",276,22.87
"PK range scan, 100 rows (warm)",277,36.89
"PK range scan, 100 rows (warm)",278,42.48
"PK range scan, 100 rows (warm)",279,28.67
"PK range scan, 100 rows (warm)",280,25.61
"PK range scan, 100 rows (warm)",281,22.00
"PK range scan, 100 rows (warm)",282,21.90
"PK range scan, 100 rows (warm)",283,22.07
"PK range scan, 100 rows (warm)",284,34.73
"PK range scan, 100 rows (warm)",285,30.49
"PK range scan, 100 rows (warm)",286,23.13
"PK range scan, 100 rows (warm)",287,21.91
"PK range scan, 100 rows (warm)",288,21.80
"PK range scan, 100 rows (warm)",289,22.11
"PK range scan, 100 rows (warm)",290,20.53
"PK range scan, 100 rows (warm)",291,20.98
"PK range scan, 100 rows (warm)",292,38.87
"PK range scan, 100 rows (warm)",293,40.22
"PK range scan, 100 rows (warm)",294,27.40
"PK range scan, 100 rows (warm)",295,22.07
"PK range scan, 100 rows (warm)",296,35.99
"PK range scan, 100 rows (warm)",297,40.29
"PK range scan, 100 rows (warm)",298,27.98
"PK range scan, 100 rows (warm)",299,23.93
"PK range scan, 100 rows (warm)",300,35.05
"PK range scan, 100 rows (warm)",301,44.12
"PK range scan, 100 rows (warm)",302,28.44
"PK range scan, 100 rows (warm)",303,22.06
"PK range scan, 100 rows (warm)",304,23.69
"PK range scan, 100 rows (warm)",305,23.25
"PK range scan, 100 rows (warm)",306,21.20
"PK range scan, 100 rows (warm)",307,36.53
"PK range scan, 100 rows (warm)",308,24.80
"PK range scan, 100 rows (warm)",309,22.69
"PK range scan, 100 rows (warm)",310,34.03
"PK range scan, 100 rows (warm)",311,26.82
"PK range scan, 100 rows (warm)",312,21.30
"PK range scan, 100 rows (warm)",313,25.88
"PK range scan, 100 rows (warm)",314,21.31
"PK range scan, 100 rows (warm)",315,21.98
"PK range scan, 100 rows (warm)",316,21.06
"PK range scan, 100 rows (warm)",317,21.40
"PK range scan, 100 rows (warm)",318,25.91
"PK range scan, 100 rows (warm)",319,24.09
"PK range scan, 100 rows (warm)",320,22.10
"PK range scan, 100 rows (warm)",321,21.74
"PK range scan, 100 rows (warm)",322,28.19
"PK range scan, 100 rows (warm)",323,23.46
"PK range scan, 100 rows (warm)",324,22.45
"PK range scan, 100 rows (warm)",325,24.18
"PK range scan, 100 rows (warm)",326,93.05
"PK range scan, 100 rows (warm)",327,25.65
"PK range scan, 100 rows (warm)",328,21.89
"PK range scan, 100 rows (warm)",329,22.05
"PK range scan, 100 rows (warm)",330,21.59
"PK range scan, 100 rows (warm)",331,21.79
"PK range scan, 100 rows (warm)",332,21.06
"PK range scan, 100 rows (warm)",333,27.28
"PK range scan, 100 rows (warm)",334,40.63
"PK range scan, 100 rows (warm)",335,27.96
"PK range scan, 100 rows (warm)",336,22.89
"PK range scan, 100 rows (warm)",337,22.41
"PK range scan, 100 rows (warm)",338,21.40
"PK range scan, 100 rows (warm)",339,36.08
"PK range scan, 100 rows (warm)",340,23.34
"PK range scan, 100 rows (warm)",341,23.27
"PK range scan, 100 rows (warm)",342,21.94
"PK range scan, 100 rows (warm)",343,24.14
"PK range scan, 100 rows (warm)",344,34.64
"PK range scan, 100 rows (warm)",345,24.69
"PK range scan, 100 rows (warm)",346,29.45
"PK range scan, 100 rows (warm)",347,22.40
"PK range scan, 100 rows (warm)",348,21.32
"PK range scan, 100 rows (warm)",349,21.57
"PK range scan, 100 rows (warm)",350,21.56
"PK range scan, 100 rows (warm)",351,22.51
"PK range scan, 100 rows (warm)",352,31.30
"PK range scan, 100 rows (warm)",353,27.95
"PK range scan, 100 rows (warm)",354,22.21
"PK range scan, 100 rows (warm)",355,21.86
"PK range scan, 100 rows (warm)",356,22.25
"PK range scan, 100 rows (warm)",357,23.21
"PK range scan, 100 rows (warm)",358,32.29
"PK range scan, 100 rows (warm)",359,25.99
"PK range scan, 100 rows (warm)",360,41.23
"PK range scan, 100 rows (warm)",361,26.17
"PK range scan, 100 rows (warm)",362,23.17
"PK range scan, 100 rows (warm)",363,21.37
"PK range scan, 100 rows (warm)",364,22.20
"PK range scan, 100 rows (warm)",365,34.99
"PK range scan, 100 rows (warm)",366,26.88
"PK range scan, 100 rows (warm)",367,131.66
"PK range scan, 100 rows (warm)",368,29.75
"PK range scan, 100 rows (warm)",369,23.95
"PK range scan, 100 rows (warm)",370,30.13
"PK range scan, 100 rows (warm)",371,27.04
"PK range scan, 100 rows (warm)",372,33.73
"PK range scan, 100 rows (warm)",373,26.69
"PK range scan, 100 rows (warm)",374,23.91
"PK range scan, 100 rows (warm)",375,35.76
"PK range scan, 100 rows (warm)",376,26.50
"PK range scan, 100 rows (warm)",377,34.53
"PK range scan, 100 rows (warm)",378,25.37
"PK range scan, 100 rows (warm)",379,22.56
"PK range scan, 100 rows (warm)",380,20.83
"PK range scan, 100 rows (warm)",381,34.97
"PK range scan, 100 rows (warm)",382,26.90
"PK range scan, 100 rows (warm)",383,29.70
"PK range scan, 100 rows (warm)",384,24.49
"PK range scan, 100 rows (warm)",385,21.59
"PK range scan, 100 rows (warm)",386,33.44
"PK range scan, 100 rows (warm)",387,39.12
"PK range scan, 100 rows (warm)",388,27.44
"PK range scan, 100 rows (warm)",389,21.90
"PK range scan, 100 rows (warm)",390,24.92
"PK range scan, 100 rows (warm)",391,20.67
"PK range scan, 100 rows (warm)",392,39.02
"PK range scan, 100 rows (warm)",393,38.23
"PK range scan, 100 rows (warm)",394,26.46
"PK range scan, 100 rows (warm)",395,21.87
"PK range scan, 100 rows (warm)",396,39.76
"PK range scan, 100 rows (warm)",397,25.66
"PK range scan, 100 rows (warm)",398,22.27
"PK range scan, 100 rows (warm)",399,22.03
"PK range scan, 100 rows (warm)",400,20.19
"PK range scan, 100 rows (warm)",401,22.42
"PK range scan, 100 rows (warm)",402,20.25
"PK range scan, 100 rows (warm)",403,20.45
"PK range scan, 100 rows (warm)",404,19.97
"PK range scan, 100 rows (warm)",405,18.58
"PK range scan, 100 rows (warm)",406,33.34
"PK range scan, 100 rows (warm)",407,25.83
"PK range scan, 100 rows (warm)",408,21.69
"PK range scan, 100 rows (warm)",409,22.27
"PK range scan, 100 rows (warm)",410,17.64
"PK range scan, 100 rows (warm)",411,20.62
"PK range scan, 100 rows (warm)",412,32.02
"PK range scan, 100 rows (warm)",413,30.73
"PK range scan, 100 rows (warm)",414,22.73
"PK range scan, 100 rows (warm)",415,26.09
"PK range scan, 100 rows (warm)",416,35.86
"PK range scan, 100 rows (warm)",417,36.70
"PK range scan, 100 rows (warm)",418,27.93
"PK range scan, 100 rows (warm)",419,23.86
"PK range scan, 100 rows (warm)",420,22.33
"PK range scan, 100 rows (warm)",421,21.81
"PK range scan, 100 rows (warm)",422,20.13
"PK range scan, 100 rows (warm)",423,20.30
"PK range scan, 100 rows (warm)",424,34.88
"PK range scan, 100 rows (warm)",425,24.90
"PK range scan, 100 rows (warm)",426,33.46
"PK range scan, 100 rows (warm)",427,25.83
"PK range scan, 100 rows (warm)",428,37.54
"PK range scan, 100 rows (warm)",429,23.07
"PK range scan, 100 rows (warm)",430,23.06
"PK range scan, 100 rows (warm)",431,34.24
"PK range scan, 100 rows (warm)",432,26.48
"PK range scan, 100 rows (warm)",433,31.48
"PK range scan, 100 rows (warm)",434,28.28
"PK range scan, 100 rows (warm)",435,22.55
"PK range scan, 100 rows (warm)",436,22.06
"PK range scan, 100 rows (warm)",437,21.61
"PK range scan, 100 rows (warm)",438,33.35
"PK range scan, 100 rows (warm)",439,37.63
"PK range scan, 100 rows (warm)",440,36.50
"PK range scan, 100 rows (warm)",441,28.40
"PK range scan, 100 rows (warm)",442,37.51
"PK range scan, 100 rows (warm)",443,22.38
"PK range scan, 100 rows (warm)",444,26.12
"PK range scan, 100 rows (warm)",445,19.71
"PK range scan, 100 rows (warm)",446,29.09
"PK range scan, 100 rows (warm)",447,25.40
"PK range scan, 100 rows (warm)",448,21.98
"PK range scan, 100 rows (warm)",449,21.68
"PK range scan, 100 rows (warm)",450,20.71
"PK range scan, 100 rows (warm)",451,22.12
"PK range scan, 100 rows (warm)",452,21.67
"PK range scan, 100 rows (warm)",453,21.53
"PK range scan, 100 rows (warm)",454,21.12
"PK range scan, 100 rows (warm)",455,16.93
"PK range scan, 100 rows (warm)",456,19.58
"PK range scan, 100 rows (warm)",457,32.80
"PK range scan, 100 rows (warm)",458,24.71
"PK range scan, 100 rows (warm)",459,21.66
"PK range scan, 100 rows (warm)",460,22.96
"PK range scan, 100 rows (warm)",461,22.97
"PK range scan, 100 rows (warm)",462,32.37
"PK range scan, 100 rows (warm)",463,29.05
"PK range scan, 100 rows (warm)",464,50.06
"PK range scan, 100 rows (warm)",465,27.56
"PK range scan, 100 rows (warm)",466,20.99
"PK range scan, 100 rows (warm)",467,21.06
"PK range scan, 100 rows (warm)",468,20.41
"PK range scan, 100 rows (warm)",469,20.52
"PK range scan, 100 rows (warm)",470,38.35
"PK range scan, 100 rows (warm)",471,25.19
"PK range scan, 100 rows (warm)",472,22.61
"PK range scan, 100 rows (warm)",473,20.52
"PK range scan, 100 rows (warm)",474,25.42
"PK range scan, 100 rows (warm)",475,35.43
"PK range scan, 100 rows (warm)",476,32.21
"PK range scan, 100 rows (warm)",477,19.53
"PK range scan, 100 rows (warm)",478,22.03
"PK range scan, 100 rows (warm)",479,21.00
"PK range scan, 100 rows (warm)",480,40.13
"PK range scan, 100 rows (warm)",481,37.87
"PK range scan, 100 rows (warm)",482,25.95
"PK range scan, 100 rows (warm)",483,24.86
"PK range scan, 100 rows (warm)",484,34.84
"PK range scan, 100 rows (warm)",485,24.41
"PK range scan, 100 rows (warm)",486,22.11
"PK range scan, 100 rows (warm)",487,25.85
"PK range scan, 100 rows (warm)",488,21.37
"PK range scan, 100 rows (warm)",489,20.79
"PK range scan, 100 rows (warm)",490,20.44
"PK range scan, 100 rows (warm)",491,21.02
"PK range scan, 100 rows (warm)",492,23.92
"PK range scan, 100 rows (warm)",493,20.21
"PK range scan, 100 rows (warm)",494,21.04
"PK range scan, 100 rows (warm)",495,21.52
"PK range scan, 100 rows (warm)",496,17.46
"PK range scan, 100 rows (warm)",497,20.86
"PK range scan, 100 rows (warm)",498,19.99
"PK range scan, 100 rows (warm)",499,47.03
"PK range scan, 100 rows (warm)",500,50.61
"PK range scan, 100 rows (warm)",501,36.90
"PK range scan, 100 rows (warm)",502,29.30
"PK range scan, 100 rows (warm)",503,21.53
"PK range scan, 100 rows (warm)",504,20.52
"PK range scan, 100 rows (warm)",505,34.51
"PK range scan, 100 rows (warm)",506,42.00
"PK range scan, 100 rows (warm)",507,38.13
"PK range scan, 100 rows (warm)",508,26.73
"PK range scan, 100 rows (warm)",509,23.94
"PK range scan, 100 rows (warm)",510,20.61
"PK range scan, 100 rows (warm)",511,20.62
"PK range scan, 100 rows (warm)",512,21.57
"PK range scan, 100 rows (warm)",513,25.37
"PK range scan, 100 rows (warm)",514,18.30
"PK range scan, 100 rows (warm)",515,29.12
"PK range scan, 100 rows (warm)",516,35.16
"PK range scan, 100 rows (warm)",517,26.05
"PK range scan, 100 rows (warm)",518,23.40
"PK range scan, 100 rows (warm)",519,22.36
"PK range scan, 100 rows (warm)",520,22.29
"PK range scan, 100 rows (warm)",521,33.55
"PK range scan, 100 rows (warm)",522,26.34
"PK range scan, 100 rows (warm)",523,33.27
"PK range scan, 100 rows (warm)",524,24.82
"PK range scan, 100 rows (warm)",525,28.44
"PK range scan, 100 rows (warm)",526,22.72
"PK range scan, 100 rows (warm)",527,22.03
"PK range scan, 100 rows (warm)",528,22.12
"PK range scan, 100 rows (warm)",529,24.20
"PK range scan, 100 rows (warm)",530,25.93
"PK range scan, 100 rows (warm)",531,40.04
"PK range scan, 100 rows (warm)",532,37.74
"PK range scan, 100 rows (warm)",533,26.32
"PK range scan, 100 rows (warm)",534,30.43
"PK range scan, 100 rows (warm)",535,23.28
"PK range scan, 100 rows (warm)",536,35.09
"PK range scan, 100 rows (warm)",537,28.95
"PK range scan, 100 rows (warm)",538,24.21
"PK range scan, 100 rows (warm)",539,21.89
"PK range scan, 100 rows (warm)",540,33.23
"PK range scan, 100 rows (warm)",541,27.30
"PK range scan, 100 rows (warm)",542,22.71
"PK range scan, 100 rows (warm)",543,22.00
"PK range scan, 100 rows (warm)",544,27.15
"PK range scan, 100 rows (warm)",545,37.34
"PK range scan, 100 rows (warm)",546,26.28
"PK range scan, 100 rows (warm)",547,22.33
"PK range scan, 100 rows (warm)",548,22.41
"PK range scan, 100 rows (warm)",549,21.38
"PK range scan, 100 rows (warm)",550,22.12
"PK range scan, 100 rows (warm)",551,21.43
"PK range scan, 100 rows (warm)",552,20.21
"PK range scan, 100 rows (warm)",553,19.88
"PK range scan, 100 rows (warm)",554,21.21
"PK range scan, 100 rows (warm)",555,21.31
"PK range scan, 100 rows (warm)",556,21.66
"PK range scan, 100 rows (warm)",557,21.63
"PK range scan, 100 rows (warm)",558,22.05
"PK range scan, 100 rows (warm)",559,22.79
"PK range scan, 100 rows (warm)",560,40.02
"PK range scan, 100 rows (warm)",561,26.95
"PK range scan, 100 rows (warm)",562,22.81
"PK range scan, 100 rows (warm)",563,21.60
"PK range scan, 100 rows (warm)",564,21.32
"PK range scan, 100 rows (warm)",565,39.10
"PK range scan, 100 rows (warm)",566,39.80
"PK range scan, 100 rows (warm)",567,25.66
"PK range scan, 100 rows (warm)",568,24.41
"PK range scan, 100 rows (warm)",569,22.56
"PK range scan, 100 rows (warm)",570,22.54
"PK range scan, 100 rows (warm)",571,20.82
"PK range scan, 100 rows (warm)",572,22.90
"PK range scan, 100 rows (warm)",573,35.72
"PK range scan, 100 rows (warm)",574,37.67
"PK range scan, 100 rows (warm)",575,27.44
"PK range scan, 100 rows (warm)",576,35.70
"PK range scan, 100 rows (warm)",577,25.75
"PK range scan, 100 rows (warm)",578,23.46
"PK range scan, 100 rows (warm)",579,22.05
"PK range scan, 100 rows (warm)",580,26.51
"PK range scan, 100 rows (warm)",581,34.54
"PK range scan, 100 rows (warm)",582,37.90
"PK range scan, 100 rows (warm)",583,25.59
"PK range scan, 100 rows (warm)",584,23.27
"PK range scan, 100 rows (warm)",585,20.19
"PK range scan, 100 rows (warm)",586,36.99
"PK range scan, 100 rows (warm)",587,27.21
"PK range scan, 100 rows (warm)",588,24.20
"PK range scan, 100 rows (warm)",589,23.10
"PK range scan, 100 rows (warm)",590,21.71
"PK range scan, 100 rows (warm)",591,33.45
"PK range scan, 100 rows (warm)",592,26.06
"PK range scan, 100 rows (warm)",593,21.60
"PK range scan, 100 rows (warm)",594,21.17
"PK range scan, 100 rows (warm)",595,21.07
"PK range scan, 100 rows (warm)",596,21.58
"PK range scan, 100 rows (warm)",597,34.20
"PK range scan, 100 rows (warm)",598,40.84
"PK range scan, 100 rows (warm)",599,26.25
"PK range scan, 100 rows (warm)",600,25.32
"PK range scan, 100 rows (warm)",601,32.61
"PK range scan, 100 rows (warm)",602,26.78
"PK range scan, 100 rows (warm)",603,29.11
"PK range scan, 100 rows (warm)",604,23.14
"PK range scan, 100 rows (warm)",605,22.57
"PK range scan, 100 rows (warm)",606,38.48
"PK range scan, 100 rows (warm)",607,37.81
"PK range scan, 100 rows (warm)",608,26.21
"PK range scan, 100 rows (warm)",609,21.31
"PK range scan, 100 rows (warm)",610,21.22
"PK range scan, 100 rows (warm)",611,34.40
"PK range scan, 100 rows (warm)",612,26.54
"PK range scan, 100 rows (warm)",613,22.57
"PK range scan, 100 rows (warm)",614,27.40
"PK range scan, 100 rows (warm)",615,24.26
"PK range scan, 100 rows (warm)",616,21.54
"PK range scan, 100 rows (warm)",617,21.26
"PK range scan, 100 rows (warm)",618,31.75
"PK range scan, 100 rows (warm)",619,33.14
"PK range scan, 100 rows (warm)",620,24.87
"PK range scan, 100 rows (warm)",621,25.13
"PK range scan, 100 rows (warm)",622,21.28
"PK range scan, 100 rows (warm)",623,21.34
"PK range scan, 100 rows (warm)",624,21.19
"PK range scan, 100 rows (warm)",625,21.42
"PK range scan, 100 rows (warm)",626,21.54
"PK range scan, 100 rows (warm)",627,20.37
"PK range scan, 100 rows (warm)",628,20.59
"PK range scan, 100 rows (warm)",629,20.70
"PK range scan, 100 rows (warm)",630,18.29
"PK range scan, 100 rows (warm)",631,32.83
"PK range scan, 100 rows (warm)",632,60.91
"PK range scan, 100 rows (warm)",633,30.98
"PK range scan, 100 rows (warm)",634,21.40
"PK range scan, 100 rows (warm)",635,22.24
"PK range scan, 100 rows (warm)",636,21.77
"PK range scan, 100 rows (warm)",637,18.26
"PK range scan, 100 rows (warm)",638,22.18
"PK range scan, 100 rows (warm)",639,22.27
"PK range scan, 100 rows (warm)",640,21.88
"PK range scan, 100 rows (warm)",641,20.94
"PK range scan, 100 rows (warm)",642,21.35
"PK range scan, 100 rows (warm)",643,21.03
"PK range scan, 100 rows (warm)",644,20.73
"PK range scan, 100 rows (warm)",645,23.47
"PK range scan, 100 rows (warm)",646,21.67
"PK range scan, 100 rows (warm)",647,17.83
"PK range scan, 100 rows (warm)",648,26.98
"PK range scan, 100 rows (warm)",649,23.78
"PK range scan, 100 rows (warm)",650,21.81
"PK range scan, 100 rows (warm)",651,20.88
"PK range scan, 100 rows (warm)",652,21.11
"PK range scan, 100 rows (warm)",653,21.68
"PK range scan, 100 rows (warm)",654,22.01
"PK range scan, 100 rows (warm)",655,39.27
"PK range scan, 100 rows (warm)",656,25.49
"PK range scan, 100 rows (warm)",657,24.54
"PK range scan, 100 rows (warm)",658,22.69
"PK range scan, 100 rows (warm)",659,24.11
"PK range scan, 100 rows (warm)",660,22.11
"PK range scan, 100 rows (warm)",661,21.21
"PK range scan, 100 rows (warm)",662,21.74
"PK range scan, 100 rows (warm)",663,22.03
"PK range scan, 100 rows (warm)",664,20.51
"PK range scan, 100 rows (warm)",665,20.62
"PK range scan, 100 rows (warm)",666,20.15
"PK range scan, 100 rows (warm)",667,25.69
"PK range scan, 100 rows (warm)",668,39.09
"PK range scan, 100 rows (warm)",669,24.50
"PK range scan, 100 rows (warm)",670,29.98
"PK range scan, 100 rows (warm)",671,27.39
"PK range scan, 100 rows (warm)",672,20.43
"PK range scan, 100 rows (warm)",673,23.99
"PK range scan, 100 rows (warm)",674,22.23
"PK range scan, 100 rows (warm)",675,23.93
"PK range scan, 100 rows (warm)",676,22.58
"PK range scan, 100 rows (warm)",677,22.46
"PK range scan, 100 rows (warm)",678,21.75
"PK range scan, 100 rows (warm)",679,22.97
"PK range scan, 100 rows (warm)",680,21.48
"PK range scan, 100 rows (warm)",681,18.57
"PK range scan, 100 rows (warm)",682,21.74
"PK range scan, 100 rows (warm)",683,21.54
"PK range scan, 100 rows (warm)",684,22.12
"PK range scan, 100 rows (warm)",685,38.74
"PK range scan, 100 rows (warm)",686,44.83
"PK range scan, 100 rows (warm)",687,27.30
"PK range scan, 100 rows (warm)",688,23.70
"PK range scan, 100 rows (warm)",689,21.89
"PK range scan, 100 rows (warm)",690,22.65
"PK range scan, 100 rows (warm)",691,21.55
"PK range scan, 100 rows (warm)",692,22.05
"PK range scan, 100 rows (warm)",693,21.57
"PK range scan, 100 rows (warm)",694,21.87
"PK range scan, 100 rows (warm)",695,20.28
"PK range scan, 100 rows (warm)",696,34.59
"PK range scan, 100 rows (warm)",697,24.61
"PK range scan, 100 rows (warm)",698,35.20
"PK range scan, 100 rows (warm)",699,28.92
"PK range scan, 100 rows (warm)",700,21.50
"PK range scan, 100 rows (warm)",701,21.87
"PK range scan, 100 rows (warm)",702,30.65
"PK range scan, 100 rows (warm)",703,41.82
"PK range scan, 100 rows (warm)",704,39.89
"PK range scan, 100 rows (warm)",705,39.93
"PK range scan, 100 rows (warm)",706,29.03
"PK range scan, 100 rows (warm)",707,23.72
"PK range scan, 100 rows (warm)",708,21.46
"PK range scan, 100 rows (warm)",709,21.67
"PK range scan, 100 rows (warm)",710,22.07
"PK range scan, 100 rows (warm)",711,21.84
"PK range scan, 100 rows (warm)",712,21.79
"PK range scan, 100 rows (warm)",713,34.20
"PK range scan, 100 rows (warm)",714,26.93
"PK range scan, 100 rows (warm)",715,37.29
"PK range scan, 100 rows (warm)",716,40.36
"PK range scan, 100 rows (warm)",717,45.98
"PK range scan, 100 rows (warm)",718,32.30
"PK range scan, 100 rows (warm)",719,23.14
"PK range scan, 100 rows (warm)",720,22.19
"PK range scan, 100 rows (warm)",721,21.39
"PK range scan, 100 rows (warm)",722,23.36
"PK range scan, 100 rows (warm)",723,34.41
"PK range scan, 100 rows (warm)",724,28.32
"PK range scan, 100 rows (warm)",725,23.29
"PK range scan, 100 rows (warm)",726,25.52
"PK range scan, 100 rows (warm)",727,22.16
"PK range scan, 100 rows (warm)",728,22.00
"PK range scan, 100 rows (warm)",729,22.86
"PK range scan, 100 rows (warm)",730,22.13
"PK range scan, 100 rows (warm)",731,22.02
"PK range scan, 100 rows (warm)",732,21.14
"PK range scan, 100 rows (warm)",733,22.44
"PK range scan, 100 rows (warm)",734,22.62
"PK range scan, 100 rows (warm)",735,21.23
"PK range scan, 100 rows (warm)",736,39.55
"PK range scan, 100 rows (warm)",737,28.49
"PK range scan, 100 rows (warm)",738,20.57
"PK range scan, 100 rows (warm)",739,20.69
"PK range scan, 100 rows (warm)",740,21.64
"PK range scan, 100 rows (warm)",741,41.06
"PK range scan, 100 rows (warm)",742,29.35
"PK range scan, 100 rows (warm)",743,22.10
"PK range scan, 100 rows (warm)",744,24.08
"PK range scan, 100 rows (warm)",745,22.57
"PK range scan, 100 rows (warm)",746,22.44
"PK range scan, 100 rows (warm)",747,33.55
"PK range scan, 100 rows (warm)",748,26.07
"PK range scan, 100 rows (warm)",749,24.06
"PK range scan, 100 rows (warm)",750,22.56
"PK range scan, 100 rows (warm)",751,40.72
"PK range scan, 100 rows (warm)",752,41.73
"PK range scan, 100 rows (warm)",753,41.17
"PK range scan, 100 rows (warm)",754,28.18
"PK range scan, 100 rows (warm)",755,34.91
"PK range scan, 100 rows (warm)",756,28.06
"PK range scan, 100 rows (warm)",757,28.33
"PK range scan, 100 rows (warm)",758,24.11
"PK range scan, 100 rows (warm)",759,22.02
"PK range scan, 100 rows (warm)",760,21.60
"PK range scan, 100 rows (warm)",761,22.34
"PK range scan, 100 rows (warm)",762,21.84
"PK range scan, 100 rows (warm)",763,24.06
"PK range scan, 100 rows (warm)",764,23.83
"PK range scan, 100 rows (warm)",765,22.94
"PK range scan, 100 rows (warm)",766,38.46
"PK range scan, 100 rows (warm)",767,27.44
"PK range scan, 100 rows (warm)",768,54.88
"PK range scan, 100 rows (warm)",769,42.16
"PK range scan, 100 rows (warm)",770,29.21
"PK range scan, 100 rows (warm)",771,30.85
"PK range scan, 100 rows (warm)",772,36.58
"PK range scan, 100 rows (warm)",773,28.36
"PK range scan, 100 rows (warm)",774,24.13
"PK range scan, 100 rows (warm)",775,20.90
"PK range scan, 100 rows (warm)",776,23.72
"PK range scan, 100 rows (warm)",777,22.10
"PK range scan, 100 rows (warm)",778,21.23
"PK range scan, 100 rows (warm)",779,33.86
"PK range scan, 100 rows (warm)",780,28.88
"PK range scan, 100 rows (warm)",781,40.56
"PK range scan, 100 rows (warm)",782,22.39
"PK range scan, 100 rows (warm)",783,24.63
"PK range scan, 100 rows (warm)",784,18.75
"PK range scan, 100 rows (warm)",785,22.62
"PK range scan, 100 rows (warm)",786,21.38
"PK range scan, 100 rows (warm)",787,21.79
"PK range scan, 100 rows (warm)",788,21.69
"PK range scan, 100 rows (warm)",789,21.38
"PK range scan, 100 rows (warm)",790,21.65
"PK range scan, 100 rows (warm)",791,21.79
"PK range scan, 100 rows (warm)",792,27.56
"PK range scan, 100 rows (warm)",793,21.31
"PK range scan, 100 rows (warm)",794,22.57
"PK range scan, 100 rows (warm)",795,22.75
"PK range scan, 100 rows (warm)",796,21.23
"PK range scan, 100 rows (warm)",797,20.98
"PK range scan, 100 rows (warm)",798,21.32
"PK range scan, 100 rows (warm)",799,21.21
"PK range scan, 100 rows (warm)",800,21.80
"PK range scan, 100 rows (warm)",801,88.36
"PK range scan, 100 rows (warm)",802,27.30
"PK range scan, 100 rows (warm)",803,25.76
"PK range scan, 100 rows (warm)",804,24.20
"PK range scan, 100 rows (warm)",805,21.61
"PK range scan, 100 rows (warm)",806,21.37
"PK range scan, 100 rows (warm)",807,21.88
"PK range scan, 100 rows (warm)",808,19.98
"PK range scan, 100 rows (warm)",809,22.79
"PK range scan, 100 rows (warm)",810,22.21
"PK range scan, 100 rows (warm)",811,22.67
"PK range scan, 100 rows (warm)",812,21.98
"PK range scan, 100 rows (warm)",813,25.31
"PK range scan, 100 rows (warm)",814,23.61
"PK range scan, 100 rows (warm)",815,21.94
"PK range scan, 100 rows (warm)",816,22.96
"PK range scan, 100 rows (warm)",817,26.41
"PK range scan, 100 rows (warm)",818,22.53
"PK range scan, 100 rows (warm)",819,26.68
"PK range scan, 100 rows (warm)",820,21.93
"PK range scan, 100 rows (warm)",821,21.95
"PK range scan, 100 rows (warm)",822,21.72
"PK range scan, 100 rows (warm)",823,21.50
"PK range scan, 100 rows (warm)",824,18.33
"PK range scan, 100 rows (warm)",825,23.61
"PK range scan, 100 rows (warm)",826,21.97
"PK range scan, 100 rows (warm)",827,22.89
"PK range scan, 100 rows (warm)",828,22.54
"PK range scan, 100 rows (warm)",829,22.31
"PK range scan, 100 rows (warm)",830,21.89
"PK range scan, 100 rows (warm)",831,24.08
"PK range scan, 100 rows (warm)",832,24.28
"PK range scan, 100 rows (warm)",833,23.26
"PK range scan, 100 rows (warm)",834,22.91
"PK range scan, 100 rows (warm)",835,22.82
"PK range scan, 100 rows (warm)",836,47.43
"PK range scan, 100 rows (warm)",837,26.40
"PK range scan, 100 rows (warm)",838,22.19
"PK range scan, 100 rows (warm)",839,22.95
"PK range scan, 100 rows (warm)",840,21.81
"PK range scan, 100 rows (warm)",841,22.43
"PK range scan, 100 rows (warm)",842,35.88
"PK range scan, 100 rows (warm)",843,33.67
"PK range scan, 100 rows (warm)",844,23.26
"PK range scan, 100 rows (warm)",845,23.90
"PK range scan, 100 rows (warm)",846,31.14
"PK range scan, 100 rows (warm)",847,37.15
"PK range scan, 100 rows (warm)",848,39.75
"PK range scan, 100 rows (warm)",849,40.90
"PK range scan, 100 rows (warm)",850,45.10
"PK range scan, 100 rows (warm)",851,28.99
"PK range scan, 100 rows (warm)",852,28.62
"PK range scan, 100 rows (warm)",853,23.62
"PK range scan, 100 rows (warm)",854,22.11
"PK range scan, 100 rows (warm)",855,22.20
"PK range scan, 100 rows (warm)",856,32.64
"PK range scan, 100 rows (warm)",857,27.71
"PK range scan, 100 rows (warm)",858,23.36
"PK range scan, 100 rows (warm)",859,22.50
"PK range scan, 100 rows (warm)",860,21.75
"PK range scan, 100 rows (warm)",861,22.49
"PK range scan, 100 rows (warm)",862,23.07
"PK range scan, 100 rows (warm)",863,22.90
"PK range scan, 100 rows (warm)",864,20.57
"PK range scan, 100 rows (warm)",865,21.03
"PK range scan, 100 rows (warm)",866,21.53
"PK range scan, 100 rows (warm)",867,21.11
"PK range scan, 100 rows (warm)",868,23.22
"PK range scan, 100 rows (warm)",869,38.20
"PK range scan, 100 rows (warm)",870,25.66
"PK range scan, 100 rows (warm)",871,25.68
"PK range scan, 100 rows (warm)",872,21.92
"PK range scan, 100 rows (warm)",873,21.88
"PK range scan, 100 rows (warm)",874,21.26
"PK range scan, 100 rows (warm)",875,22.45
"PK range scan, 100 rows (warm)",876,28.22
"PK range scan, 100 rows (warm)",877,22.41
"PK range scan, 100 rows (warm)",878,21.80
"PK range scan, 100 rows (warm)",879,21.94
"PK range scan, 100 rows (warm)",880,21.65
"PK range scan, 100 rows (warm)",881,23.21
"PK range scan, 100 rows (warm)",882,20.98
"PK range scan, 100 rows (warm)",883,20.67
"PK range scan, 100 rows (warm)",884,21.19
"PK range scan, 100 rows (warm)",885,21.19
"PK range scan, 100 rows (warm)",886,21.55
"PK range scan, 100 rows (warm)",887,27.16
"PK range scan, 100 rows (warm)",888,21.69
"PK range scan, 100 rows (warm)",889,22.57
"PK range scan, 100 rows (warm)",890,21.66
"PK range scan, 100 rows (warm)",891,21.88
"PK range scan, 100 rows (warm)",892,22.18
"PK range scan, 100 rows (warm)",893,22.45
"PK range scan, 100 rows (warm)",894,24.05
"PK range scan, 100 rows (warm)",895,22.37
"PK range scan, 100 rows (warm)",896,20.88
"PK range scan, 100 rows (warm)",897,21.87
"PK range scan, 100 rows (warm)",898,22.08
"PK range scan, 100 rows (warm)",899,21.51
"PK range scan, 100 rows (warm)",900,21.67
"PK range scan, 100 rows (warm)",901,22.17
"PK range scan, 100 rows (warm)",902,21.27
"PK range scan, 100 rows (warm)",903,23.27
"PK range scan, 100 rows (warm)",904,22.89
"PK range scan, 100 rows (warm)",905,27.99
"PK range scan, 100 rows (warm)",906,22.98
"PK range scan, 100 rows (warm)",907,38.38
"PK range scan, 100 rows (warm)",908,52.91
"PK range scan, 100 rows (warm)",909,26.44
"PK range scan, 100 rows (warm)",910,22.98
"PK range scan, 100 rows (warm)",911,24.48
"PK range scan, 100 rows (warm)",912,22.97
"PK range scan, 100 rows (warm)",913,21.40
"PK range scan, 100 rows (warm)",914,21.30
"PK range scan, 100 rows (warm)",915,22.30
"PK range scan, 100 rows (warm)",916,21.20
"PK range scan, 100 rows (warm)",917,18.02
"PK range scan, 100 rows (warm)",918,20.93
"PK range scan, 100 rows (warm)",919,22.48
"PK range scan, 100 rows (warm)",920,21.90
"PK range scan, 100 rows (warm)",921,17.29
"PK range scan, 100 rows (warm)",922,21.30
"PK range scan, 100 rows (warm)",923,21.52
"PK range scan, 100 rows (warm)",924,21.51
"PK range scan, 100 rows (warm)",925,22.49
"PK range scan, 100 rows (warm)",926,21.53
"PK range scan, 100 rows (warm)",927,22.90
"PK range scan, 100 rows (warm)",928,23.34
"PK range scan, 100 rows (warm)",929,28.52
"PK range scan, 100 rows (warm)",930,23.29
"PK range scan, 100 rows (warm)",931,25.58
"PK range scan, 100 rows (warm)",932,22.42
"PK range scan, 100 rows (warm)",933,21.58
"PK range scan, 100 rows (warm)",934,22.16
"PK range scan, 100 rows (warm)",935,22.87
"PK range scan, 100 rows (warm)",936,22.18
"PK range scan, 100 rows (warm)",937,23.60
"PK range scan, 100 rows (warm)",938,21.56
"PK range scan, 100 rows (warm)",939,36.35
"PK range scan, 100 rows (warm)",940,39.68
"PK range scan, 100 rows (warm)",941,27.98
"PK range scan, 100 rows (warm)",942,21.81
"PK range scan, 100 rows (warm)",943,39.37
"PK range scan, 100 rows (warm)",944,24.09
"PK range scan, 100 rows (warm)",945,23.20
"PK range scan, 100 rows (warm)",946,21.61
"PK range scan, 100 rows (warm)",947,23.20
"PK range scan, 100 rows (warm)",948,24.09
"PK range scan, 100 rows (warm)",949,21.61
"PK range scan, 100 rows (warm)",950,24.09
"PK range scan, 100 rows (warm)",951,23.75
"PK range scan, 100 rows (warm)",952,21.40
"PK range scan, 100 rows (warm)",953,19.38
"PK range scan, 100 rows (warm)",954,34.45
"PK range scan, 100 rows (warm)",955,39.05
"PK range scan, 100 rows (warm)",956,26.88
"PK range scan, 100 rows (warm)",957,22.31
"PK range scan, 100 rows (warm)",958,23.37
"PK range scan, 100 rows (warm)",959,39.49
"PK range scan, 100 rows (warm)",960,25.43
"PK range scan, 100 rows (warm)",961,22.21
"PK range scan, 100 rows (warm)",962,21.87
"PK range scan, 100 rows (warm)",963,22.57
"PK range scan, 100 rows (warm)",964,21.75
"PK range scan, 100 rows (warm)",965,33.81
"PK range scan, 100 rows (warm)",966,27.27
"PK range scan, 100 rows (warm)",967,22.05
"PK range scan, 100 rows (warm)",968,21.60
"PK range scan, 100 rows (warm)",969,21.43
"PK range scan, 100 rows (warm)",970,22.53
"PK range scan, 100 rows (warm)",971,22.34
"PK range scan, 100 rows (warm)",972,22.45
"PK range scan, 100 rows (warm)",973,20.82
"PK range scan, 100 rows (warm)",974,21.91
"PK range scan, 100 rows (warm)",975,21.15
"PK range scan, 100 rows (warm)",976,20.99
"PK range scan, 100 rows (warm)",977,28.22
"PK range scan, 100 rows (warm)",978,42.67
"PK range scan, 100 rows (warm)",979,30.93
"PK range scan, 100 rows (warm)",980,23.04
"PK range scan, 100 rows (warm)",981,21.64
"PK range scan, 100 rows (warm)",982,21.74
"PK range scan, 100 rows (warm)",983,21.71
"PK range scan, 100 rows (warm)",984,22.59
"PK range scan, 100 rows (warm)",985,21.09
"PK range scan, 100 rows (warm)",986,21.69
"PK range scan, 100 rows (warm)",987,21.73
"PK range scan, 100 rows (warm)",988,22.46
"PK range scan, 100 rows (warm)",989,22.35
"PK range scan, 100 rows (warm)",990,23.31
"PK range scan, 100 rows (warm)",991,21.26
"PK range scan, 100 rows (warm)",992,22.40
"PK range scan, 100 rows (warm)",993,22.49
"PK range scan, 100 rows (warm)",994,22.49
"PK range scan, 100 rows (warm)",995,17.92
"PK range scan, 100 rows (warm)",996,22.46
"PK range scan, 100 rows (warm)",997,24.02
"PK range scan, 100 rows (warm)",998,20.82
"PK range scan, 100 rows (warm)",999,20.60
"PK range scan, 100 rows (warm)",1000,20.98
"PK range scan, 100 rows (warm)",1001,21.80
"PK range scan, 100 rows (warm)",1002,21.94
"PK range scan, 100 rows (warm)",1003,21.99
"PK range scan, 100 rows (warm)",1004,22.77
"PK range scan, 100 rows (warm)",1005,21.42
"PK range scan, 100 rows (warm)",1006,21.88
"PK range scan, 100 rows (warm)",1007,22.06
"PK range scan, 100 rows (warm)",1008,21.96
"PK range scan, 100 rows (warm)",1009,27.55
"PK range scan, 100 rows (warm)",1010,23.77
"PK range scan, 100 rows (warm)",1011,19.35
"PK range scan, 100 rows (warm)",1012,21.00
"PK range scan, 100 rows (warm)",1013,21.63
"PK range scan, 100 rows (warm)",1014,22.58
"PK range scan, 100 rows (warm)",1015,21.55
"PK range scan, 100 rows (warm)",1016,40.23
"PK range scan, 100 rows (warm)",1017,26.81
"PK range scan, 100 rows (warm)",1018,21.20
"PK range scan, 100 rows (warm)",1019,23.64
"PK range scan, 100 rows (warm)",1020,20.45
"PK range scan, 100 rows (warm)",1021,21.18
"PK range scan, 100 rows (warm)",1022,21.92
"PK range scan, 100 rows (warm)",1023,22.64
"PK range scan, 100 rows (warm)",1024,23.34
"PK range scan, 100 rows (warm)",1025,21.70
"PK range scan, 100 rows (warm)",1026,23.26
"PK range scan, 100 rows (warm)",1027,22.33
"PK range scan, 100 rows (warm)",1028,23.64
"PK range scan, 100 rows (warm)",1029,24.51
"PK range scan, 100 rows (warm)",1030,22.65
"PK range scan, 100 rows (warm)",1031,23.21
"PK range scan, 100 rows (warm)",1032,22.53
"PK range scan, 100 rows (warm)",1033,23.20
"PK range scan, 100 rows (warm)",1034,31.02
"PK range scan, 100 rows (warm)",1035,23.15
"PK range scan, 100 rows (warm)",1036,29.11
"PK range scan, 100 rows (warm)",1037,26.41
"PK range scan, 100 rows (warm)",1038,24.63
"PK range scan, 100 rows (warm)",1039,23.44
"PK range scan, 100 rows (warm)",1040,22.44
"PK range scan, 100 rows (warm)",1041,23.29
"PK range scan, 100 rows (warm)",1042,19.36
"PK range scan, 100 rows (warm)",1043,23.00
"PK range scan, 100 rows (warm)",1044,23.10
"PK range scan, 100 rows (warm)",1045,23.21
"PK range scan, 100 rows (warm)",1046,22.96
"PK range scan, 100 rows (warm)",1047,24.05
"PK range scan, 100 rows (warm)",1048,23.76
"PK range scan, 100 rows (warm)",1049,23.34
"PK range scan, 100 rows (warm)",1050,24.20
"PK range scan, 100 rows (warm)",1051,23.13
"PK range scan, 100 rows (warm)",1052,38.95
"PK range scan, 100 rows (warm)",1053,42.80
"PK range scan, 100 rows (warm)",1054,31.89
"PK range scan, 100 rows (warm)",1055,25.05
"PK range scan, 100 rows (warm)",1056,21.88
"PK range scan, 100 rows (warm)",1057,23.11
"PK range scan, 100 rows (warm)",1058,23.17
"PK range scan, 100 rows (warm)",1059,23.94
"PK range scan, 100 rows (warm)",1060,23.01
"PK range scan, 100 rows (warm)",1061,24.19
"PK range scan, 100 rows (warm)",1062,23.00
"PK range scan, 100 rows (warm)",1063,23.29
"PK range scan, 100 rows (warm)",1064,22.69
"PK range scan, 100 rows (warm)",1065,24.90
"PK range scan, 100 rows (warm)",1066,27.29
"PK range scan, 100 rows (warm)",1067,23.32
"PK range scan, 100 rows (warm)",1068,29.11
"PK range scan, 100 rows (warm)",1069,22.73
"PK range scan, 100 rows (warm)",1070,23.75
"PK range scan, 100 rows (warm)",1071,23.44
"PK range scan, 100 rows (warm)",1072,23.20
"PK range scan, 100 rows (warm)",1073,22.64
"PK range scan, 100 rows (warm)",1074,22.84
"PK range scan, 100 rows (warm)",1075,24.84
"PK range scan, 100 rows (warm)",1076,22.74
"PK range scan, 100 rows (warm)",1077,23.09
"PK range scan, 100 rows (warm)",1078,21.68
"PK range scan, 100 rows (warm)",1079,22.52
"PK range scan, 100 rows (warm)",1080,23.06
"PK range scan, 100 rows (warm)",1081,22.41
"PK range scan, 100 rows (warm)",1082,23.61
"PK range scan, 100 rows (warm)",1083,20.67
"PK range scan, 100 rows (warm)",1084,22.96
"PK range scan, 100 rows (warm)",1085,22.68
"PK range scan, 100 rows (warm)",1086,23.79
"PK range scan, 100 rows (warm)",1087,23.24
"PK range scan, 100 rows (warm)",1088,41.48
"PK range scan, 100 rows (warm)",1089,29.97
"PK range scan, 100 rows (warm)",1090,25.44
"PK range scan, 100 rows (warm)",1091,23.43
"PK range scan, 100 rows (warm)",1092,23.44
"PK range scan, 100 rows (warm)",1093,24.29
"PK range scan, 100 rows (warm)",1094,23.19
"PK range scan, 100 rows (warm)",1095,29.10
"PK range scan, 100 rows (warm)",1096,20.27
"PK range scan, 100 rows (warm)",1097,23.02
"PK range scan, 100 rows (warm)",1098,23.42
"PK range scan, 100 rows (warm)",1099,22.92
"PK range scan, 100 rows (warm)",1100,25.11
"PK range scan, 100 rows (warm)",1101,23.76
"PK range scan, 100 rows (warm)",1102,23.57
"PK range scan, 100 rows (warm)",1103,23.38
"PK range scan, 100 rows (warm)",1104,22.39
"PK range scan, 100 rows (warm)",1105,28.26
"PK range scan, 100 rows (warm)",1106,26.14
"PK range scan, 100 rows (warm)",1107,22.97
"PK range scan, 100 rows (warm)",1108,22.95
"PK range scan, 100 rows (warm)",1109,22.86
"PK range scan, 100 rows (warm)",1110,22.67
"PK range scan, 100 rows (warm)",1111,21.79
"PK range scan, 100 rows (warm)",1112,23.07
"PK range scan, 100 rows (warm)",1113,23.07
"PK range scan, 100 rows (warm)",1114,24.45
"PK range scan, 100 rows (warm)",1115,23.42
"PK range scan, 100 rows (warm)",1116,23.01
"PK range scan, 100 rows (warm)",1117,24.31
"PK range scan, 100 rows (warm)",1118,24.14
"PK range scan, 100 rows (warm)",1119,19.46
"PK range scan, 100 rows (warm)",1120,22.26
"PK range scan, 100 rows (warm)",1121,19.63
"PK range scan, 100 rows (warm)",1122,22.82
"PK range scan, 100 rows (warm)",1123,24.73
"PK range scan, 100 rows (warm)",1124,22.93
"PK range scan, 100 rows (warm)",1125,45.85
"PK range scan, 100 rows (warm)",1126,27.74
"PK range scan, 100 rows (warm)",1127,25.03
"PK range scan, 100 rows (warm)",1128,25.10
"PK range scan, 100 rows (warm)",1129,22.58
"PK range scan, 100 rows (warm)",1130,19.71
"PK range scan, 100 rows (warm)",1131,23.49
"PK range scan, 100 rows (warm)",1132,25.29
"PK range scan, 100 rows (warm)",1133,22.41
"PK range scan, 100 rows (warm)",1134,24.11
"PK range scan, 100 rows (warm)",1135,22.96
"PK range scan, 100 rows (warm)",1136,24.21
"PK range scan, 100 rows (warm)",1137,23.23
"PK range scan, 100 rows (warm)",1138,20.99
"PK range scan, 100 rows (warm)",1139,23.18
"PK range scan, 100 rows (warm)",1140,23.45
"PK range scan, 100 rows (warm)",1141,24.48
"PK range scan, 100 rows (warm)",1142,28.96
"PK range scan, 100 rows (warm)",1143,25.97
"PK range scan, 100 rows (warm)",1144,23.10
"PK range scan, 100 rows (warm)",1145,22.58
"PK range scan, 100 rows (warm)",1146,22.43
"PK range scan, 100 rows (warm)",1147,24.48
"PK range scan, 100 rows (warm)",1148,28.17
"PK range scan, 100 rows (warm)",1149,24.73
"PK range scan, 100 rows (warm)",1150,24.32
"PK range scan, 100 rows (warm)",1151,20.81
"PK range scan, 100 rows (warm)",1152,22.63
"PK range scan, 100 rows (warm)",1153,22.87
"PK range scan, 100 rows (warm)",1154,22.93
"PK range scan, 100 rows (warm)",1155,23.77
"PK range scan, 100 rows (warm)",1156,24.61
"PK range scan, 100 rows (warm)",1157,23.37
"PK range scan, 100 rows (warm)",1158,24.28
"PK range scan, 100 rows (warm)",1159,23.63
"PK range scan, 100 rows (warm)",1160,22.90
"PK range scan, 100 rows (warm)",1161,38.54
"PK range scan, 100 rows (warm)",1162,22.90
"PK range scan, 100 rows (warm)",1163,23.16
"PK range scan, 100 rows (warm)",1164,23.10
"PK range scan, 100 rows (warm)",1165,25.35
"PK range scan, 100 rows (warm)",1166,24.34
"PK range scan, 100 rows (warm)",1167,22.38
"PK range scan, 100 rows (warm)",1168,22.61
"PK range scan, 100 rows (warm)",1169,22.35
"PK range scan, 100 rows (warm)",1170,24.91
"PK range scan, 100 rows (warm)",1171,23.33
"PK range scan, 100 rows (warm)",1172,23.50
"PK range scan, 100 rows (warm)",1173,29.21
"PK range scan, 100 rows (warm)",1174,23.78
"PK range scan, 100 rows (warm)",1175,23.23
"PK range scan, 100 rows (warm)",1176,23.69
"PK range scan, 100 rows (warm)",1177,23.41
"PK range scan, 100 rows (warm)",1178,30.26
"PK range scan, 100 rows (warm)",1179,23.73
"PK range scan, 100 rows (warm)",1180,23.97
"PK range scan, 100 rows (warm)",1181,23.71
"PK range scan, 100 rows (warm)",1182,23.77
"PK range scan, 100 rows (warm)",1183,23.27
"PK range scan, 100 rows (warm)",1184,23.05
"PK range scan, 100 rows (warm)",1185,23.44
"PK range scan, 100 rows (warm)",1186,23.29
"PK range scan, 100 rows (warm)",1187,22.71
"PK range scan, 100 rows (warm)",1188,24.72
"PK range scan, 100 rows (warm)",1189,22.67
"PK range scan, 100 rows (warm)",1190,23.79
"PK range scan, 100 rows (warm)",1191,23.02
"PK range scan, 100 rows (warm)",1192,23.19
"PK range scan, 100 rows (warm)",1193,23.74
"PK range scan, 100 rows (warm)",1194,22.47
"PK range scan, 100 rows (warm)",1195,23.03
"PK range scan, 100 rows (warm)",1196,28.26
"PK range scan, 100 rows (warm)",1197,23.41
"PK range scan, 100 rows (warm)",1198,67.96
"PK range scan, 100 rows (warm)",1199,29.69
"PK range scan, 100 rows (warm)",1200,24.04
"PK range scan, 100 rows (warm)",1201,24.85
"PK range scan, 100 rows (warm)",1202,23.09
"PK range scan, 100 rows (warm)",1203,22.50
"PK range scan, 100 rows (warm)",1204,23.40
"PK range scan, 100 rows (warm)",1205,22.61
"PK range scan, 100 rows (warm)",1206,22.35
"PK range scan, 100 rows (warm)",1207,24.34
"PK range scan, 100 rows (warm)",1208,22.93
"PK range scan, 100 rows (warm)",1209,23.69
"PK range scan, 100 rows (warm)",1210,23.20
"PK range scan, 100 rows (warm)",1211,23.16
"PK range scan, 100 rows (warm)",1212,24.22
"PK range scan, 100 rows (warm)",1213,22.75
"PK range scan, 100 rows (warm)",1214,28.41
"PK range scan, 100 rows (warm)",1215,23.62
"PK range scan, 100 rows (warm)",1216,23.06
"PK range scan, 100 rows (warm)",1217,22.98
"PK range scan, 100 rows (warm)",1218,28.30
"PK range scan, 100 rows (warm)",1219,25.41
"PK range scan, 100 rows (warm)",1220,23.34
"PK range scan, 100 rows (warm)",1221,22.95
"PK range scan, 100 rows (warm)",1222,24.60
"PK range scan, 100 rows (warm)",1223,34.04
"PK range scan, 100 rows (warm)",1224,25.31
"PK range scan, 100 rows (warm)",1225,23.39
"PK range scan, 100 rows (warm)",1226,22.32
"PK range scan, 100 rows (warm)",1227,24.10
"PK range scan, 100 rows (warm)",1228,21.19
"PK range scan, 100 rows (warm)",1229,23.79
"PK range scan, 100 rows (warm)",1230,23.21
"PK range scan, 100 rows (warm)",1231,22.78
"PK range scan, 100 rows (warm)",1232,22.64
"PK range scan, 100 rows (warm)",1233,44.35
"PK range scan, 100 rows (warm)",1234,26.26
"PK range scan, 100 rows (warm)",1235,23.83
"PK range scan, 100 rows (warm)",1236,22.67
"PK range scan, 100 rows (warm)",1237,22.55
"PK range scan, 100 rows (warm)",1238,24.30
"PK range scan, 100 rows (warm)",1239,22.86
"PK range scan, 100 rows (warm)",1240,23.26
"PK range scan, 100 rows (warm)",1241,25.19
"PK range scan, 100 rows (warm)",1242,22.93
"PK range scan, 100 rows (warm)",1243,29.22
"PK range scan, 100 rows (warm)",1244,23.71
"PK range scan, 100 rows (warm)",1245,23.18
"PK range scan, 100 rows (warm)",1246,22.70
"PK range scan, 100 rows (warm)",1247,24.08
"PK range scan, 100 rows (warm)",1248,23.03
"PK range scan, 100 rows (warm)",1249,23.66
"PK range scan, 100 rows (warm)",1250,23.49
"PK range scan, 100 rows (warm)",1251,24.28
"PK range scan, 100 rows (warm)",1252,22.77
"PK range scan, 100 rows (warm)",1253,25.40
"PK range scan, 100 rows (warm)",1254,23.16
"PK range scan, 100 rows (warm)",1255,22.51
"PK range scan, 100 rows (warm)",1256,22.72
"PK range scan, 100 rows (warm)",1257,23.24
"PK range scan, 100 rows (warm)",1258,22.52
"PK range scan, 100 rows (warm)",1259,23.38
"PK range scan, 100 rows (warm)",1260,22.27
"PK range scan, 100 rows (warm)",1261,23.36
"PK range scan, 100 rows (warm)",1262,24.84
"PK range scan, 100 rows (warm)",1263,24.32
"PK range scan, 100 rows (warm)",1264,23.62
"PK range scan, 100 rows (warm)",1265,22.82
"PK range scan, 100 rows (warm)",1266,22.49
"PK range scan, 100 rows (warm)",1267,24.36
"PK range scan, 100 rows (warm)",1268,28.26
"PK range scan, 100 rows (warm)",1269,38.26
"PK range scan, 100 rows (warm)",1270,27.24
"PK range scan, 100 rows (warm)",1271,25.36
"PK range scan, 100 rows (warm)",1272,24.89
"PK range scan, 100 rows (warm)",1273,24.78
"PK range scan, 100 rows (warm)",1274,23.06
"PK range scan, 100 rows (warm)",1275,22.84
"PK range scan, 100 rows (warm)",1276,23.24
"PK range scan, 100 rows (warm)",1277,22.71
"PK range scan, 100 rows (warm)",1278,22.80
"PK range scan, 100 rows (warm)",1279,22.62
"PK range scan, 100 rows (warm)",1280,22.85
"PK range scan, 100 rows (warm)",1281,23.27
"PK range scan, 100 rows (warm)",1282,22.95
"PK range scan, 100 rows (warm)",1283,22.54
"PK range scan, 100 rows (warm)",1284,23.12
"PK range scan, 100 rows (warm)",1285,23.10
"PK range scan, 100 rows (warm)",1286,27.64
"PK range scan, 100 rows (warm)",1287,23.14
"PK range scan, 100 rows (warm)",1288,23.31
"PK range scan, 100 rows (warm)",1289,22.94
"PK range scan, 100 rows (warm)",1290,23.00
"PK range scan, 100 rows (warm)",1291,24.12
"PK range scan, 100 rows (warm)",1292,23.16
"PK range scan, 100 rows (warm)",1293,27.28
"PK range scan, 100 rows (warm)",1294,23.01
"PK range scan, 100 rows (warm)",1295,23.39
"PK range scan, 100 rows (warm)",1296,24.20
"PK range scan, 100 rows (warm)",1297,22.70
"PK range scan, 100 rows (warm)",1298,25.10
"PK range scan, 100 rows (warm)",1299,22.62
"PK range scan, 100 rows (warm)",1300,22.27
"PK range scan, 100 rows (warm)",1301,22.84
"PK range scan, 100 rows (warm)",1302,21.09
"PK range scan, 100 rows (warm)",1303,23.58
"PK range scan, 100 rows (warm)",1304,25.27
"PK range scan, 100 rows (warm)",1305,22.67
"PK range scan, 100 rows (warm)",1306,40.46
"PK range scan, 100 rows (warm)",1307,27.18
"PK range scan, 100 rows (warm)",1308,25.91
"PK range scan, 100 rows (warm)",1309,23.07
"PK range scan, 100 rows (warm)",1310,23.62
"PK range scan, 100 rows (warm)",1311,23.33
"PK range scan, 100 rows (warm)",1312,23.61
"PK range scan, 100 rows (warm)",1313,23.26
"PK range scan, 100 rows (warm)",1314,22.99
"PK range scan, 100 rows (warm)",1315,22.43
"PK range scan, 100 rows (warm)",1316,23.61
"PK range scan, 100 rows (warm)",1317,25.14
"PK range scan, 100 rows (warm)",1318,23.45
"PK range scan, 100 rows (warm)",1319,23.13
"PK range scan, 100 rows (warm)",1320,30.71
"PK range scan, 100 rows (warm)",1321,22.80
"PK range scan, 100 rows (warm)",1322,22.66
"PK range scan, 100 rows (warm)",1323,29.57
"PK range scan, 100 rows (warm)",1324,24.92
"PK range scan, 100 rows (warm)",1325,24.35
"PK range scan, 100 rows (warm)",1326,23.09
"PK range scan, 100 rows (warm)",1327,22.18
"PK range scan, 100 rows (warm)",1328,22.83
"PK range scan, 100 rows (warm)",1329,23.10
"PK range scan, 100 rows (warm)",1330,23.20
"PK range scan, 100 rows (warm)",1331,22.95
"PK range scan, 100 rows (warm)",1332,22.84
"PK range scan, 100 rows (warm)",1333,22.25
"PK range scan, 100 rows (warm)",1334,23.01
"PK range scan, 100 rows (warm)",1335,24.74
"PK range scan, 100 rows (warm)",1336,22.68
"PK range scan, 100 rows (warm)",1337,24.24
"PK range scan, 100 rows (warm)",1338,22.64
"PK range scan, 100 rows (warm)",1339,24.68
"PK range scan, 100 rows (warm)",1340,23.24
"PK range scan, 100 rows (warm)",1341,23.54
"PK range scan, 100 rows (warm)",1342,38.61
"PK range scan, 100 rows (warm)",1343,57.56
"PK range scan, 100 rows (warm)",1344,33.59
"PK range scan, 100 rows (warm)",1345,23.51
"PK range scan, 100 rows (warm)",1346,23.91
"PK range scan, 100 rows (warm)",1347,22.92
"PK range scan, 100 rows (warm)",1348,23.80
"PK range scan, 100 rows (warm)",1349,22.66
"PK range scan, 100 rows (warm)",1350,23.16
"PK range scan, 100 rows (warm)",1351,23.18
"PK range scan, 100 rows (warm)",1352,22.67
"PK range scan, 100 rows (warm)",1353,22.95
"PK range scan, 100 rows (warm)",1354,23.40
"PK range scan, 100 rows (warm)",1355,23.53
"PK range scan, 100 rows (warm)",1356,23.43
"PK range scan, 100 rows (warm)",1357,23.00
"PK range scan, 100 rows (warm)",1358,30.85
"PK range scan, 100 rows (warm)",1359,23.99
"PK range scan, 100 rows (warm)",1360,22.73
"PK range scan, 100 rows (warm)",1361,22.89
"PK range scan, 100 rows (warm)",1362,22.22
"PK range scan, 100 rows (warm)",1363,23.85
"PK range scan, 100 rows (warm)",1364,23.18
"PK range scan, 100 rows (warm)",1365,23.58
"PK range scan, 100 rows (warm)",1366,22.28
"PK range scan, 100 rows (warm)",1367,23.37
"PK range scan, 100 rows (warm)",1368,23.00
"PK range scan, 100 rows (warm)",1369,23.71
"PK range scan, 100 rows (warm)",1370,23.19
"PK range scan, 100 rows (warm)",1371,23.68
"PK range scan, 100 rows (warm)",1372,29.04
"PK range scan, 100 rows (warm)",1373,22.94
"PK range scan, 100 rows (warm)",1374,23.04
"PK range scan, 100 rows (warm)",1375,23.23
"PK range scan, 100 rows (warm)",1376,23.19
"PK range scan, 100 rows (warm)",1377,22.74
"PK range scan, 100 rows (warm)",1378,28.36
"PK range scan, 100 rows (warm)",1379,22.19
"PK range scan, 100 rows (warm)",1380,23.21
"PK range scan, 100 rows (warm)",1381,22.79
"PK range scan, 100 rows (warm)",1382,24.47
"PK range scan, 100 rows (warm)",1383,23.38
"PK range scan, 100 rows (warm)",1384,23.89
"PK range scan, 100 rows (warm)",1385,23.12
"PK range scan, 100 rows (warm)",1386,25.32
"PK range scan, 100 rows (warm)",1387,22.81
"PK range scan, 100 rows (warm)",1388,22.40
"PK range scan, 100 rows (warm)",1389,23.99
"PK range scan, 100 rows (warm)",1390,22.69
"PK range scan, 100 rows (warm)",1391,23.41
"PK range scan, 100 rows (warm)",1392,23.32
"PK range scan, 100 rows (warm)",1393,24.32
"PK range scan, 100 rows (warm)",1394,29.28
"PK range scan, 100 rows (warm)",1395,24.47
"PK range scan, 100 rows (warm)",1396,21.53
"PK range scan, 100 rows (warm)",1397,23.23
"PK range scan, 100 rows (warm)",1398,27.44
"PK range scan, 100 rows (warm)",1399,23.22
"PK range scan, 100 rows (warm)",1400,24.57
"PK range scan, 100 rows (warm)",1401,24.24
"PK range scan, 100 rows (warm)",1402,23.01
"PK range scan, 100 rows (warm)",1403,22.57
"PK range scan, 100 rows (warm)",1404,22.98
"PK range scan, 100 rows (warm)",1405,22.96
"PK range scan, 100 rows (warm)",1406,21.39
"PK range scan, 100 rows (warm)",1407,22.70
"PK range scan, 100 rows (warm)",1408,23.33
"PK range scan, 100 rows (warm)",1409,22.47
"PK range scan, 100 rows (warm)",1410,24.46
"PK range scan, 100 rows (warm)",1411,22.40
"PK range scan, 100 rows (warm)",1412,23.23
"PK range scan, 100 rows (warm)",1413,33.30
"PK range scan, 100 rows (warm)",1414,43.38
"PK range scan, 100 rows (warm)",1415,27.35
"PK range scan, 100 rows (warm)",1416,24.75
"PK range scan, 100 rows (warm)",1417,23.17
"PK range scan, 100 rows (warm)",1418,24.37
"PK range scan, 100 rows (warm)",1419,20.42
"PK range scan, 100 rows (warm)",1420,23.26
"PK range scan, 100 rows (warm)",1421,22.81
"PK range scan, 100 rows (warm)",1422,24.98
"PK range scan, 100 rows (warm)",1423,22.71
"PK range scan, 100 rows (warm)",1424,23.46
"PK range scan, 100 rows (warm)",1425,22.54
"PK range scan, 100 rows (warm)",1426,29.53
"PK range scan, 100 rows (warm)",1427,23.66
"PK range scan, 100 rows (warm)",1428,23.45
"PK range scan, 100 rows (warm)",1429,22.85
"PK range scan, 100 rows (warm)",1430,23.06
"PK range scan, 100 rows (warm)",1431,25.80
"PK range scan, 100 rows (warm)",1432,24.38
"PK range scan, 100 rows (warm)",1433,22.47
"PK range scan, 100 rows (warm)",1434,22.95
"PK range scan, 100 rows (warm)",1435,22.40
"PK range scan, 100 rows (warm)",1436,24.57
"PK range scan, 100 rows (warm)",1437,22.60
"PK range scan, 100 rows (warm)",1438,22.47
"PK range scan, 100 rows (warm)",1439,23.40
"PK range scan, 100 rows (warm)",1440,24.81
"PK range scan, 100 rows (warm)",1441,23.19
"PK range scan, 100 rows (warm)",1442,22.99
"PK range scan, 100 rows (warm)",1443,24.57
"PK range scan, 100 rows (warm)",1444,22.73
"PK range scan, 100 rows (warm)",1445,24.11
"PK range scan, 100 rows (warm)",1446,26.99
"PK range scan, 100 rows (warm)",1447,22.32
"PK range scan, 100 rows (warm)",1448,23.32
"PK range scan, 100 rows (warm)",1449,23.24
"PK range scan, 100 rows (warm)",1450,40.64
"PK range scan, 100 rows (warm)",1451,26.60
"PK range scan, 100 rows (warm)",1452,22.94
"PK range scan, 100 rows (warm)",1453,22.84
"PK range scan, 100 rows (warm)",1454,24.76
"PK range scan, 100 rows (warm)",1455,23.83
"PK range scan, 100 rows (warm)",1456,23.71
"PK range scan, 100 rows (warm)",1457,24.29
"PK range scan, 100 rows (warm)",1458,24.54
"PK range scan, 100 rows (warm)",1459,23.93
"PK range scan, 100 rows (warm)",1460,23.62
"PK range scan, 100 rows (warm)",1461,24.09
"PK range scan, 100 rows (warm)",1462,23.44
"PK range scan, 100 rows (warm)",1463,22.75
"PK range scan, 100 rows (warm)",1464,24.21
"PK range scan, 100 rows (warm)",1465,23.48
"PK range scan, 100 rows (warm)",1466,22.88
"PK range scan, 100 rows (warm)",1467,27.63
"PK range scan, 100 rows (warm)",1468,23.23
"PK range scan, 100 rows (warm)",1469,24.11
"PK range scan, 100 rows (warm)",1470,19.34
"PK range scan, 100 rows (warm)",1471,24.87
"PK range scan, 100 rows (warm)",1472,23.25
"PK range scan, 100 rows (warm)",1473,20.39
"PK range scan, 100 rows (warm)",1474,23.67
"PK range scan, 100 rows (warm)",1475,23.11
"PK range scan, 100 rows (warm)",1476,23.06
"PK range scan, 100 rows (warm)",1477,22.79
"PK range scan, 100 rows (warm)",1478,28.36
"PK range scan, 100 rows (warm)",1479,27.13
"PK range scan, 100 rows (warm)",1480,23.33
"PK range scan, 100 rows (warm)",1481,24.04
"PK range scan, 100 rows (warm)",1482,24.41
"PK range scan, 100 rows (warm)",1483,23.56
"PK range scan, 100 rows (warm)",1484,23.57
"PK range scan, 100 rows (warm)",1485,23.31
"PK range scan, 100 rows (warm)",1486,23.54
"PK range scan, 100 rows (warm)",1487,51.93
"PK range scan, 100 rows (warm)",1488,29.84
"PK range scan, 100 rows (warm)",1489,24.55
"PK range scan, 100 rows (warm)",1490,21.58
"PK range scan, 100 rows (warm)",1491,23.29
"PK range scan, 100 rows (warm)",1492,23.48
"PK range scan, 100 rows (warm)",1493,24.23
"PK range scan, 100 rows (warm)",1494,22.91
"PK range scan, 100 rows (warm)",1495,24.99
"PK range scan, 100 rows (warm)",1496,23.38
"PK range scan, 100 rows (warm)",1497,22.05
"PK range scan, 100 rows (warm)",1498,23.83
"PK range scan, 100 rows (warm)",1499,27.46
"PK range scan, 100 rows (warm)",1500,24.17
"PK range scan, 100 rows (warm)",1501,22.67
"PK range scan, 100 rows (warm)",1502,27.82
"PK range scan, 100 rows (warm)",1503,25.21
"PK range scan, 100 rows (warm)",1504,23.21
"PK range scan, 100 rows (warm)",1505,23.44
"PK range scan, 100 rows (warm)",1506,24.96
"PK range scan, 100 rows (warm)",1507,23.09
"PK range scan, 100 rows (warm)",1508,23.55
"PK range scan, 100 rows (warm)",1509,22.96
"PK range scan, 100 rows (warm)",1510,23.23
"PK range scan, 100 rows (warm)",1511,20.77
"PK range scan, 100 rows (warm)",1512,23.74
"PK range scan, 100 rows (warm)",1513,22.76
"PK range scan, 100 rows (warm)",1514,23.30
"PK range scan, 100 rows (warm)",1515,23.63
"PK range scan, 100 rows (warm)",1516,22.85
"PK range scan, 100 rows (warm)",1517,22.62
"PK range scan, 100 rows (warm)",1518,22.26
"PK range scan, 100 rows (warm)",1519,23.36
"PK range scan, 100 rows (warm)",1520,22.89
"PK range scan, 100 rows (warm)",1521,29.83
"PK range scan, 100 rows (warm)",1522,39.44
"PK range scan, 100 rows (warm)",1523,34.51
"PK range scan, 100 rows (warm)",1524,31.30
"PK range scan, 100 rows (warm)",1525,28.30
"PK range scan, 100 rows (warm)",1526,27.04
"PK range scan, 100 rows (warm)",1527,31.67
"PK range scan, 100 rows (warm)",1528,23.22
"PK range scan, 100 rows (warm)",1529,22.02
"PK range scan, 100 rows (warm)",1530,24.61
"PK range scan, 100 rows (warm)",1531,24.09
"PK range scan, 100 rows (warm)",1532,23.06
"PK range scan, 100 rows (warm)",1533,23.85
"PK range scan, 100 rows (warm)",1534,23.53
"PK range scan, 100 rows (warm)",1535,23.50
"PK range scan, 100 rows (warm)",1536,23.27
"PK range scan, 100 rows (warm)",1537,23.63
"PK range scan, 100 rows (warm)",1538,27.75
"PK range scan, 100 rows (warm)",1539,24.63
"PK range scan, 100 rows (warm)",1540,23.39
"PK range scan, 100 rows (warm)",1541,23.43
"PK range scan, 100 rows (warm)",1542,22.89
"PK range scan, 100 rows (warm)",1543,23.11
"PK range scan, 100 rows (warm)",1544,24.30
"PK range scan, 100 rows (warm)",1545,23.09
"PK range scan, 100 rows (warm)",1546,22.37
"PK range scan, 100 rows (warm)",1547,22.96
"PK range scan, 100 rows (warm)",1548,22.86
"PK range scan, 100 rows (warm)",1549,24.29
"PK range scan, 100 rows (warm)",1550,24.33
"PK range scan, 100 rows (warm)",1551,20.51
"PK range scan, 100 rows (warm)",1552,23.38
"PK range scan, 100 rows (warm)",1553,28.64
"PK range scan, 100 rows (warm)",1554,23.11
"PK range scan, 100 rows (warm)",1555,23.27
"PK range scan, 100 rows (warm)",1556,24.36
"PK range scan, 100 rows (warm)",1557,141.43
"PK range scan, 100 rows (warm)",1558,45.18
"PK range scan, 100 rows (warm)",1559,27.77
"PK range scan, 100 rows (warm)",1560,26.85
"PK range scan, 100 rows (warm)",1561,28.92
"PK range scan, 100 rows (warm)",1562,29.54
"PK range scan, 100 rows (warm)",1563,22.23
"PK range scan, 100 rows (warm)",1564,24.63
"PK range scan, 100 rows (warm)",1565,25.30
"PK range scan, 100 rows (warm)",1566,30.40
"PK range scan, 100 rows (warm)",1567,27.84
"PK range scan, 100 rows (warm)",1568,28.60
"PK range scan, 100 rows (warm)",1569,30.12
"PK range scan, 100 rows (warm)",1570,25.09
"PK range scan, 100 rows (warm)",1571,28.41
"PK range scan, 100 rows (warm)",1572,24.96
"PK range scan, 100 rows (warm)",1573,24.37
"PK range scan, 100 rows (warm)",1574,28.62
"PK range scan, 100 rows (warm)",1575,24.34
"PK range scan, 100 rows (warm)",1576,23.98
"PK range scan, 100 rows (warm)",1577,25.88
"PK range scan, 100 rows (warm)",1578,24.16
"PK range scan, 100 rows (warm)",1579,24.20
"PK range scan, 100 rows (warm)",1580,23.30
"PK range scan, 100 rows (warm)",1581,24.09
"PK range scan, 100 rows (warm)",1582,24.50
"PK range scan, 100 rows (warm)",1583,23.84
"PK range scan, 100 rows (warm)",1584,23.87
"PK range scan, 100 rows (warm)",1585,24.05
"PK range scan, 100 rows (warm)",1586,23.60
"PK range scan, 100 rows (warm)",1587,28.58
"PK range scan, 100 rows (warm)",1588,35.48
"PK range scan, 100 rows (warm)",1589,25.81
"PK range scan, 100 rows (warm)",1590,31.89
"PK range scan, 100 rows (warm)",1591,31.51
"PK range scan, 100 rows (warm)",1592,30.90
"PK range scan, 100 rows (warm)",1593,31.36
"PK range scan, 100 rows (warm)",1594,28.14
"PK range scan, 100 rows (warm)",1595,27.37
"PK range scan, 100 rows (warm)",1596,24.14
"PK range scan, 100 rows (warm)",1597,23.74
"PK range scan, 100 rows (warm)",1598,25.31
"PK range scan, 100 rows (warm)",1599,24.48
"PK range scan, 100 rows (warm)",1600,23.34
"PK range scan, 100 rows (warm)",1601,23.40
"PK range scan, 100 rows (warm)",1602,23.51
"PK range scan, 100 rows (warm)",1603,22.88
"PK range scan, 100 rows (warm)",1604,23.19
"PK range scan, 100 rows (warm)",1605,23.15
"PK range scan, 100 rows (warm)",1606,23.61
"PK range scan, 100 rows (warm)",1607,23.91
"PK range scan, 100 rows (warm)",1608,31.00
"PK range scan, 100 rows (warm)",1609,28.65
"PK range scan, 100 rows (warm)",1610,23.27
"PK range scan, 100 rows (warm)",1611,22.51
"PK range scan, 100 rows (warm)",1612,23.85
"PK range scan, 100 rows (warm)",1613,23.56
"PK range scan, 100 rows (warm)",1614,23.64
"PK range scan, 100 rows (warm)",1615,23.48
"PK range scan, 100 rows (warm)",1616,23.33
"PK range scan, 100 rows (warm)",1617,23.45
"PK range scan, 100 rows (warm)",1618,23.48
"PK range scan, 100 rows (warm)",1619,23.65
"PK range scan, 100 rows (warm)",1620,52.58
"PK range scan, 100 rows (warm)",1621,63.40
"PK range scan, 100 rows (warm)",1622,26.72
"PK range scan, 100 rows (warm)",1623,23.80
"PK range scan, 100 rows (warm)",1624,25.72
"PK range scan, 100 rows (warm)",1625,24.29
"PK range scan, 100 rows (warm)",1626,24.09
"PK range scan, 100 rows (warm)",1627,24.07
"PK range scan, 100 rows (warm)",1628,25.16
"PK range scan, 100 rows (warm)",1629,23.92
"PK range scan, 100 rows (warm)",1630,23.16
"PK range scan, 100 rows (warm)",1631,23.78
"PK range scan, 100 rows (warm)",1632,23.18
"PK range scan, 100 rows (warm)",1633,22.86
"PK range scan, 100 rows (warm)",1634,23.10
"PK range scan, 100 rows (warm)",1635,24.45
"PK range scan, 100 rows (warm)",1636,22.90
"PK range scan, 100 rows (warm)",1637,22.52
"PK range scan, 100 rows (warm)",1638,22.71
"PK range scan, 100 rows (warm)",1639,22.74
"PK range scan, 100 rows (warm)",1640,28.41
"PK range scan, 100 rows (warm)",1641,22.36
"PK range scan, 100 rows (warm)",1642,27.43
"PK range scan, 100 rows (warm)",1643,23.92
"PK range scan, 100 rows (warm)",1644,23.93
"PK range scan, 100 rows (warm)",1645,22.75
"PK range scan, 100 rows (warm)",1646,25.86
"PK range scan, 100 rows (warm)",1647,24.61
"PK range scan, 100 rows (warm)",1648,22.49
"PK range scan, 100 rows (warm)",1649,24.04
"PK range scan, 100 rows (warm)",1650,23.50
"PK range scan, 100 rows (warm)",1651,23.64
"PK range scan, 100 rows (warm)",1652,23.38
"PK range scan, 100 rows (warm)",1653,22.82
"PK range scan, 100 rows (warm)",1654,22.91
"PK range scan, 100 rows (warm)",1655,45.17
"PK range scan, 100 rows (warm)",1656,26.39
"PK range scan, 100 rows (warm)",1657,23.66
"PK range scan, 100 rows (warm)",1658,24.23
"PK range scan, 100 rows (warm)",1659,24.18
"PK range scan, 100 rows (warm)",1660,26.03
"PK range scan, 100 rows (warm)",1661,23.80
"PK range scan, 100 rows (warm)",1662,23.26
"PK range scan, 100 rows (warm)",1663,24.41
"PK range scan, 100 rows (warm)",1664,22.72
"PK range scan, 100 rows (warm)",1665,29.29
"PK range scan, 100 rows (warm)",1666,23.94
"PK range scan, 100 rows (warm)",1667,22.89
"PK range scan, 100 rows (warm)",1668,21.63
"PK range scan, 100 rows (warm)",1669,22.91
"PK range scan, 100 rows (warm)",1670,23.40
"PK range scan, 100 rows (warm)",1671,23.52
"PK range scan, 100 rows (warm)",1672,23.00
"PK range scan, 100 rows (warm)",1673,22.94
"PK range scan, 100 rows (warm)",1674,20.09
"PK range scan, 100 rows (warm)",1675,19.02
"PK range scan, 100 rows (warm)",1676,22.45
"PK range scan, 100 rows (warm)",1677,23.08
"PK range scan, 100 rows (warm)",1678,23.54
"PK range scan, 100 rows (warm)",1679,28.93
"PK range scan, 100 rows (warm)",1680,23.32
"PK range scan, 100 rows (warm)",1681,24.05
"PK range scan, 100 rows (warm)",1682,23.42
"PK range scan, 100 rows (warm)",1683,23.69
"PK range scan, 100 rows (warm)",1684,22.77
"PK range scan, 100 rows (warm)",1685,24.56
"PK range scan, 100 rows (warm)",1686,23.72
"PK range scan, 100 rows (warm)",1687,22.42
"PK range scan, 100 rows (warm)",1688,23.23
"PK range scan, 100 rows (warm)",1689,23.18
"PK range scan, 100 rows (warm)",1690,24.76
"PK range scan, 100 rows (warm)",1691,39.14
"PK range scan, 100 rows (warm)",1692,29.27
"PK range scan, 100 rows (warm)",1693,24.52
"PK range scan, 100 rows (warm)",1694,24.61
"PK range scan, 100 rows (warm)",1695,23.48
"PK range scan, 100 rows (warm)",1696,24.41
"PK range scan, 100 rows (warm)",1697,24.38
"PK range scan, 100 rows (warm)",1698,24.33
"PK range scan, 100 rows (warm)",1699,28.55
"PK range scan, 100 rows (warm)",1700,24.25
"PK range scan, 100 rows (warm)",1701,23.54
"PK range scan, 100 rows (warm)",1702,23.90
"PK range scan, 100 rows (warm)",1703,23.07
"PK range scan, 100 rows (warm)",1704,22.95
"PK range scan, 100 rows (warm)",1705,23.81
"PK range scan, 100 rows (warm)",1706,24.27
"PK range scan, 100 rows (warm)",1707,23.27
"PK range scan, 100 rows (warm)",1708,23.15
"PK range scan, 100 rows (warm)",1709,24.28
"PK range scan, 100 rows (warm)",1710,23.52
"PK range scan, 100 rows (warm)",1711,22.33
"PK range scan, 100 rows (warm)",1712,23.15
"PK range scan, 100 rows (warm)",1713,22.55
"PK range scan, 100 rows (warm)",1714,23.02
"PK range scan, 100 rows (warm)",1715,27.88
"PK range scan, 100 rows (warm)",1716,23.83
"PK range scan, 100 rows (warm)",1717,23.22
"PK range scan, 100 rows (warm)",1718,24.59
"PK range scan, 100 rows (warm)",1719,23.19
"PK range scan, 100 rows (warm)",1720,23.90
"PK range scan, 100 rows (warm)",1721,24.60
"PK range scan, 100 rows (warm)",1722,23.99
"PK range scan, 100 rows (warm)",1723,24.48
"PK range scan, 100 rows (warm)",1724,23.66
"PK range scan, 100 rows (warm)",1725,28.27
"PK range scan, 100 rows (warm)",1726,23.15
"PK range scan, 100 rows (warm)",1727,42.95
"PK range scan, 100 rows (warm)",1728,27.29
"PK range scan, 100 rows (warm)",1729,24.34
"PK range scan, 100 rows (warm)",1730,22.91
"PK range scan, 100 rows (warm)",1731,22.93
"PK range scan, 100 rows (warm)",1732,22.34
"PK range scan, 100 rows (warm)",1733,23.96
"PK range scan, 100 rows (warm)",1734,22.69
"PK range scan, 100 rows (warm)",1735,23.10
"PK range scan, 100 rows (warm)",1736,23.61
"PK range scan, 100 rows (warm)",1737,23.48
"PK range scan, 100 rows (warm)",1738,23.26
"PK range scan, 100 rows (warm)",1739,22.46
"PK range scan, 100 rows (warm)",1740,24.66
"PK range scan, 100 rows (warm)",1741,22.50
"PK range scan, 100 rows (warm)",1742,22.81
"PK range scan, 100 rows (warm)",1743,23.57
"PK range scan, 100 rows (warm)",1744,22.46
"PK range scan, 100 rows (warm)",1745,22.87
"PK range scan, 100 rows (warm)",1746,23.93
"PK range scan, 100 rows (warm)",1747,25.34
"PK range scan, 100 rows (warm)",1748,22.64
"PK range scan, 100 rows (warm)",1749,24.28
"PK range scan, 100 rows (warm)",1750,22.86
"PK range scan, 100 rows (warm)",1751,29.54
"PK range scan, 100 rows (warm)",1752,23.49
"PK range scan, 100 rows (warm)",1753,22.48
"PK range scan, 100 rows (warm)",1754,22.82
"PK range scan, 100 rows (warm)",1755,19.63
"PK range scan, 100 rows (warm)",1756,25.51
"PK range scan, 100 rows (warm)",1757,24.18
"PK range scan, 100 rows (warm)",1758,22.56
"PK range scan, 100 rows (warm)",1759,23.82
"PK range scan, 100 rows (warm)",1760,27.77
"PK range scan, 100 rows (warm)",1761,26.08
"PK range scan, 100 rows (warm)",1762,23.70
"PK range scan, 100 rows (warm)",1763,55.33
"PK range scan, 100 rows (warm)",1764,57.19
"PK range scan, 100 rows (warm)",1765,30.33
"PK range scan, 100 rows (warm)",1766,23.22
"PK range scan, 100 rows (warm)",1767,27.76
"PK range scan, 100 rows (warm)",1768,25.65
"PK range scan, 100 rows (warm)",1769,23.88
"PK range scan, 100 rows (warm)",1770,25.10
"PK range scan, 100 rows (warm)",1771,23.75
"PK range scan, 100 rows (warm)",1772,24.50
"PK range scan, 100 rows (warm)",1773,23.29
"PK range scan, 100 rows (warm)",1774,23.88
"PK range scan, 100 rows (warm)",1775,23.13
"PK range scan, 100 rows (warm)",1776,24.68
"PK range scan, 100 rows (warm)",1777,22.11
"PK range scan, 100 rows (warm)",1778,22.52
"PK range scan, 100 rows (warm)",1779,23.38
"PK range scan, 100 rows (warm)",1780,23.11
"PK range scan, 100 rows (warm)",1781,23.39
"PK range scan, 100 rows (warm)",1782,23.38
"PK range scan, 100 rows (warm)",1783,23.49
"PK range scan, 100 rows (warm)",1784,24.83
"PK range scan, 100 rows (warm)",1785,23.21
"PK range scan, 100 rows (warm)",1786,25.62
"PK range scan, 100 rows (warm)",1787,22.93
"PK range scan, 100 rows (warm)",1788,24.03
"PK range scan, 100 rows (warm)",1789,23.97
"PK range scan, 100 rows (warm)",1790,28.02
"PK range scan, 100 rows (warm)",1791,23.73
"PK range scan, 100 rows (warm)",1792,24.03
"PK range scan, 100 rows (warm)",1793,21.92
"PK range scan, 100 rows (warm)",1794,22.11
"PK range scan, 100 rows (warm)",1795,22.88
"PK range scan, 100 rows (warm)",1796,22.89
"PK range scan, 100 rows (warm)",1797,23.16
"PK range scan, 100 rows (warm)",1798,42.64
"PK range scan, 100 rows (warm)",1799,27.36
"PK range scan, 100 rows (warm)",1800,25.28
"PK range scan, 100 rows (warm)",1801,22.91
"PK range scan, 100 rows (warm)",1802,23.21
"PK range scan, 100 rows (warm)",1803,23.67
"PK range scan, 100 rows (warm)",1804,23.88
"PK range scan, 100 rows (warm)",1805,25.03
"PK range scan, 100 rows (warm)",1806,23.97
"PK range scan, 100 rows (warm)",1807,24.02
"PK range scan, 100 rows (warm)",1808,23.19
"PK range scan, 100 rows (warm)",1809,22.88
"PK range scan, 100 rows (warm)",1810,23.43
"PK range scan, 100 rows (warm)",1811,27.62
"PK range scan, 100 rows (warm)",1812,23.04
"PK range scan, 100 rows (warm)",1813,23.48
"PK range scan, 100 rows (warm)",1814,22.99
"PK range scan, 100 rows (warm)",1815,23.09
"PK range scan, 100 rows (warm)",1816,22.77
"PK range scan, 100 rows (warm)",1817,23.59
"PK range scan, 100 rows (warm)",1818,23.37
"PK range scan, 100 rows (warm)",1819,23.44
"PK range scan, 100 rows (warm)",1820,23.99
"PK range scan, 100 rows (warm)",1821,24.54
"PK range scan, 100 rows (warm)",1822,28.30
"PK range scan, 100 rows (warm)",1823,24.63
"PK range scan, 100 rows (warm)",1824,24.26
"PK range scan, 100 rows (warm)",1825,23.55
"PK range scan, 100 rows (warm)",1826,22.69
"PK range scan, 100 rows (warm)",1827,24.33
"PK range scan, 100 rows (warm)",1828,23.62
"PK range scan, 100 rows (warm)",1829,25.15
"PK range scan, 100 rows (warm)",1830,25.85
"PK range scan, 100 rows (warm)",1831,23.24
"PK range scan, 100 rows (warm)",1832,23.80
"PK range scan, 100 rows (warm)",1833,23.79
"PK range scan, 100 rows (warm)",1834,38.80
"PK range scan, 100 rows (warm)",1835,33.17
"PK range scan, 100 rows (warm)",1836,24.18
"PK range scan, 100 rows (warm)",1837,24.42
"PK range scan, 100 rows (warm)",1838,23.49
"PK range scan, 100 rows (warm)",1839,24.22
"PK range scan, 100 rows (warm)",1840,23.74
"PK range scan, 100 rows (warm)",1841,24.76
"PK range scan, 100 rows (warm)",1842,22.40
"PK range scan, 100 rows (warm)",1843,24.82
"PK range scan, 100 rows (warm)",1844,25.29
"PK range scan, 100 rows (warm)",1845,23.93
"PK range scan, 100 rows (warm)",1846,23.87
"PK range scan, 100 rows (warm)",1847,24.62
"PK range scan, 100 rows (warm)",1848,23.82
"PK range scan, 100 rows (warm)",1849,22.87
"PK range scan, 100 rows (warm)",1850,32.96
"PK range scan, 100 rows (warm)",1851,70.50
"PK range scan, 100 rows (warm)",1852,31.64
"PK range scan, 100 rows (warm)",1853,28.32
"PK range scan, 100 rows (warm)",1854,26.41
"PK range scan, 100 rows (warm)",1855,33.51
"PK range scan, 100 rows (warm)",1856,26.46
"PK range scan, 100 rows (warm)",1857,26.18
"PK range scan, 100 rows (warm)",1858,26.70
"PK range scan, 100 rows (warm)",1859,22.06
"PK range scan, 100 rows (warm)",1860,27.65
"PK range scan, 100 rows (warm)",1861,30.07
"PK range scan, 100 rows (warm)",1862,23.30
"PK range scan, 100 rows (warm)",1863,26.70
"PK range scan, 100 rows (warm)",1864,25.33
"PK range scan, 100 rows (warm)",1865,24.60
"PK range scan, 100 rows (warm)",1866,46.92
"PK range scan, 100 rows (warm)",1867,31.61
"PK range scan, 100 rows (warm)",1868,26.75
"PK range scan, 100 rows (warm)",1869,23.17
"PK range scan, 100 rows (warm)",1870,25.24
"PK range scan, 100 rows (warm)",1871,25.14
"PK range scan, 100 rows (warm)",1872,24.97
"PK range scan, 100 rows (warm)",1873,26.95
"PK range scan, 100 rows (warm)",1874,25.08
"PK range scan, 100 rows (warm)",1875,21.13
"PK range scan, 100 rows (warm)",1876,22.91
"PK range scan, 100 rows (warm)",1877,23.59
"PK range scan, 100 rows (warm)",1878,23.35
"PK range scan, 100 rows (warm)",1879,23.11
"PK range scan, 100 rows (warm)",1880,22.67
"PK range scan, 100 rows (warm)",1881,24.67
"PK range scan, 100 rows (warm)",1882,23.83
"PK range scan, 100 rows (warm)",1883,22.67
"PK range scan, 100 rows (warm)",1884,23.33
"PK range scan, 100 rows (warm)",1885,21.56
"PK range scan, 100 rows (warm)",1886,25.75
"PK range scan, 100 rows (warm)",1887,23.29
"PK range scan, 100 rows (warm)",1888,23.28
"PK range scan, 100 rows (warm)",1889,22.49
"PK range scan, 100 rows (warm)",1890,23.61
"PK range scan, 100 rows (warm)",1891,28.29
"PK range scan, 100 rows (warm)",1892,23.68
"PK range scan, 100 rows (warm)",1893,23.40
"PK range scan, 100 rows (warm)",1894,23.05
"PK range scan, 100 rows (warm)",1895,23.92
"PK range scan, 100 rows (warm)",1896,23.92
"PK range scan, 100 rows (warm)",1897,23.95
"PK range scan, 100 rows (warm)",1898,23.67
"PK range scan, 100 rows (warm)",1899,23.94
"PK range scan, 100 rows (warm)",1900,23.73
"PK range scan, 100 rows (warm)",1901,22.87
"PK range scan, 100 rows (warm)",1902,42.75
"PK range scan, 100 rows (warm)",1903,61.28
"PK range scan, 100 rows (warm)",1904,26.64
"PK range scan, 100 rows (warm)",1905,23.77
"PK range scan, 100 rows (warm)",1906,26.35
"PK range scan, 100 rows (warm)",1907,23.31
"PK range scan, 100 rows (warm)",1908,23.56
"PK range scan, 100 rows (warm)",1909,22.86
"PK range scan, 100 rows (warm)",1910,25.21
"PK range scan, 100 rows (warm)",1911,23.07
"PK range scan, 100 rows (warm)",1912,27.89
"PK range scan, 100 rows (warm)",1913,24.16
"PK range scan, 100 rows (warm)",1914,23.60
"PK range scan, 100 rows (warm)",1915,23.97
"PK range scan, 100 rows (warm)",1916,23.33
"PK range scan, 100 rows (warm)",1917,22.57
"PK range scan, 100 rows (warm)",1918,23.16
"PK range scan, 100 rows (warm)",1919,22.89
"PK range scan, 100 rows (warm)",1920,25.17
"PK range scan, 100 rows (warm)",1921,23.39
"PK range scan, 100 rows (warm)",1922,24.12
"PK range scan, 100 rows (warm)",1923,23.02
"PK range scan, 100 rows (warm)",1924,32.03
"PK range scan, 100 rows (warm)",1925,24.41
"PK range scan, 100 rows (warm)",1926,22.40
"PK range scan, 100 rows (warm)",1927,25.14
"PK range scan, 100 rows (warm)",1928,22.71
"PK range scan, 100 rows (warm)",1929,22.81
"PK range scan, 100 rows (warm)",1930,23.04
"PK range scan, 100 rows (warm)",1931,24.72
"PK range scan, 100 rows (warm)",1932,22.77
"PK range scan, 100 rows (warm)",1933,22.43
"PK range scan, 100 rows (warm)",1934,22.97
"PK range scan, 100 rows (warm)",1935,23.26
"PK range scan, 100 rows (warm)",1936,23.16
"PK range scan, 100 rows (warm)",1937,40.45
"PK range scan, 100 rows (warm)",1938,26.72
"PK range scan, 100 rows (warm)",1939,24.19
"PK range scan, 100 rows (warm)",1940,28.03
"PK range scan, 100 rows (warm)",1941,22.74
"PK range scan, 100 rows (warm)",1942,25.50
"PK range scan, 100 rows (warm)",1943,23.89
"PK range scan, 100 rows (warm)",1944,23.57
"PK range scan, 100 rows (warm)",1945,22.39
"PK range scan, 100 rows (warm)",1946,23.08
"PK range scan, 100 rows (warm)",1947,22.91
"PK range scan, 100 rows (warm)",1948,23.44
"PK range scan, 100 rows (warm)",1949,23.11
"PK range scan, 100 rows (warm)",1950,24.56
"PK range scan, 100 rows (warm)",1951,22.93
"PK range scan, 100 rows (warm)",1952,24.26
"PK range scan, 100 rows (warm)",1953,23.51
"PK range scan, 100 rows (warm)",1954,22.84
"PK range scan, 100 rows (warm)",1955,23.95
"PK range scan, 100 rows (warm)",1956,23.13
"PK range scan, 100 rows (warm)",1957,23.07
"PK range scan, 100 rows (warm)",1958,23.92
"PK range scan, 100 rows (warm)",1959,24.36
"PK range scan, 100 rows (warm)",1960,24.63
"PK range scan, 100 rows (warm)",1961,24.05
"PK range scan, 100 rows (warm)",1962,23.19
"PK range scan, 100 rows (warm)",1963,23.02
"PK range scan, 100 rows (warm)",1964,29.11
"PK range scan, 100 rows (warm)",1965,22.79
"PK range scan, 100 rows (warm)",1966,22.93
"PK range scan, 100 rows (warm)",1967,23.99
"PK range scan, 100 rows (warm)",1968,24.61
"PK range scan, 100 rows (warm)",1969,23.21
"PK range scan, 100 rows (warm)",1970,22.70
"PK range scan, 100 rows (warm)",1971,24.10
"PK range scan, 100 rows (warm)",1972,23.89
"PK range scan, 100 rows (warm)",1973,41.20
"PK range scan, 100 rows (warm)",1974,28.21
"PK range scan, 100 rows (warm)",1975,25.75
"PK range scan, 100 rows (warm)",1976,23.84
"PK range scan, 100 rows (warm)",1977,23.42
"PK range scan, 100 rows (warm)",1978,24.06
"PK range scan, 100 rows (warm)",1979,23.44
"PK range scan, 100 rows (warm)",1980,24.13
"PK range scan, 100 rows (warm)",1981,22.96
"PK range scan, 100 rows (warm)",1982,23.71
"PK range scan, 100 rows (warm)",1983,23.44
"PK range scan, 100 rows (warm)",1984,24.23
"PK range scan, 100 rows (warm)",1985,23.61
"PK range scan, 100 rows (warm)",1986,25.29
"PK range scan, 100 rows (warm)",1987,24.27
"PK range scan, 100 rows (warm)",1988,24.36
"PK range scan, 100 rows (warm)",1989,23.42
"PK range scan, 100 rows (warm)",1990,23.49
"PK range scan, 100 rows (warm)",1991,27.61
"PK range scan, 100 rows (warm)",1992,25.85
"PK range scan, 100 rows (warm)",1993,23.06
"PK range scan, 100 rows (warm)",1994,22.32
"PK range scan, 100 rows (warm)",1995,23.21
"PK range scan, 100 rows (warm)",1996,26.27
"PK range scan, 100 rows (warm)",1997,23.70
"PK range scan, 100 rows (warm)",1998,23.63
"PK range scan, 100 rows (warm)",1999,22.77
"Full scan, same lookup on unindexed k (warm)",0,53617.46
"Full scan, same lookup on unindexed k (warm)",1,55655.80
"Full scan, same lookup on unindexed k (warm)",2,51461.18
"Full scan, same lookup on unindexed k (warm)",3,69030.45
"Full scan, same lookup on unindexed k (warm)",4,67717.34
"Full scan, same lookup on unindexed k (warm)",5,53900.04
"Full scan, same lookup on unindexed k (warm)",6,57939.91
"Full scan, same lookup on unindexed k (warm)",7,53175.74
"Full scan, same lookup on unindexed k (warm)",8,52004.15
"Full scan, same lookup on unindexed k (warm)",9,51033.90
"Full scan, same lookup on unindexed k (warm)",10,51765.01
"Full scan, same lookup on unindexed k (warm)",11,53064.42
"Full scan, same lookup on unindexed k (warm)",12,51471.34
"Full scan, same lookup on unindexed k (warm)",13,50644.66
"Full scan, same lookup on unindexed k (warm)",14,54109.13
"Full scan, same lookup on unindexed k (warm)",15,50887.84
"Full scan, same lookup on unindexed k (warm)",16,54112.05
"Full scan, same lookup on unindexed k (warm)",17,66379.07
"Full scan, same lookup on unindexed k (warm)",18,52649.81
"Full scan, same lookup on unindexed k (warm)",19,50907.43
